timestamp,segment_id,Vol_clean
2012-09-10 09:30:00,72887,190
2012-09-10 09:45:00,72887,189
2012-09-10 10:00:00,72887,164
2012-09-10 10:15:00,72887,183
2012-09-10 10:30:00,72887,186
2012-09-10 10:45:00,72887,204
2012-09-10 11:00:00,72887,199
2012-09-10 11:15:00,72887,179
2012-09-10 11:30:00,72887,203
2012-09-10 11:45:00,72887,215
2012-09-10 12:00:00,72887,208
2012-09-10 12:15:00,72887,215
2012-09-10 12:30:00,72887,201
2012-09-10 12:45:00,72887,211
2012-09-10 13:00:00,72887,223
2012-09-10 13:15:00,72887,233
2012-09-10 13:30:00,72887,210
2012-09-10 13:45:00,72887,267
2012-09-10 14:00:00,72887,260
2012-09-10 14:15:00,72887,249
2012-09-10 14:30:00,72887,248
2012-09-10 14:45:00,72887,278
2012-09-10 15:00:00,72887,267
2012-09-10 15:15:00,72887,271
2012-09-10 15:30:00,72887,264
2012-09-10 15:45:00,72887,239
2012-09-10 16:00:00,72887,282
2012-09-10 16:15:00,72887,284
2012-09-10 16:30:00,72887,282
2012-09-10 16:45:00,72887,243
2012-09-10 17:00:00,72887,252
2012-09-10 17:15:00,72887,292
2012-09-10 17:30:00,72887,313
2012-09-10 17:45:00,72887,259
2012-09-10 18:00:00,72887,263
2012-09-10 18:15:00,72887,253
2012-09-10 18:30:00,72887,259
2012-09-10 18:45:00,72887,247
2012-09-10 19:00:00,72887,232
2012-09-10 19:15:00,72887,257
2012-09-10 19:30:00,72887,243
2012-09-10 19:45:00,72887,204
2012-09-10 20:00:00,72887,226
2012-09-10 20:15:00,72887,225
2012-09-10 20:30:00,72887,233
2012-09-10 20:45:00,72887,218
2012-09-10 21:00:00,72887,177
2012-09-10 21:15:00,72887,189
2012-09-10 21:30:00,72887,177
2012-09-10 21:45:00,72887,186
2012-09-10 22:00:00,72887,169
2012-09-10 22:15:00,72887,177
2012-09-10 22:30:00,72887,148
2012-09-10 22:45:00,72887,138
2012-09-10 23:00:00,72887,139
2012-09-10 23:15:00,72887,142
2012-09-10 23:30:00,72887,114
2012-09-10 23:45:00,72887,124
2012-09-11 00:00:00,72887,88
2012-09-11 00:15:00,72887,99
2012-09-11 00:30:00,72887,97
2012-09-11 00:45:00,72887,76
2012-09-11 01:00:00,72887,56
2012-09-11 01:15:00,72887,83
2012-09-11 01:30:00,72887,94
2012-09-11 01:45:00,72887,72
2012-09-11 02:00:00,72887,66
2012-09-11 02:15:00,72887,55
2012-09-11 02:30:00,72887,49
2012-09-11 02:45:00,72887,57
2012-09-11 03:00:00,72887,35
2012-09-11 03:15:00,72887,55
2012-09-11 03:30:00,72887,42
2012-09-11 03:45:00,72887,48
2012-09-11 04:00:00,72887,49
2012-09-11 04:15:00,72887,56
2012-09-11 04:30:00,72887,64
2012-09-11 04:45:00,72887,66
2012-09-11 05:00:00,72887,65
2012-09-11 05:15:00,72887,79
2012-09-11 05:30:00,72887,92
2012-09-11 05:45:00,72887,100
2012-09-11 06:00:00,72887,110
2012-09-11 06:15:00,72887,158
2012-09-11 06:30:00,72887,141
2012-09-11 06:45:00,72887,156
2012-09-11 07:00:00,72887,174
2012-09-11 07:15:00,72887,224
2012-09-11 07:30:00,72887,258
2012-09-11 07:45:00,72887,217
2012-09-11 08:00:00,72887,227
2012-09-11 08:15:00,72887,225
2012-09-11 08:30:00,72887,242
2012-09-11 08:45:00,72887,236
2012-09-11 09:00:00,72887,206
2012-09-11 09:15:00,72887,203
2012-09-11 09:30:00,72887,196
2012-09-11 09:45:00,72887,183
2012-09-11 10:00:00,72887,187
2012-09-11 10:15:00,72887,214
2012-09-11 10:30:00,72887,180
2012-09-11 10:45:00,72887,190
2012-09-11 11:00:00,72887,179
2012-09-11 11:15:00,72887,211
2012-09-11 11:30:00,72887,218
2012-09-11 11:45:00,72887,214
2012-09-11 12:00:00,72887,215
2012-09-11 12:15:00,72887,192
2012-09-11 12:30:00,72887,221
2012-09-11 12:45:00,72887,230
2012-09-11 13:00:00,72887,217
2012-09-11 13:15:00,72887,217
2012-09-11 13:30:00,72887,229
2012-09-11 13:45:00,72887,187
2012-09-11 14:00:00,72887,252
2012-09-11 14:15:00,72887,261
2012-09-11 14:30:00,72887,237
2012-09-11 14:45:00,72887,244
2012-09-11 15:00:00,72887,293
2012-09-11 15:15:00,72887,282
2012-09-11 15:30:00,72887,244
2012-09-11 15:45:00,72887,266
2012-09-11 16:00:00,72887,260
2012-09-11 16:15:00,72887,283
2012-09-11 16:30:00,72887,283
2012-09-11 16:45:00,72887,297
2012-09-11 17:00:00,72887,276
2012-09-11 17:15:00,72887,286
2012-09-11 17:30:00,72887,310
2012-09-11 17:45:00,72887,292
2012-09-11 18:00:00,72887,274
2012-09-11 18:15:00,72887,260
2012-09-11 18:30:00,72887,253
2012-09-11 18:45:00,72887,235
2012-09-11 19:00:00,72887,253
2012-09-11 19:15:00,72887,246
2012-09-11 19:30:00,72887,226
2012-09-11 19:45:00,72887,224
2012-09-11 20:00:00,72887,258
2012-09-11 20:15:00,72887,216
2012-09-11 20:30:00,72887,199
2012-09-11 20:45:00,72887,219
2012-09-11 21:00:00,72887,188
2012-09-11 21:15:00,72887,185
2012-09-11 21:30:00,72887,190
2012-09-11 21:45:00,72887,184
2012-09-11 22:00:00,72887,167
2012-09-11 22:15:00,72887,169
2012-09-11 22:30:00,72887,156
2012-09-11 22:45:00,72887,156
2012-09-11 23:00:00,72887,140
2012-09-11 23:15:00,72887,148
2012-09-11 23:30:00,72887,140
2012-09-11 23:45:00,72887,141
2012-09-12 00:00:00,72887,116
2012-09-12 00:15:00,72887,113
2012-09-12 00:30:00,72887,96
2012-09-12 00:45:00,72887,89
2012-09-12 01:00:00,72887,105
2012-09-12 01:15:00,72887,89
2012-09-12 01:30:00,72887,71
2012-09-12 01:45:00,72887,66
2012-09-12 02:00:00,72887,66
2012-09-12 02:15:00,72887,55
2012-09-12 02:30:00,72887,52
2012-09-12 02:45:00,72887,38
2012-09-12 03:00:00,72887,36
2012-09-12 03:15:00,72887,62
2012-09-12 03:30:00,72887,65
2012-09-12 03:45:00,72887,56
2012-09-12 04:00:00,72887,57
2012-09-12 04:15:00,72887,64
2012-09-12 04:30:00,72887,57
2012-09-12 04:45:00,72887,72
2012-09-12 05:00:00,72887,79
2012-09-12 05:15:00,72887,82
2012-09-12 05:30:00,72887,88
2012-09-12 05:45:00,72887,97
2012-09-12 06:00:00,72887,108
2012-09-12 06:15:00,72887,146
2012-09-12 06:30:00,72887,163
2012-09-12 06:45:00,72887,156
2012-09-12 07:00:00,72887,196
2012-09-12 07:15:00,72887,216
2012-09-12 07:30:00,72887,245
2012-09-12 07:45:00,72887,244
2012-09-12 08:00:00,72887,237
2012-09-12 08:15:00,72887,225
2012-09-12 08:30:00,72887,230
2012-09-12 08:45:00,72887,235
2012-09-12 09:00:00,72887,191
2012-09-12 09:15:00,72887,192
2012-09-12 09:30:00,72887,181
2012-09-12 09:45:00,72887,164
2012-09-12 10:00:00,72887,161
2012-09-12 10:15:00,72887,204
2012-09-12 10:30:00,72887,191
2012-09-12 10:45:00,72887,174
2012-09-12 11:00:00,72887,174
2012-09-12 11:15:00,72887,196
2012-09-12 11:30:00,72887,193
2012-09-12 11:45:00,72887,184
2012-09-12 12:00:00,72887,221
2012-09-12 12:15:00,72887,171
2012-09-12 12:30:00,72887,206
2012-09-12 12:45:00,72887,204
2012-09-12 13:00:00,72887,197
2012-09-12 13:15:00,72887,216
2012-09-12 13:30:00,72887,226
2012-09-12 13:45:00,72887,236
2012-09-12 14:00:00,72887,235
2012-09-12 14:15:00,72887,200
2012-09-12 14:30:00,72887,246
2012-09-12 14:45:00,72887,279
2012-09-12 15:00:00,72887,273
2012-09-12 15:15:00,72887,264
2012-09-12 15:30:00,72887,259
2012-09-12 15:45:00,72887,249
2012-09-12 16:00:00,72887,262
2012-09-12 16:15:00,72887,268
2012-09-12 16:30:00,72887,281
2012-09-12 16:45:00,72887,251
2012-09-12 17:00:00,72887,247
2012-09-12 17:15:00,72887,283
2012-09-12 17:30:00,72887,253
2012-09-12 17:45:00,72887,278
2012-09-12 18:00:00,72887,276
2012-09-12 18:15:00,72887,251
2012-09-12 18:30:00,72887,251
2012-09-12 18:45:00,72887,241
2012-09-12 19:00:00,72887,250
2012-09-12 19:15:00,72887,249
2012-09-12 19:30:00,72887,255
2012-09-12 19:45:00,72887,227
2012-09-12 20:00:00,72887,249
2012-09-12 20:15:00,72887,249
2012-09-12 20:30:00,72887,242
2012-09-12 20:45:00,72887,213
2012-09-12 21:00:00,72887,237
2012-09-12 21:15:00,72887,211
2012-09-12 21:30:00,72887,218
2012-09-12 21:45:00,72887,208
2012-09-12 22:00:00,72887,179
2012-09-12 22:15:00,72887,162
2012-09-12 22:30:00,72887,157
2012-09-12 22:45:00,72887,140
2012-09-12 23:00:00,72887,146
2012-09-12 23:15:00,72887,158
2012-09-12 23:30:00,72887,118
2012-09-12 23:45:00,72887,139
2012-09-13 00:00:00,72887,130
2012-09-13 00:15:00,72887,117
2012-09-13 00:30:00,72887,104
2012-09-13 00:45:00,72887,103
2012-09-13 01:00:00,72887,102
2012-09-13 01:15:00,72887,91
2012-09-13 01:30:00,72887,77
2012-09-13 01:45:00,72887,87
2012-09-13 02:00:00,72887,73
2012-09-13 02:15:00,72887,61
2012-09-13 02:30:00,72887,50
2012-09-13 02:45:00,72887,45
2012-09-13 03:00:00,72887,52
2012-09-13 03:15:00,72887,53
2012-09-13 03:30:00,72887,56
2012-09-13 03:45:00,72887,53
2012-09-13 04:00:00,72887,60
2012-09-13 04:15:00,72887,73
2012-09-13 04:30:00,72887,75
2012-09-13 04:45:00,72887,76
2012-09-13 05:00:00,72887,79
2012-09-13 05:15:00,72887,88
2012-09-13 05:30:00,72887,91
2012-09-13 05:45:00,72887,108
2012-09-13 06:00:00,72887,115
2012-09-13 06:15:00,72887,157
2012-09-13 06:30:00,72887,144
2012-09-13 06:45:00,72887,139
2012-09-13 07:00:00,72887,170
2012-09-13 07:15:00,72887,209
2012-09-13 07:30:00,72887,257
2012-09-13 07:45:00,72887,253
2012-09-13 08:00:00,72887,226
2012-09-13 08:15:00,72887,250
2012-09-13 08:30:00,72887,245
2012-09-13 08:45:00,72887,246
2012-09-13 09:00:00,72887,219
2012-09-13 09:15:00,72887,208
2012-09-13 09:30:00,72887,216
2012-09-13 09:45:00,72887,205
2012-09-13 10:00:00,72887,188
2012-09-13 10:15:00,72887,191
2012-09-13 10:30:00,72887,192
2012-09-13 10:45:00,72887,244
2012-09-13 11:00:00,72887,180
2012-09-13 11:15:00,72887,195
2012-09-13 11:30:00,72887,196
2012-09-13 11:45:00,72887,212
2012-09-13 12:00:00,72887,200
2012-09-13 12:15:00,72887,201
2012-09-13 12:30:00,72887,220
2012-09-13 12:45:00,72887,226
2012-09-13 13:00:00,72887,207
2012-09-13 13:15:00,72887,232
2012-09-13 13:30:00,72887,217
2012-09-13 13:45:00,72887,247
2012-09-13 14:00:00,72887,275
2012-09-13 14:15:00,72887,229
2012-09-13 14:30:00,72887,242
2012-09-13 14:45:00,72887,261
2012-09-13 15:00:00,72887,260
2012-09-13 15:15:00,72887,268
2012-09-13 15:30:00,72887,272
2012-09-13 15:45:00,72887,255
2012-09-13 16:00:00,72887,274
2012-09-13 16:15:00,72887,266
2012-09-13 16:30:00,72887,243
2012-09-13 16:45:00,72887,280
2012-09-13 17:00:00,72887,226
2012-09-13 17:15:00,72887,288
2012-09-13 17:30:00,72887,246
2012-09-13 17:45:00,72887,244
2012-09-13 18:00:00,72887,271
2012-09-13 18:15:00,72887,266
2012-09-13 18:30:00,72887,275
2012-09-13 18:45:00,72887,230
2012-09-13 19:00:00,72887,237
2012-09-13 19:15:00,72887,265
2012-09-13 19:30:00,72887,253
2012-09-13 19:45:00,72887,226
2012-09-13 20:00:00,72887,241
2012-09-13 20:15:00,72887,243
2012-09-13 20:30:00,72887,244
2012-09-13 20:45:00,72887,222
2012-09-13 21:00:00,72887,211
2012-09-13 21:15:00,72887,229
2012-09-13 21:30:00,72887,190
2012-09-13 21:45:00,72887,157
2012-09-13 22:00:00,72887,173
2012-09-13 22:15:00,72887,163
2012-09-13 22:30:00,72887,202
2012-09-13 22:45:00,72887,156
2012-09-13 23:00:00,72887,175
2012-09-13 23:15:00,72887,136
2012-09-13 23:30:00,72887,145
2012-09-13 23:45:00,72887,147
2012-09-14 00:00:00,72887,142
2012-09-14 00:15:00,72887,118
2012-09-14 00:30:00,72887,118
2012-09-14 00:45:00,72887,119
2012-09-14 01:00:00,72887,90
2012-09-14 01:15:00,72887,102
2012-09-14 01:30:00,72887,100
2012-09-14 01:45:00,72887,98
2012-09-14 02:00:00,72887,86
2012-09-14 02:15:00,72887,88
2012-09-14 02:30:00,72887,59
2012-09-14 02:45:00,72887,59
2012-09-14 03:00:00,72887,74
2012-09-14 03:15:00,72887,52
2012-09-14 03:30:00,72887,60
2012-09-14 03:45:00,72887,78
2012-09-14 04:00:00,72887,52
2012-09-14 04:15:00,72887,88
2012-09-14 04:30:00,72887,78
2012-09-14 04:45:00,72887,64
2012-09-14 05:00:00,72887,91
2012-09-14 05:15:00,72887,86
2012-09-14 05:30:00,72887,96
2012-09-14 05:45:00,72887,91
2012-09-14 06:00:00,72887,114
2012-09-14 06:15:00,72887,149
2012-09-14 06:30:00,72887,148
2012-09-14 06:45:00,72887,144
2012-09-14 07:00:00,72887,181
2012-09-14 07:15:00,72887,211
2012-09-14 07:30:00,72887,242
2012-09-14 07:45:00,72887,252
2012-09-14 08:00:00,72887,241
2012-09-14 08:15:00,72887,221
2012-09-14 08:30:00,72887,215
2012-09-14 08:45:00,72887,188
2012-09-14 09:00:00,72887,206
2012-09-14 09:15:00,72887,203
2012-09-14 09:30:00,72887,192
2012-09-14 09:45:00,72887,174
2012-09-14 10:00:00,72887,169
2012-09-14 10:15:00,72887,189
2012-09-14 10:30:00,72887,191
2012-09-14 10:45:00,72887,178
2012-09-14 11:00:00,72887,217
2012-09-14 11:15:00,72887,223
2012-09-14 11:30:00,72887,229
2012-09-14 11:45:00,72887,215
2012-09-14 12:00:00,72887,220
2012-09-14 12:15:00,72887,268
2012-09-14 12:30:00,72887,224
2012-09-14 12:45:00,72887,217
2012-09-14 13:00:00,72887,242
2012-09-14 13:15:00,72887,249
2012-09-14 13:30:00,72887,208
2012-09-14 13:45:00,72887,228
2012-09-14 14:00:00,72887,237
2012-09-14 14:15:00,72887,273
2012-09-14 14:30:00,72887,244
2012-09-14 14:45:00,72887,241
2012-09-14 15:00:00,72887,182
2012-09-14 15:15:00,72887,216
2012-09-14 15:30:00,72887,181
2012-09-14 15:45:00,72887,217
2012-09-14 16:00:00,72887,241
2012-09-14 16:15:00,72887,222
2012-09-14 16:30:00,72887,199
2012-09-14 16:45:00,72887,210
2012-09-14 17:00:00,72887,221
2012-09-14 17:15:00,72887,229
2012-09-14 17:30:00,72887,245
2012-09-14 17:45:00,72887,207
2012-09-14 18:00:00,72887,211
2012-09-14 18:15:00,72887,242
2012-09-14 18:30:00,72887,248
2012-09-14 18:45:00,72887,234
2012-09-14 19:00:00,72887,262
2012-09-14 19:15:00,72887,234
2012-09-14 19:30:00,72887,160
2012-09-14 19:45:00,72887,212
2012-09-14 20:00:00,72887,196
2012-09-14 20:15:00,72887,176
2012-09-14 20:30:00,72887,189
2012-09-14 20:45:00,72887,175
2012-09-14 21:00:00,72887,122
2012-09-14 21:15:00,72887,242
2012-09-14 21:30:00,72887,254
2012-09-14 21:45:00,72887,250
2012-09-14 22:00:00,72887,244
2012-09-14 22:15:00,72887,139
2012-09-14 22:30:00,72887,149
2012-09-14 22:45:00,72887,174
2012-09-14 23:00:00,72887,169
2012-09-14 23:15:00,72887,216
2012-09-14 23:30:00,72887,174
2012-09-14 23:45:00,72887,173
2012-09-15 00:00:00,72887,195
2012-09-15 00:15:00,72887,160
2012-09-15 00:30:00,72887,158
2012-09-15 00:45:00,72887,176
2012-09-15 01:00:00,72887,187
2012-09-15 01:15:00,72887,146
2012-09-15 01:30:00,72887,119
2012-09-15 01:45:00,72887,138
2012-09-15 02:00:00,72887,156
2012-09-15 02:15:00,72887,139
2012-09-15 02:30:00,72887,108
2012-09-15 02:45:00,72887,106
2012-09-15 03:00:00,72887,134
2012-09-15 03:15:00,72887,96
2012-09-15 03:30:00,72887,101
2012-09-15 03:45:00,72887,87
2012-09-15 04:00:00,72887,118
2012-09-15 04:15:00,72887,144
2012-09-15 04:30:00,72887,132
2012-09-15 04:45:00,72887,138
2012-09-15 05:00:00,72887,105
2012-09-15 05:15:00,72887,101
2012-09-15 05:30:00,72887,102
2012-09-15 05:45:00,72887,44
2012-09-15 06:00:00,72887,73
2012-09-15 06:15:00,72887,121
2012-09-15 06:30:00,72887,85
2012-09-15 06:45:00,72887,79
2012-09-15 07:00:00,72887,83
2012-09-15 07:15:00,72887,119
2012-09-15 07:30:00,72887,105
2012-09-15 07:45:00,72887,90
2012-09-15 08:00:00,72887,87
2012-09-15 08:15:00,72887,130
2012-09-15 08:30:00,72887,104
2012-09-15 08:45:00,72887,123
2012-09-15 09:00:00,72887,120
2012-09-15 09:15:00,72887,131
2012-09-15 09:30:00,72887,148
2012-09-15 09:45:00,72887,140
2012-09-15 10:00:00,72887,191
2012-09-15 10:15:00,72887,116
2012-09-15 10:30:00,72887,130
2012-09-15 10:45:00,72887,148
2012-09-15 11:00:00,72887,214
2012-09-15 11:15:00,72887,265
2012-09-15 11:30:00,72887,232
2012-09-15 11:45:00,72887,255
2012-09-15 12:00:00,72887,246
2012-09-15 12:15:00,72887,255
2012-09-15 12:30:00,72887,243
2012-09-15 12:45:00,72887,258
2012-09-15 13:00:00,72887,237
2012-09-15 13:15:00,72887,233
2012-09-15 13:30:00,72887,234
2012-09-15 13:45:00,72887,233
2012-09-15 14:00:00,72887,250
2012-09-15 14:15:00,72887,119
2012-09-15 14:30:00,72887,206
2012-09-15 14:45:00,72887,230
2012-09-15 15:00:00,72887,224
2012-09-15 15:15:00,72887,247
2012-09-15 15:30:00,72887,233
2012-09-15 15:45:00,72887,192
2012-09-15 16:00:00,72887,213
2012-09-15 16:15:00,72887,200
2012-09-15 16:30:00,72887,221
2012-09-15 16:45:00,72887,205
2012-09-15 17:00:00,72887,237
2012-09-15 17:15:00,72887,259
2012-09-15 17:30:00,72887,247
2012-09-15 17:45:00,72887,214
2012-09-15 18:00:00,72887,246
2012-09-15 18:15:00,72887,185
2012-09-15 18:30:00,72887,271
2012-09-15 18:45:00,72887,283
2012-09-15 19:00:00,72887,257
2012-09-15 19:15:00,72887,268
2012-09-15 19:30:00,72887,263
2012-09-15 19:45:00,72887,245
2012-09-15 20:00:00,72887,206
2012-09-15 20:15:00,72887,213
2012-09-15 20:30:00,72887,212
2012-09-15 20:45:00,72887,226
2012-09-15 21:00:00,72887,261
2012-09-15 21:15:00,72887,232
2012-09-15 21:30:00,72887,246
2012-09-15 21:45:00,72887,253
2012-09-15 22:00:00,72887,244
2012-09-15 22:15:00,72887,246
2012-09-15 22:30:00,72887,233
2012-09-15 22:45:00,72887,258
2012-09-15 23:00:00,72887,248
2012-09-15 23:15:00,72887,256
2012-09-15 23:30:00,72887,239
2012-09-15 23:45:00,72887,262
2012-09-16 00:00:00,72887,254
2012-09-16 00:15:00,72887,245
2012-09-16 00:30:00,72887,218
2012-09-16 00:45:00,72887,236
2012-09-16 01:00:00,72887,220
2012-09-16 01:15:00,72887,243
2012-09-16 01:30:00,72887,190
2012-09-16 01:45:00,72887,190
2012-09-16 02:00:00,72887,212
2012-09-16 02:15:00,72887,202
2012-09-16 02:30:00,72887,168
2012-09-16 02:45:00,72887,173
2012-09-16 03:00:00,72887,177
2012-09-16 03:15:00,72887,171
2012-09-16 03:30:00,72887,158
2012-09-16 03:45:00,72887,180
2012-09-16 04:00:00,72887,232
2012-09-16 04:15:00,72887,227
2012-09-16 04:30:00,72887,232
2012-09-16 04:45:00,72887,196
2012-09-16 05:00:00,72887,180
2012-09-16 05:15:00,72887,156
2012-09-16 05:30:00,72887,121
2012-09-16 05:45:00,72887,101
2012-09-16 06:00:00,72887,119
2012-09-16 06:15:00,72887,95
2012-09-16 06:30:00,72887,79
2012-09-16 06:45:00,72887,82
2012-09-16 07:00:00,72887,85
2012-09-16 07:15:00,72887,78
2012-09-16 07:30:00,72887,80
2012-09-16 07:45:00,72887,92
2012-09-16 08:00:00,72887,95
2012-09-16 08:15:00,72887,95
2012-09-16 08:30:00,72887,92
2012-09-16 08:45:00,72887,109
2012-09-16 09:00:00,72887,100
2012-09-16 09:15:00,72887,97
2012-09-16 09:30:00,72887,106
2012-09-16 09:45:00,72887,133
2012-09-16 10:00:00,72887,134
2012-09-16 10:15:00,72887,157
2012-09-16 10:30:00,72887,156
2012-09-16 10:45:00,72887,162
2012-09-16 11:00:00,72887,159
2012-09-16 11:15:00,72887,153
2012-09-16 11:30:00,72887,170
2012-09-16 11:45:00,72887,179
2012-09-16 12:00:00,72887,195
2012-09-16 12:15:00,72887,209
2012-09-16 12:30:00,72887,218
2012-09-16 12:45:00,72887,223
2012-09-16 13:00:00,72887,251
2012-09-16 13:15:00,72887,245
2012-09-16 13:30:00,72887,224
2012-09-16 13:45:00,72887,230
2012-09-16 14:00:00,72887,232
2012-09-16 14:15:00,72887,229
2012-09-16 14:30:00,72887,244
2012-09-16 14:45:00,72887,241
2012-09-16 15:00:00,72887,249
2012-09-16 15:15:00,72887,252
2012-09-16 15:30:00,72887,266
2012-09-16 15:45:00,72887,240
2012-09-16 16:00:00,72887,241
2012-09-16 16:15:00,72887,288
2012-09-16 16:30:00,72887,254
2012-09-16 16:45:00,72887,224
2012-09-16 17:00:00,72887,235
2012-09-16 17:15:00,72887,234
2012-09-16 17:30:00,72887,278
2012-09-16 17:45:00,72887,246
2012-09-16 18:00:00,72887,243
2012-09-16 18:15:00,72887,260
2012-09-16 18:30:00,72887,248
2012-09-16 18:45:00,72887,239
2012-09-16 19:00:00,72887,255
2012-09-16 19:15:00,72887,249
2012-09-16 19:30:00,72887,263
2012-09-16 19:45:00,72887,223
2012-09-16 20:00:00,72887,223
2012-09-16 20:15:00,72887,229
2012-09-16 20:30:00,72887,255
2012-09-16 20:45:00,72887,259
2012-09-16 21:00:00,72887,240
2012-09-16 21:15:00,72887,247
2012-09-16 21:30:00,72887,236
2012-09-16 21:45:00,72887,206
2012-09-16 22:00:00,72887,207
2012-09-16 22:15:00,72887,236
2012-09-16 22:30:00,72887,204
2012-09-16 22:45:00,72887,196
2012-09-16 23:00:00,72887,216
2012-09-16 23:15:00,72887,203
2012-09-16 23:30:00,72887,201
2012-09-16 23:45:00,72887,178
2012-09-17 00:00:00,72887,166
2012-09-17 00:15:00,72887,169
2012-09-17 00:30:00,72887,160
2012-09-17 00:45:00,72887,176
2012-09-17 01:00:00,72887,153
2012-09-17 01:15:00,72887,122
2012-09-17 01:30:00,72887,119
2012-09-17 01:45:00,72887,127
2012-09-17 02:00:00,72887,127
2012-09-17 02:15:00,72887,106
2012-09-17 02:30:00,72887,80
2012-09-17 02:45:00,72887,78
2012-09-17 03:00:00,72887,88
2012-09-17 03:15:00,72887,78
2012-09-17 03:30:00,72887,74
2012-09-17 03:45:00,72887,63
2012-09-17 04:00:00,72887,91
2012-09-17 04:15:00,72887,108
2012-09-17 04:30:00,72887,118
2012-09-17 04:45:00,72887,97
2012-09-17 05:00:00,72887,87
2012-09-17 05:15:00,72887,99
2012-09-17 05:30:00,72887,101
2012-09-17 05:45:00,72887,97
2012-09-17 06:00:00,72887,90
2012-09-17 06:15:00,72887,120
2012-09-17 06:30:00,72887,150
2012-09-17 06:45:00,72887,140
2012-09-17 07:00:00,72887,154
2012-09-17 07:15:00,72887,170
2012-09-17 07:30:00,72887,213
2012-09-17 07:45:00,72887,217
2012-09-17 08:00:00,72887,213
2012-09-17 08:15:00,72887,155
2012-09-17 08:30:00,72887,195
2012-09-17 08:45:00,72887,166
2012-09-17 09:00:00,72887,162
2012-09-17 09:15:00,72887,178
2012-09-17 09:30:00,72887,169
2012-09-17 09:45:00,72887,156
2012-09-17 10:00:00,72887,155
2012-09-17 10:15:00,72887,173
2012-09-17 10:30:00,72887,175
2012-09-17 10:45:00,72887,182
2012-09-17 11:00:00,72887,215
2012-09-17 11:15:00,72887,198
2012-09-17 11:30:00,72887,190
2012-09-17 11:45:00,72887,209
2012-09-17 12:00:00,72887,201
2012-09-17 12:15:00,72887,192
2012-09-17 12:30:00,72887,207
2012-09-17 12:45:00,72887,201
2012-09-17 13:00:00,72887,226
2012-09-17 13:15:00,72887,190
2012-09-17 13:30:00,72887,237
2012-09-17 13:45:00,72887,235
2012-09-17 14:00:00,72887,230
2012-09-17 14:15:00,72887,230
2012-09-17 14:30:00,72887,229
2012-09-17 14:45:00,72887,254
2012-09-17 15:00:00,72887,249
2012-09-17 15:15:00,72887,290
2012-09-17 15:30:00,72887,240
2012-09-17 15:45:00,72887,223
2012-09-17 16:00:00,72887,292
2012-09-17 16:15:00,72887,261
2012-09-17 16:30:00,72887,254
2012-09-17 16:45:00,72887,285
2012-09-17 17:00:00,72887,280
2012-09-17 17:15:00,72887,278
2012-09-17 17:30:00,72887,270
2012-09-17 17:45:00,72887,263
2012-09-17 18:00:00,72887,248
2012-09-17 18:15:00,72887,264
2012-09-17 18:30:00,72887,268
2012-09-17 18:45:00,72887,264
2012-09-17 19:00:00,72887,261
2012-09-17 19:15:00,72887,251
2012-09-17 19:30:00,72887,223
2012-09-17 19:45:00,72887,234
2012-09-17 20:00:00,72887,244
2012-09-17 20:15:00,72887,219
2012-09-17 20:30:00,72887,205
2012-09-17 20:45:00,72887,204
2012-09-17 21:00:00,72887,198
2012-09-17 21:15:00,72887,159
2012-09-17 21:30:00,72887,180
2012-09-17 21:45:00,72887,192
2012-09-17 22:00:00,72887,184
2012-09-17 22:15:00,72887,160
2012-09-17 22:30:00,72887,159
2012-09-17 22:45:00,72887,156
2012-09-17 23:00:00,72887,132
2012-09-17 23:15:00,72887,155
2012-09-17 23:30:00,72887,115
2012-09-17 23:45:00,72887,127
2012-09-18 00:00:00,72887,108
2012-09-18 00:15:00,72887,104
2012-09-18 00:30:00,72887,101
2012-09-18 00:45:00,72887,109
2012-09-18 01:00:00,72887,89
2012-09-18 01:15:00,72887,111
2012-09-18 01:30:00,72887,84
2012-09-18 01:45:00,72887,79
2012-09-18 02:00:00,72887,90
2012-09-18 02:15:00,72887,77
2012-09-18 02:30:00,72887,65
2012-09-18 02:45:00,72887,61
2012-09-18 03:00:00,72887,52
2012-09-18 03:15:00,72887,55
2012-09-18 03:30:00,72887,59
2012-09-18 03:45:00,72887,61
2012-09-18 04:00:00,72887,59
2012-09-18 04:15:00,72887,87
2012-09-18 04:30:00,72887,63
2012-09-18 04:45:00,72887,81
2012-09-18 05:00:00,72887,86
2012-09-18 05:15:00,72887,81
2012-09-18 05:30:00,72887,80
2012-09-18 05:45:00,72887,88
2012-09-18 06:00:00,72887,86
2012-09-18 06:15:00,72887,119
2012-09-18 06:30:00,72887,160
2012-09-18 06:45:00,72887,138
2012-09-18 07:00:00,72887,167
2012-09-18 07:15:00,72887,155
2012-09-18 07:30:00,72887,191
2012-09-18 07:45:00,72887,214
2012-09-18 08:00:00,72887,211
2012-09-18 08:15:00,72887,230
2012-09-18 08:30:00,72887,187
2012-09-18 08:45:00,72887,173
2012-09-18 09:00:00,72887,174
2012-09-18 09:15:00,72887,176
2012-09-18 09:30:00,72887,197
2012-09-18 09:45:00,72887,177
2012-09-18 10:00:00,72887,182
2012-09-18 10:15:00,72887,176
2012-09-18 10:30:00,72887,166
2012-09-18 10:45:00,72887,183
2012-09-18 11:00:00,72887,157
2012-09-18 11:15:00,72887,177
2012-09-18 11:30:00,72887,179
2012-09-18 11:45:00,72887,185
2012-09-18 12:00:00,72887,206
2012-09-18 12:15:00,72887,187
2012-09-18 12:30:00,72887,178
2012-09-18 12:45:00,72887,199
2012-09-18 13:00:00,72887,192
2012-09-18 13:15:00,72887,225
2012-09-18 13:30:00,72887,203
2012-09-18 13:45:00,72887,208
2012-09-18 14:00:00,72887,240
2012-09-18 14:15:00,72887,232
2012-09-18 14:30:00,72887,222
2012-09-18 14:45:00,72887,235
2012-09-18 15:00:00,72887,292
2012-09-18 15:15:00,72887,261
2012-09-18 15:30:00,72887,251
2012-09-18 15:45:00,72887,239
2012-09-18 16:00:00,72887,279
2012-09-18 16:15:00,72887,255
2012-09-18 16:30:00,72887,249
2012-09-18 16:45:00,72887,251
2012-09-18 17:00:00,72887,257
2012-09-18 17:15:00,72887,262
2012-09-18 17:30:00,72887,236
2012-09-18 17:45:00,72887,235
2012-09-18 18:00:00,72887,256
2012-09-18 18:15:00,72887,237
2012-09-18 18:30:00,72887,241
2012-09-18 18:45:00,72887,234
2012-09-18 19:00:00,72887,258
2012-09-18 19:15:00,72887,237
2012-09-18 19:30:00,72887,168
2012-09-18 19:45:00,72887,189
2012-09-18 20:00:00,72887,193
2012-09-18 20:15:00,72887,229
2012-09-18 20:30:00,72887,195
2012-09-18 20:45:00,72887,172
2012-09-18 21:00:00,72887,161
2012-09-18 21:15:00,72887,171
2012-09-18 21:30:00,72887,158
2012-09-18 21:45:00,72887,125
2012-09-18 22:00:00,72887,157
2012-09-18 22:15:00,72887,124
2012-09-18 22:30:00,72887,132
2012-09-18 22:45:00,72887,116
2012-09-18 23:00:00,72887,95
2012-09-18 23:15:00,72887,112
2012-09-18 23:30:00,72887,105
2012-09-18 23:45:00,72887,108
2012-09-19 00:00:00,72887,107
2012-09-19 00:15:00,72887,78
2012-09-19 00:30:00,72887,64
2012-09-19 00:45:00,72887,84
2012-09-19 01:00:00,72887,60
2012-09-19 01:15:00,72887,73
2012-09-19 01:30:00,72887,53
2012-09-19 01:45:00,72887,59
2012-09-19 02:00:00,72887,50
2012-09-19 02:15:00,72887,51
2012-09-19 02:30:00,72887,50
2012-09-19 02:45:00,72887,45
2012-09-19 03:00:00,72887,38
2012-09-19 03:15:00,72887,47
2012-09-19 03:30:00,72887,49
2012-09-19 03:45:00,72887,37
2012-09-19 04:00:00,72887,38
2012-09-19 04:15:00,72887,39
2012-09-19 04:30:00,72887,54
2012-09-19 04:45:00,72887,66
2012-09-19 05:00:00,72887,61
2012-09-19 05:15:00,72887,67
2012-09-19 05:30:00,72887,83
2012-09-19 05:45:00,72887,95
2012-09-19 06:00:00,72887,97
2012-09-19 06:15:00,72887,171
2012-09-19 06:30:00,72887,148
2012-09-19 06:45:00,72887,152
2012-09-19 07:00:00,72887,202
2012-09-19 07:15:00,72887,222
2012-09-19 07:30:00,72887,251
2012-09-19 07:45:00,72887,255
2012-09-19 08:00:00,72887,214
2012-09-19 08:15:00,72887,217
2012-09-19 08:30:00,72887,219
2012-09-19 08:45:00,72887,214
2012-09-19 09:00:00,72887,203
2012-09-19 09:15:00,72887,192
2012-09-19 09:30:00,72887,191
2012-09-19 09:45:00,72887,177
2012-09-19 10:00:00,72887,186
2012-09-19 10:15:00,72887,200
2012-09-19 10:30:00,72887,196
2012-09-19 10:45:00,72887,171
2012-09-19 11:00:00,72887,179
2012-09-19 11:15:00,72887,168
2012-09-19 11:30:00,72887,209
2012-09-19 11:45:00,72887,201
2012-09-19 12:00:00,72887,202
2012-09-19 12:15:00,72887,220
2012-09-19 12:30:00,72887,207
2012-09-19 12:45:00,72887,169
2012-09-19 13:00:00,72887,255
2012-09-19 13:15:00,72887,202
2012-09-19 13:30:00,72887,213
2012-09-19 13:45:00,72887,245
2012-09-19 14:00:00,72887,255
2012-09-19 14:15:00,72887,234
2012-09-19 14:30:00,72887,239
2012-09-19 14:45:00,72887,248
2012-09-19 15:00:00,72887,265
2012-09-19 15:15:00,72887,262
2012-09-19 15:30:00,72887,277
2012-09-19 15:45:00,72887,264
2012-09-19 16:00:00,72887,268
2012-09-19 16:15:00,72887,215
2012-09-19 16:30:00,72887,231
2012-09-19 16:45:00,72887,230
2012-09-19 17:00:00,72887,237
2012-09-19 17:15:00,72887,238
2012-09-19 17:30:00,72887,261
2012-09-19 17:45:00,72887,294
2012-09-19 18:00:00,72887,295
2012-09-19 18:15:00,72887,278
2012-09-19 18:30:00,72887,281
2012-09-19 18:45:00,72887,274
2012-09-19 19:00:00,72887,259
2012-09-19 19:15:00,72887,243
2012-09-19 19:30:00,72887,260
2012-09-19 19:45:00,72887,226
2012-09-19 20:00:00,72887,257
2012-09-19 20:15:00,72887,241
2012-09-19 20:30:00,72887,240
2012-09-19 20:45:00,72887,219
2012-09-19 21:00:00,72887,178
2012-09-19 21:15:00,72887,210
2012-09-19 21:30:00,72887,204
2012-09-19 21:45:00,72887,175
2012-09-19 22:00:00,72887,177
2012-09-19 22:15:00,72887,190
2012-09-19 22:30:00,72887,153
2012-09-19 22:45:00,72887,164
2012-09-19 23:00:00,72887,149
2012-09-19 23:15:00,72887,166
2012-09-19 23:30:00,72887,130
2012-09-19 23:45:00,72887,161
2012-09-20 00:00:00,72887,133
2012-09-20 00:15:00,72887,99
2012-09-20 00:30:00,72887,94
2012-09-20 00:45:00,72887,98
2012-09-20 01:00:00,72887,95
2012-09-20 01:15:00,72887,110
2012-09-20 01:30:00,72887,98
2012-09-20 01:45:00,72887,88
2012-09-20 02:00:00,72887,83
2012-09-20 02:15:00,72887,82
2012-09-20 02:30:00,72887,66
2012-09-20 02:45:00,72887,60
2012-09-20 03:00:00,72887,49
2012-09-20 03:15:00,72887,58
2012-09-20 03:30:00,72887,53
2012-09-20 03:45:00,72887,51
2012-09-20 04:00:00,72887,75
2012-09-20 04:15:00,72887,86
2012-09-20 04:30:00,72887,80
2012-09-20 04:45:00,72887,96
2012-09-20 05:00:00,72887,105
2012-09-20 05:15:00,72887,74
2012-09-20 05:30:00,72887,85
2012-09-20 05:45:00,72887,95
2012-09-20 06:00:00,72887,119
2012-09-20 06:15:00,72887,126
2012-09-20 06:30:00,72887,156
2012-09-20 06:45:00,72887,159
2012-09-20 07:00:00,72887,199
2012-09-20 07:15:00,72887,199
2012-09-20 07:30:00,72887,232
2012-09-20 07:45:00,72887,214
2012-09-20 08:00:00,72887,195
2012-09-20 08:15:00,72887,206
2012-09-20 08:30:00,72887,212
2012-09-20 08:45:00,72887,205
2012-09-20 09:00:00,72887,193
2012-09-20 09:15:00,72887,163
2012-09-20 09:30:00,72887,195
2012-09-20 09:45:00,72887,186
2012-09-20 10:00:00,72887,172
2012-09-20 10:15:00,72887,191
2012-09-20 10:30:00,72887,162
2012-09-20 10:45:00,72887,190
2012-09-20 11:00:00,72887,205
2012-09-20 11:15:00,72887,163
2012-09-20 11:30:00,72887,187
2012-09-20 11:45:00,72887,197
2012-09-20 12:00:00,72887,234
2012-09-20 12:15:00,72887,194
2012-09-20 12:30:00,72887,192
2012-09-20 12:45:00,72887,179
2012-09-20 13:00:00,72887,166
2012-09-20 13:15:00,72887,220
2012-09-20 13:30:00,72887,241
2012-09-20 13:45:00,72887,251
2012-09-20 14:00:00,72887,256
2012-09-20 14:15:00,72887,231
2012-09-20 14:30:00,72887,242
2012-09-20 14:45:00,72887,265
2012-09-20 15:00:00,72887,266
2012-09-20 15:15:00,72887,254
2012-09-20 15:30:00,72887,232
2012-09-20 15:45:00,72887,240
2012-09-20 16:00:00,72887,278
2012-09-20 16:15:00,72887,246
2012-09-20 16:30:00,72887,239
2012-09-20 16:45:00,72887,257
2012-09-20 17:00:00,72887,271
2012-09-20 17:15:00,72887,281
2012-09-20 17:30:00,72887,279
2012-09-20 17:45:00,72887,267
2012-09-20 18:00:00,72887,261
2012-09-20 18:15:00,72887,276
2012-09-20 18:30:00,72887,260
2012-09-20 18:45:00,72887,260
2012-09-20 19:00:00,72887,247
2012-09-20 19:15:00,72887,242
2012-09-20 19:30:00,72887,241
2012-09-20 19:45:00,72887,224
2012-09-20 20:00:00,72887,241
2012-09-20 20:15:00,72887,253
2012-09-20 20:30:00,72887,221
2012-09-20 20:45:00,72887,189
2012-09-20 21:00:00,72887,211
2012-09-20 21:15:00,72887,161
2012-09-20 21:30:00,72887,195
2012-09-20 21:45:00,72887,185
2012-09-20 22:00:00,72887,191
2012-09-20 22:15:00,72887,171
2012-09-20 22:30:00,72887,144
2012-09-20 22:45:00,72887,150
2012-09-20 23:00:00,72887,178
2012-09-20 23:15:00,72887,164
2012-09-20 23:30:00,72887,135
2012-09-20 23:45:00,72887,130
2012-09-21 00:00:00,72887,133
2012-09-21 00:15:00,72887,114
2012-09-21 00:30:00,72887,125
2012-09-21 00:45:00,72887,110
2012-09-21 01:00:00,72887,106
2012-09-21 01:15:00,72887,110
2012-09-21 01:30:00,72887,123
2012-09-21 01:45:00,72887,99
2012-09-21 02:00:00,72887,87
2012-09-21 02:15:00,72887,81
2012-09-21 02:30:00,72887,66
2012-09-21 02:45:00,72887,90
2012-09-21 03:00:00,72887,85
2012-09-21 03:15:00,72887,70
2012-09-21 03:30:00,72887,57
2012-09-21 03:45:00,72887,67
2012-09-21 04:00:00,72887,81
2012-09-21 04:15:00,72887,85
2012-09-21 04:30:00,72887,86
2012-09-21 04:45:00,72887,98
2012-09-21 05:00:00,72887,101
2012-09-21 05:15:00,72887,85
2012-09-21 05:30:00,72887,97
2012-09-21 05:45:00,72887,85
2012-09-21 06:00:00,72887,115
2012-09-21 06:15:00,72887,151
2012-09-21 06:30:00,72887,156
2012-09-21 06:45:00,72887,168
2012-09-21 07:00:00,72887,197
2012-09-21 07:15:00,72887,222
2012-09-21 07:30:00,72887,270
2012-09-21 07:45:00,72887,235
2012-09-21 08:00:00,72887,241
2012-09-21 08:15:00,72887,216
2012-09-21 08:30:00,72887,231
2012-09-21 08:45:00,72887,207
2012-09-21 09:00:00,72887,207
2012-09-21 09:15:00,72887,182
2012-09-21 09:30:00,72887,202
2012-09-21 09:45:00,72887,198
2012-09-21 10:00:00,72887,188
2012-09-21 10:15:00,72887,189
2012-09-21 10:30:00,72887,163
2012-09-21 10:45:00,72887,190
2012-09-21 11:00:00,72887,175
2012-09-21 11:15:00,72887,190
2012-09-21 11:30:00,72887,186
2012-09-21 11:45:00,72887,213
2012-09-21 12:00:00,72887,188
2012-09-21 12:15:00,72887,223
2012-09-21 12:30:00,72887,193
2012-09-21 12:45:00,72887,217
2012-09-21 13:00:00,72887,214
2012-09-21 13:15:00,72887,201
2012-09-21 13:30:00,72887,213
2012-09-21 13:45:00,72887,204
2012-09-21 14:00:00,72887,259
2012-09-21 14:15:00,72887,217
2012-09-21 14:30:00,72887,227
2012-09-21 14:45:00,72887,213
2012-09-21 15:00:00,72887,265
2012-09-21 15:15:00,72887,256
2012-09-21 15:30:00,72887,238
2012-09-21 15:45:00,72887,235
2012-09-21 16:00:00,72887,236
2012-09-21 16:15:00,72887,240
2012-09-21 16:30:00,72887,236
2012-09-21 16:45:00,72887,262
2012-09-21 17:00:00,72887,230
2012-09-21 17:15:00,72887,168
2012-09-21 17:30:00,72887,195
2012-09-21 17:45:00,72887,235
2012-09-21 18:00:00,72887,167
2012-09-21 18:15:00,72887,226
2012-09-21 18:30:00,72887,173
2012-09-21 18:45:00,72887,184
2012-09-21 19:00:00,72887,182
2012-09-21 19:15:00,72887,228
2012-09-21 19:30:00,72887,166
2012-09-21 19:45:00,72887,229
2012-09-21 20:00:00,72887,243
2012-09-21 20:15:00,72887,220
2012-09-21 20:30:00,72887,249
2012-09-21 20:45:00,72887,226
2012-09-21 21:00:00,72887,159
2012-09-21 21:15:00,72887,244
2012-09-21 21:30:00,72887,250
2012-09-21 21:45:00,72887,211
2012-09-21 22:00:00,72887,229
2012-09-21 22:15:00,72887,249
2012-09-21 22:30:00,72887,223
2012-09-21 22:45:00,72887,205
2012-09-21 23:00:00,72887,235
2012-09-21 23:15:00,72887,255
2012-09-21 23:30:00,72887,207
2012-09-21 23:45:00,72887,191
2012-09-22 00:00:00,72887,243
2012-09-22 00:15:00,72887,210
2012-09-22 00:30:00,72887,162
2012-09-22 00:45:00,72887,170
2012-09-22 01:00:00,72887,194
2012-09-22 01:15:00,72887,179
2012-09-22 01:30:00,72887,179
2012-09-22 01:45:00,72887,130
2012-09-22 02:00:00,72887,172
2012-09-22 02:15:00,72887,159
2012-09-22 02:30:00,72887,152
2012-09-22 02:45:00,72887,164
2012-09-22 03:00:00,72887,121
2012-09-22 03:15:00,72887,144
2012-09-22 03:30:00,72887,139
2012-09-22 03:45:00,72887,162
2012-09-22 04:00:00,72887,186
2012-09-22 04:15:00,72887,210
2012-09-22 04:30:00,72887,140
2012-09-22 04:45:00,72887,173
2012-09-22 05:00:00,72887,168
2012-09-22 05:15:00,72887,118
2012-09-22 05:30:00,72887,119
2012-09-22 05:45:00,72887,118
2012-09-22 06:00:00,72887,104
2012-09-22 06:15:00,72887,114
2012-09-22 06:30:00,72887,111
2012-09-22 06:45:00,72887,103
2012-09-22 07:00:00,72887,90
2012-09-22 07:15:00,72887,106
2012-09-22 07:30:00,72887,107
2012-09-22 07:45:00,72887,114
2012-09-22 08:00:00,72887,113
2012-09-22 08:15:00,72887,86
2012-09-22 08:30:00,72887,119
2012-09-22 08:45:00,72887,138
2012-09-22 09:00:00,72887,151
2012-09-22 09:15:00,72887,145
2012-09-22 09:30:00,72887,172
2012-09-22 09:45:00,72887,152
2012-09-22 10:00:00,72887,158
2012-09-22 10:15:00,72887,190
2012-09-22 10:30:00,72887,140
2012-09-22 10:45:00,72887,226
2012-09-22 11:00:00,72887,193
2012-09-22 11:15:00,72887,206
2012-09-22 11:30:00,72887,217
2012-09-22 11:45:00,72887,234
2012-09-22 12:00:00,72887,240
2012-09-22 12:15:00,72887,242
2012-09-22 12:30:00,72887,231
2012-09-22 12:45:00,72887,243
2012-09-22 13:00:00,72887,241
2012-09-22 13:15:00,72887,219
2012-09-22 13:30:00,72887,261
2012-09-22 13:45:00,72887,244
2012-09-22 14:00:00,72887,263
2012-09-22 14:15:00,72887,247
2012-09-22 14:30:00,72887,201
2012-09-22 14:45:00,72887,262
2012-09-22 15:00:00,72887,215
2012-09-22 15:15:00,72887,233
2012-09-22 15:30:00,72887,240
2012-09-22 15:45:00,72887,254
2012-09-22 16:00:00,72887,234
2012-09-22 16:15:00,72887,230
2012-09-22 16:30:00,72887,261
2012-09-22 16:45:00,72887,209
2012-09-22 17:00:00,72887,222
2012-09-22 17:15:00,72887,160
2012-09-22 17:30:00,72887,168
2012-09-22 17:45:00,72887,163
2012-09-22 18:00:00,72887,196
2012-09-22 18:15:00,72887,222
2012-09-22 18:30:00,72887,185
2012-09-22 18:45:00,72887,173
2012-09-22 19:00:00,72887,223
2012-09-22 19:15:00,72887,195
2012-09-22 19:30:00,72887,193
2012-09-22 19:45:00,72887,179
2012-09-22 20:00:00,72887,237
2012-09-22 20:15:00,72887,246
2012-09-22 20:30:00,72887,261
2012-09-22 20:45:00,72887,269
2012-09-22 21:00:00,72887,268
2012-09-22 21:15:00,72887,241
2012-09-22 21:30:00,72887,255
2012-09-22 21:45:00,72887,251
2012-09-22 22:00:00,72887,241
2012-09-22 22:15:00,72887,240
2012-09-22 22:30:00,72887,244
2012-09-22 22:45:00,72887,265
2012-09-22 23:00:00,72887,222
2012-09-22 23:15:00,72887,236
2012-09-22 23:30:00,72887,209
2012-09-22 23:45:00,72887,226
2012-09-23 00:00:00,72887,219
2012-09-23 00:15:00,72887,216
2012-09-23 00:30:00,72887,234
2012-09-23 00:45:00,72887,207
2012-09-23 01:00:00,72887,194
2012-09-23 01:15:00,72887,214
2012-09-23 01:30:00,72887,183
2012-09-23 01:45:00,72887,154
2012-09-23 02:00:00,72887,173
2012-09-23 02:15:00,72887,149
2012-09-23 02:30:00,72887,105
2012-09-23 02:45:00,72887,144
2012-09-23 03:00:00,72887,134
2012-09-23 03:15:00,72887,171
2012-09-23 03:30:00,72887,146
2012-09-23 03:45:00,72887,129
2012-09-23 04:00:00,72887,164
2012-09-23 04:15:00,72887,198
2012-09-23 04:30:00,72887,165
2012-09-23 04:45:00,72887,192
2012-09-23 05:00:00,72887,184
2012-09-23 05:15:00,72887,148
2012-09-23 05:30:00,72887,135
2012-09-23 05:45:00,72887,101
2012-09-23 06:00:00,72887,92
2012-09-23 06:15:00,72887,94
2012-09-23 06:30:00,72887,90
2012-09-23 06:45:00,72887,88
2012-09-23 07:00:00,72887,69
2012-09-23 07:15:00,72887,71
2012-09-23 07:30:00,72887,75
2012-09-23 07:45:00,72887,88
2012-09-23 08:00:00,72887,45
2012-09-23 08:15:00,72887,70
2012-09-23 08:30:00,72887,86
2012-09-23 08:45:00,72887,84
2012-09-23 09:00:00,72887,67
2012-09-23 09:15:00,72887,95
2012-09-23 09:30:00,72887,46
2012-09-23 09:45:00,72887,68
2012-09-23 10:00:00,72887,96
2012-09-23 10:15:00,72887,106
2012-09-23 10:30:00,72887,155
2012-09-23 10:45:00,72887,134
2012-09-23 11:00:00,72887,116
2012-09-23 11:15:00,72887,138
2012-09-23 11:30:00,72887,155
2012-09-23 11:45:00,72887,120
2012-09-23 12:00:00,72887,133
2012-09-23 12:15:00,72887,145
2012-09-23 12:30:00,72887,189
2012-09-23 12:45:00,72887,207
2012-09-23 13:00:00,72887,181
2012-09-23 13:15:00,72887,206
2012-09-23 13:30:00,72887,218
2012-09-23 13:45:00,72887,189
2012-09-23 14:00:00,72887,195
2012-09-23 14:15:00,72887,179
2012-09-23 14:30:00,72887,230
2012-09-23 14:45:00,72887,180
2012-09-23 15:00:00,72887,163
2012-09-23 15:15:00,72887,219
2012-09-23 15:30:00,72887,221
2012-09-23 15:45:00,72887,213
2012-09-23 16:00:00,72887,213
2012-09-23 16:15:00,72887,229
2012-09-23 16:30:00,72887,185
2012-09-23 16:45:00,72887,217
2012-09-23 17:00:00,72887,234
2012-09-23 17:15:00,72887,216
2012-09-23 17:30:00,72887,243
2012-09-23 17:45:00,72887,233
2012-09-23 18:00:00,72887,260
2012-09-23 18:15:00,72887,245
2012-09-23 18:30:00,72887,244
2012-09-23 18:45:00,72887,242
2012-09-23 19:00:00,72887,268
2012-09-23 19:15:00,72887,253
2012-09-23 19:30:00,72887,256
2012-09-23 19:45:00,72887,243
2012-09-23 20:00:00,72887,242
2012-09-23 20:15:00,72887,221
2012-09-23 20:30:00,72887,238
2012-09-23 20:45:00,72887,247
2012-09-23 21:00:00,72887,245
2012-09-23 21:15:00,72887,192
2012-09-23 21:30:00,72887,242
2012-09-23 21:45:00,72887,215
2012-09-23 22:00:00,72887,229
2012-09-23 22:15:00,72887,205
2012-09-23 22:30:00,72887,211
2012-09-23 22:45:00,72887,176
2012-09-23 23:00:00,72887,184
2012-09-23 23:15:00,72887,165
2012-09-23 23:30:00,72887,169
2012-09-23 23:45:00,72887,167
2012-09-24 00:00:00,72887,119
2012-09-24 00:15:00,72887,149
2012-09-24 00:30:00,72887,134
2012-09-24 00:45:00,72887,119
2012-09-24 01:00:00,72887,127
2012-09-24 01:15:00,72887,96
2012-09-24 01:30:00,72887,93
2012-09-24 01:45:00,72887,105
2012-09-24 02:00:00,72887,88
2012-09-24 02:15:00,72887,86
2012-09-24 02:30:00,72887,97
2012-09-24 02:45:00,72887,78
2012-09-24 03:00:00,72887,75
2012-09-24 03:15:00,72887,66
2012-09-24 03:30:00,72887,67
2012-09-24 03:45:00,72887,70
2012-09-24 04:00:00,72887,85
2012-09-24 04:15:00,72887,114
2012-09-24 04:30:00,72887,121
2012-09-24 04:45:00,72887,119
2012-09-24 05:00:00,72887,105
2012-09-24 05:15:00,72887,82
2012-09-24 05:30:00,72887,103
2012-09-24 05:45:00,72887,100
2012-09-24 06:00:00,72887,79
2012-09-24 06:15:00,72887,109
2012-09-24 06:30:00,72887,151
2012-09-24 06:45:00,72887,156
2012-09-24 07:00:00,72887,182
2012-09-24 07:15:00,72887,164
2012-09-24 07:30:00,72887,177
2012-09-24 07:45:00,72887,236
2012-09-24 08:00:00,72887,221
2012-09-24 08:15:00,72887,185
2012-09-24 08:30:00,72887,148
2012-09-24 08:45:00,72887,160
2012-09-24 09:00:00,72887,196
2012-09-24 09:15:00,72887,157
2012-09-24 09:30:00,72887,152
2012-09-24 09:45:00,72887,137
2012-09-24 10:00:00,72887,99
2012-09-24 10:15:00,72887,130
2012-09-24 10:30:00,72887,184
2012-09-24 10:45:00,72887,136
2012-09-24 11:00:00,72887,139
2012-09-24 11:15:00,72887,168
2012-09-24 11:30:00,72887,146
2012-09-24 11:45:00,72887,148
2012-09-24 12:00:00,72887,149
2012-09-24 12:15:00,72887,129
2012-09-24 12:30:00,72887,183
2012-09-24 12:45:00,72887,178
2012-09-24 13:00:00,72887,164
2012-09-24 13:15:00,72887,162
2012-09-24 13:30:00,72887,169
2012-09-24 13:45:00,72887,192
2012-09-24 14:00:00,72887,148
2012-09-24 14:15:00,72887,186
2012-09-24 14:30:00,72887,193
2012-09-24 14:45:00,72887,153
2012-09-24 15:00:00,72887,16
2012-09-24 15:15:00,72887,22
2012-09-24 15:30:00,72887,130
2012-09-24 15:45:00,72887,193
2012-09-24 16:00:00,72887,172
2012-09-24 16:15:00,72887,218
2012-09-24 16:30:00,72887,185
2012-09-24 16:45:00,72887,176
2012-09-24 17:00:00,72887,267
2012-09-24 17:15:00,72887,226
2012-09-24 17:30:00,72887,185
2012-09-24 17:45:00,72887,148
2012-09-24 18:00:00,72887,224
2012-09-24 18:15:00,72887,220
2012-09-24 18:30:00,72887,175
2012-09-24 18:45:00,72887,182
2012-09-24 19:00:00,72887,258
2012-09-24 19:15:00,72887,214
2012-09-24 19:30:00,72887,166
2012-09-24 19:45:00,72887,219
2012-09-24 20:00:00,72887,188
2012-09-24 20:15:00,72887,202
2012-09-24 20:30:00,72887,203
2012-09-24 20:45:00,72887,194
2012-09-24 21:00:00,72887,185
2012-09-24 21:15:00,72887,174
2012-09-24 21:30:00,72887,183
2012-09-24 21:45:00,72887,138
2012-09-24 22:00:00,72887,161
2012-09-24 22:15:00,72887,157
2012-09-24 22:30:00,72887,130
2012-09-24 22:45:00,72887,126
2012-09-24 23:00:00,72887,142
2012-09-24 23:15:00,72887,112
2012-09-24 23:30:00,72887,139
2012-09-24 23:45:00,72887,112
2012-09-25 00:00:00,72887,104
2012-09-25 00:15:00,72887,84
2012-09-25 00:30:00,72887,81
2012-09-25 00:45:00,72887,79
2012-09-25 01:00:00,72887,52
2012-09-25 01:15:00,72887,83
2012-09-25 01:30:00,72887,66
2012-09-25 01:45:00,72887,69
2012-09-25 02:00:00,72887,61
2012-09-25 02:15:00,72887,57
2012-09-25 02:30:00,72887,55
2012-09-25 02:45:00,72887,47
2012-09-25 03:00:00,72887,36
2012-09-25 03:15:00,72887,41
2012-09-25 03:30:00,72887,49
2012-09-25 03:45:00,72887,40
2012-09-25 04:00:00,72887,53
2012-09-25 04:15:00,72887,54
2012-09-25 04:30:00,72887,61
2012-09-25 04:45:00,72887,61
2012-09-25 05:00:00,72887,56
2012-09-25 05:15:00,72887,56
2012-09-25 05:30:00,72887,67
2012-09-25 05:45:00,72887,70
2012-09-25 06:00:00,72887,83
2012-09-25 06:15:00,72887,123
2012-09-25 06:30:00,72887,116
2012-09-25 06:45:00,72887,120
2012-09-25 07:00:00,72887,155
2012-09-25 07:15:00,72887,194
2012-09-25 07:30:00,72887,208
2012-09-25 07:45:00,72887,109
2012-09-25 08:00:00,72887,157
2012-09-25 08:15:00,72887,158
2012-09-25 08:30:00,72887,191
2012-09-25 08:45:00,72887,169
2012-09-25 09:00:00,72887,156
2012-09-25 09:15:00,72887,148
2012-09-25 09:30:00,72887,131
2012-09-25 09:45:00,72887,132
2012-09-25 10:00:00,72887,136
2012-09-25 10:15:00,72887,117
2012-09-25 10:30:00,72887,99
2012-09-25 10:45:00,72887,139
2012-09-25 11:00:00,72887,145
2012-09-25 11:15:00,72887,163
2012-09-25 11:30:00,72887,179
2012-09-25 11:45:00,72887,196
2012-09-25 12:00:00,72887,183
2012-09-25 12:15:00,72887,180
2012-09-25 12:30:00,72887,206
2012-09-25 12:45:00,72887,174
2012-09-25 13:00:00,72887,170
2012-09-25 13:15:00,72887,159
2012-09-25 13:30:00,72887,177
2012-09-25 13:45:00,72887,183
2012-09-25 14:00:00,72887,169
2012-09-25 14:15:00,72887,201
2012-09-25 14:30:00,72887,222
2012-09-25 14:45:00,72887,228
2012-09-25 15:00:00,72887,257
2012-09-25 15:15:00,72887,239
2012-09-25 15:30:00,72887,229
2012-09-25 15:45:00,72887,246
2012-09-25 16:00:00,72887,274
2012-09-25 16:15:00,72887,255
2012-09-25 16:30:00,72887,237
2012-09-25 16:45:00,72887,200
2012-09-25 17:00:00,72887,264
2012-09-25 17:15:00,72887,226
2012-09-25 17:30:00,72887,193
2012-09-25 17:45:00,72887,178
2012-09-25 18:00:00,72887,205
2012-09-25 18:15:00,72887,222
2012-09-25 18:30:00,72887,222
2012-09-25 18:45:00,72887,190
2012-09-25 19:00:00,72887,223
2012-09-25 19:15:00,72887,200
2012-09-25 19:30:00,72887,173
2012-09-25 19:45:00,72887,212
2012-09-25 20:00:00,72887,156
2012-09-25 20:15:00,72887,162
2012-09-25 20:30:00,72887,181
2012-09-25 20:45:00,72887,196
2012-09-25 21:00:00,72887,132
2012-09-25 21:15:00,72887,163
2012-09-25 21:30:00,72887,180
2012-09-25 21:45:00,72887,114
2012-09-25 22:00:00,72887,152
2012-09-25 22:15:00,72887,180
2012-09-25 22:30:00,72887,145
2012-09-25 22:45:00,72887,144
2012-09-25 23:00:00,72887,38
2012-09-25 23:15:00,72887,103
2012-09-25 23:30:00,72887,76
2012-09-25 23:45:00,72887,143
2012-09-26 00:00:00,72887,145
2012-09-26 00:15:00,72887,122
2012-09-26 00:30:00,72887,116
2012-09-26 00:45:00,72887,84
2012-09-26 01:00:00,72887,73
2012-09-26 01:15:00,72887,34
2012-09-26 01:30:00,72887,63
2012-09-26 01:45:00,72887,81
2012-09-26 02:00:00,72887,59
2012-09-26 02:15:00,72887,26
2012-09-26 02:30:00,72887,45
2012-09-26 02:45:00,72887,52
2012-09-26 03:00:00,72887,48
2012-09-26 03:15:00,72887,53
2012-09-26 03:30:00,72887,54
2012-09-26 03:45:00,72887,35
2012-09-26 04:00:00,72887,69
2012-09-26 04:15:00,72887,66
2012-09-26 04:30:00,72887,58
2012-09-26 04:45:00,72887,56
2012-09-26 05:00:00,72887,41
2012-09-26 05:15:00,72887,60
2012-09-26 05:30:00,72887,67
2012-09-26 05:45:00,72887,78
2012-09-26 06:00:00,72887,63
2012-09-26 06:15:00,72887,124
2012-09-26 06:30:00,72887,142
2012-09-26 06:45:00,72887,140
2012-09-26 07:00:00,72887,132
2012-09-26 07:15:00,72887,168
2012-09-26 07:30:00,72887,156
2012-09-26 07:45:00,72887,166
2012-09-26 08:00:00,72887,141
2012-09-26 08:15:00,72887,138
2012-09-26 08:30:00,72887,128
2012-09-26 08:45:00,72887,158
2012-09-26 09:00:00,72887,117
2012-09-26 09:15:00,72887,133
2012-09-26 09:30:00,72887,142
2012-09-26 09:45:00,72887,152
2012-09-26 10:00:00,72887,138
2012-09-26 10:15:00,72887,153
2012-09-26 10:30:00,72887,136
2012-09-26 10:45:00,72887,123
2012-09-26 11:00:00,72887,131
2012-09-26 11:15:00,72887,102
2012-09-26 11:30:00,72887,151
2012-09-26 11:45:00,72887,154
2012-09-26 12:00:00,72887,163
2012-09-26 12:15:00,72887,142
2012-09-26 12:30:00,72887,138
2012-09-26 12:45:00,72887,107
2012-09-26 13:00:00,72887,112
2012-09-26 13:15:00,72887,116
2012-09-26 13:30:00,72887,153
2012-09-26 13:45:00,72887,175
2012-09-26 14:00:00,72887,181
2012-09-26 14:15:00,72887,165
2012-09-26 14:30:00,72887,155
2012-09-26 14:45:00,72887,200
2012-09-26 15:00:00,72887,251
2012-09-26 15:15:00,72887,216
2012-09-26 15:30:00,72887,220
2012-09-26 15:45:00,72887,194
2012-09-26 16:00:00,72887,238
2012-09-26 16:15:00,72887,269
2012-09-26 16:30:00,72887,257
2012-09-26 16:45:00,72887,255
2012-09-26 17:00:00,72887,266
2012-09-26 17:15:00,72887,257
2012-09-26 17:30:00,72887,266
2012-09-26 17:45:00,72887,245
2012-09-26 18:00:00,72887,264
2012-09-26 18:15:00,72887,244
2012-09-26 18:30:00,72887,260
2012-09-26 18:45:00,72887,253
2012-09-26 19:00:00,72887,237
2012-09-26 19:15:00,72887,206
2012-09-26 19:30:00,72887,226
2012-09-26 19:45:00,72887,212
2012-09-26 20:00:00,72887,201
2012-09-26 20:15:00,72887,202
2012-09-26 20:30:00,72887,220
2012-09-26 20:45:00,72887,195
2012-09-26 21:00:00,72887,180
2012-09-26 21:15:00,72887,169
2012-09-26 21:30:00,72887,197
2012-09-26 21:45:00,72887,173
2012-09-26 22:00:00,72887,148
2012-09-26 22:15:00,72887,133
2012-09-26 22:30:00,72887,114
2012-09-26 22:45:00,72887,108
2012-09-26 23:00:00,72887,96
2012-09-26 23:15:00,72887,116
2012-09-26 23:30:00,72887,138
2012-09-26 23:45:00,72887,121
2012-09-27 00:00:00,72887,102
2012-09-27 00:15:00,72887,78
2012-09-27 00:30:00,72887,94
2012-09-27 00:45:00,72887,94
2012-09-27 01:00:00,72887,63
2012-09-27 01:15:00,72887,55
2012-09-27 01:30:00,72887,85
2012-09-27 01:45:00,72887,65
2012-09-27 02:00:00,72887,56
2012-09-27 02:15:00,72887,49
2012-09-27 02:30:00,72887,38
2012-09-27 02:45:00,72887,39
2012-09-27 03:00:00,72887,37
2012-09-27 03:15:00,72887,47
2012-09-27 03:30:00,72887,59
2012-09-27 03:45:00,72887,51
2012-09-27 04:00:00,72887,37
2012-09-27 04:15:00,72887,49
2012-09-27 04:30:00,72887,64
2012-09-27 04:45:00,72887,55
2012-09-27 05:00:00,72887,73
2012-09-27 05:15:00,72887,73
2012-09-27 05:30:00,72887,77
2012-09-27 05:45:00,72887,85
2012-09-27 06:00:00,72887,122
2012-09-27 06:15:00,72887,144
2012-09-27 06:30:00,72887,127
2012-09-27 06:45:00,72887,103
2012-09-27 07:00:00,72887,136
2012-09-27 07:15:00,72887,201
2012-09-27 07:30:00,72887,192
2012-09-27 07:45:00,72887,240
2012-09-27 08:00:00,72887,177
2012-09-27 08:15:00,72887,152
2012-09-27 08:30:00,72887,124
2012-09-27 08:45:00,72887,161
2012-09-27 09:00:00,72887,180
2012-09-27 09:15:00,72887,182
2012-09-27 09:30:00,72887,123
2012-09-27 09:45:00,72887,142
2012-09-27 10:00:00,72887,176
2012-09-27 10:15:00,72887,101
2012-09-27 10:30:00,72887,154
2012-09-27 10:45:00,72887,123
2012-09-27 11:00:00,72887,143
2012-09-27 11:15:00,72887,120
2012-09-27 11:30:00,72887,114
2012-09-27 11:45:00,72887,118
2012-09-27 12:00:00,72887,155
2012-09-27 12:15:00,72887,182
2012-09-27 12:30:00,72887,153
2012-09-27 12:45:00,72887,13
2012-09-27 13:00:00,72887,2
2012-09-27 13:15:00,72887,0
2012-09-27 13:30:00,72887,0
2012-09-27 13:45:00,72887,2
2012-09-27 14:00:00,72887,0
2012-09-27 14:15:00,72887,1
2012-09-27 14:30:00,72887,0
2012-09-27 14:45:00,72887,0
2012-09-27 15:00:00,72887,0
2012-09-27 15:15:00,72887,0
2012-09-27 15:30:00,72887,0
2012-09-27 15:45:00,72887,0
2012-09-27 16:00:00,72887,0
2012-09-27 16:15:00,72887,0
2012-09-27 16:30:00,72887,0
2012-09-27 16:45:00,72887,0
2012-09-27 17:00:00,72887,0
2012-09-27 17:15:00,72887,0
2012-09-27 17:30:00,72887,0
2012-09-27 17:45:00,72887,0
2012-09-27 18:00:00,72887,0
2012-09-27 18:15:00,72887,0
2012-09-27 18:30:00,72887,2
2012-09-27 18:45:00,72887,0
2012-09-27 19:00:00,72887,1
2012-09-27 19:15:00,72887,0
2012-09-27 19:30:00,72887,0
2012-09-27 19:45:00,72887,0
2012-09-27 20:00:00,72887,0
2012-09-27 20:15:00,72887,0
2012-09-27 20:30:00,72887,1
2012-09-27 20:45:00,72887,0
2012-09-27 21:00:00,72887,0
2012-09-27 21:15:00,72887,0
2012-09-27 21:30:00,72887,1
2012-09-27 21:45:00,72887,0
2012-09-27 22:00:00,72887,0
2012-09-27 22:15:00,72887,0
2012-09-27 22:30:00,72887,0
2012-09-27 22:45:00,72887,0
2012-09-27 23:00:00,72887,0
2012-09-27 23:15:00,72887,0
2012-09-27 23:30:00,72887,0
2012-09-27 23:45:00,72887,0
2013-09-07 08:30:00,72887,68
2013-09-07 08:45:00,72887,149
2013-09-07 09:00:00,72887,183
2013-09-07 09:15:00,72887,177
2013-09-07 09:30:00,72887,171
2013-09-07 09:45:00,72887,176
2013-09-07 10:00:00,72887,192
2013-09-07 10:15:00,72887,181
2013-09-07 10:30:00,72887,199
2013-09-07 10:45:00,72887,200
2013-09-07 11:00:00,72887,203
2013-09-07 11:15:00,72887,192
2013-09-07 11:30:00,72887,221
2013-09-07 11:45:00,72887,231
2013-09-07 12:00:00,72887,245
2013-09-07 12:15:00,72887,240
2013-09-07 12:30:00,72887,226
2013-09-07 12:45:00,72887,217
2013-09-07 13:00:00,72887,198
2013-09-07 13:15:00,72887,222
2013-09-07 13:30:00,72887,232
2013-09-07 13:45:00,72887,263
2013-09-07 14:00:00,72887,238
2013-09-07 14:15:00,72887,244
2013-09-07 14:30:00,72887,278
2013-09-07 14:45:00,72887,249
2013-09-07 15:00:00,72887,215
2013-09-07 15:15:00,72887,210
2013-09-07 15:30:00,72887,209
2013-09-07 15:45:00,72887,231
2013-09-07 16:00:00,72887,207
2013-09-07 16:15:00,72887,247
2013-09-07 16:30:00,72887,182
2013-09-07 16:45:00,72887,233
2013-09-07 17:00:00,72887,224
2013-09-07 17:15:00,72887,223
2013-09-07 17:30:00,72887,198
2013-09-07 17:45:00,72887,208
2013-09-07 18:00:00,72887,187
2013-09-07 18:15:00,72887,243
2013-09-07 18:30:00,72887,243
2013-09-07 18:45:00,72887,248
2013-09-07 19:00:00,72887,232
2013-09-07 19:15:00,72887,256
2013-09-07 19:30:00,72887,261
2013-09-07 19:45:00,72887,268
2013-09-07 20:00:00,72887,264
2013-09-07 20:15:00,72887,269
2013-09-07 20:30:00,72887,156
2013-09-07 20:45:00,72887,213
2013-09-07 21:00:00,72887,235
2013-09-07 21:15:00,72887,261
2013-09-07 21:30:00,72887,246
2013-09-07 21:45:00,72887,277
2013-09-07 22:00:00,72887,176
2013-09-07 22:15:00,72887,163
2013-09-07 22:30:00,72887,205
2013-09-07 22:45:00,72887,184
2013-09-07 23:00:00,72887,211
2013-09-07 23:15:00,72887,221
2013-09-07 23:30:00,72887,211
2013-09-07 23:45:00,72887,213
2013-09-08 00:00:00,72887,232
2013-09-08 00:15:00,72887,222
2013-09-08 00:30:00,72887,228
2013-09-08 00:45:00,72887,219
2013-09-08 01:00:00,72887,200
2013-09-08 01:15:00,72887,209
2013-09-08 01:30:00,72887,206
2013-09-08 01:45:00,72887,229
2013-09-08 02:00:00,72887,196
2013-09-08 02:15:00,72887,193
2013-09-08 02:30:00,72887,196
2013-09-08 02:45:00,72887,168
2013-09-08 03:00:00,72887,177
2013-09-08 03:15:00,72887,175
2013-09-08 03:30:00,72887,153
2013-09-08 03:45:00,72887,163
2013-09-08 04:00:00,72887,169
2013-09-08 04:15:00,72887,239
2013-09-08 04:30:00,72887,232
2013-09-08 04:45:00,72887,199
2013-09-08 05:00:00,72887,189
2013-09-08 05:15:00,72887,144
2013-09-08 05:30:00,72887,110
2013-09-08 05:45:00,72887,105
2013-09-08 06:00:00,72887,94
2013-09-08 06:15:00,72887,87
2013-09-08 06:30:00,72887,93
2013-09-08 06:45:00,72887,70
2013-09-08 07:00:00,72887,84
2013-09-08 07:15:00,72887,86
2013-09-08 07:30:00,72887,92
2013-09-08 07:45:00,72887,81
2013-09-08 08:00:00,72887,103
2013-09-08 08:15:00,72887,72
2013-09-08 08:30:00,72887,92
2013-09-08 08:45:00,72887,99
2013-09-08 09:00:00,72887,91
2013-09-08 09:15:00,72887,121
2013-09-08 09:30:00,72887,118
2013-09-08 09:45:00,72887,120
2013-09-08 10:00:00,72887,156
2013-09-08 10:15:00,72887,138
2013-09-08 10:30:00,72887,143
2013-09-08 10:45:00,72887,151
2013-09-08 11:00:00,72887,160
2013-09-08 11:15:00,72887,161
2013-09-08 11:30:00,72887,181
2013-09-08 11:45:00,72887,196
2013-09-08 12:00:00,72887,226
2013-09-08 12:15:00,72887,231
2013-09-08 12:30:00,72887,234
2013-09-08 12:45:00,72887,271
2013-09-08 13:00:00,72887,227
2013-09-08 13:15:00,72887,235
2013-09-08 13:30:00,72887,212
2013-09-08 13:45:00,72887,223
2013-09-08 14:00:00,72887,254
2013-09-08 14:15:00,72887,257
2013-09-08 14:30:00,72887,251
2013-09-08 14:45:00,72887,241
2013-09-08 15:00:00,72887,244
2013-09-08 15:15:00,72887,244
2013-09-08 15:30:00,72887,272
2013-09-08 15:45:00,72887,224
2013-09-08 16:00:00,72887,256
2013-09-08 16:15:00,72887,238
2013-09-08 16:30:00,72887,169
2013-09-08 16:45:00,72887,245
2013-09-08 17:00:00,72887,266
2013-09-08 17:15:00,72887,250
2013-09-08 17:30:00,72887,211
2013-09-08 17:45:00,72887,221
2013-09-08 18:00:00,72887,207
2013-09-08 18:15:00,72887,202
2013-09-08 18:30:00,72887,237
2013-09-08 18:45:00,72887,236
2013-09-08 19:00:00,72887,253
2013-09-08 19:15:00,72887,260
2013-09-08 19:30:00,72887,258
2013-09-08 19:45:00,72887,249
2013-09-08 20:00:00,72887,228
2013-09-08 20:15:00,72887,292
2013-09-08 20:30:00,72887,244
2013-09-08 20:45:00,72887,272
2013-09-08 21:00:00,72887,235
2013-09-08 21:15:00,72887,243
2013-09-08 21:30:00,72887,251
2013-09-08 21:45:00,72887,243
2013-09-08 22:00:00,72887,215
2013-09-08 22:15:00,72887,214
2013-09-08 22:30:00,72887,214
2013-09-08 22:45:00,72887,191
2013-09-08 23:00:00,72887,184
2013-09-08 23:15:00,72887,169
2013-09-08 23:30:00,72887,180
2013-09-08 23:45:00,72887,178
2013-09-09 00:00:00,72887,179
2013-09-09 00:15:00,72887,185
2013-09-09 00:30:00,72887,168
2013-09-09 00:45:00,72887,131
2013-09-09 01:00:00,72887,121
2013-09-09 01:15:00,72887,128
2013-09-09 01:30:00,72887,118
2013-09-09 01:45:00,72887,96
2013-09-09 02:00:00,72887,109
2013-09-09 02:15:00,72887,83
2013-09-09 02:30:00,72887,77
2013-09-09 02:45:00,72887,55
2013-09-09 03:00:00,72887,73
2013-09-09 03:15:00,72887,69
2013-09-09 03:30:00,72887,66
2013-09-09 03:45:00,72887,64
2013-09-09 04:00:00,72887,93
2013-09-09 04:15:00,72887,107
2013-09-09 04:30:00,72887,126
2013-09-09 04:45:00,72887,82
2013-09-09 05:00:00,72887,92
2013-09-09 05:15:00,72887,98
2013-09-09 05:30:00,72887,86
2013-09-09 05:45:00,72887,110
2013-09-09 06:00:00,72887,103
2013-09-09 06:15:00,72887,142
2013-09-09 06:30:00,72887,157
2013-09-09 06:45:00,72887,185
2013-09-09 07:00:00,72887,174
2013-09-09 07:15:00,72887,204
2013-09-09 07:30:00,72887,194
2013-09-09 07:45:00,72887,185
2013-09-09 08:00:00,72887,183
2013-09-09 08:15:00,72887,259
2013-09-09 08:30:00,72887,200
2013-09-09 08:45:00,72887,227
2013-09-09 09:00:00,72887,202
2013-09-09 09:15:00,72887,187
2013-09-09 09:30:00,72887,168
2013-09-09 09:45:00,72887,205
2013-09-09 10:00:00,72887,187
2013-09-09 10:15:00,72887,191
2013-09-09 10:30:00,72887,159
2013-09-09 10:45:00,72887,204
2013-09-09 11:00:00,72887,198
2013-09-09 11:15:00,72887,179
2013-09-09 11:30:00,72887,184
2013-09-09 11:45:00,72887,183
2013-09-09 12:00:00,72887,204
2013-09-09 12:15:00,72887,215
2013-09-09 12:30:00,72887,207
2013-09-09 12:45:00,72887,198
2013-09-09 13:00:00,72887,207
2013-09-09 13:15:00,72887,204
2013-09-09 13:30:00,72887,222
2013-09-09 13:45:00,72887,227
2013-09-09 14:00:00,72887,220
2013-09-09 14:15:00,72887,237
2013-09-09 14:30:00,72887,255
2013-09-09 14:45:00,72887,273
2013-09-09 15:00:00,72887,243
2013-09-09 15:15:00,72887,239
2013-09-09 15:30:00,72887,271
2013-09-09 15:45:00,72887,241
2013-09-09 16:00:00,72887,237
2013-09-09 16:15:00,72887,212
2013-09-09 16:30:00,72887,233
2013-09-09 16:45:00,72887,260
2013-09-09 17:00:00,72887,244
2013-09-09 17:15:00,72887,282
2013-09-09 17:30:00,72887,283
2013-09-09 17:45:00,72887,284
2013-09-09 18:00:00,72887,267
2013-09-09 18:15:00,72887,241
2013-09-09 18:30:00,72887,258
2013-09-09 18:45:00,72887,267
2013-09-09 19:00:00,72887,255
2013-09-09 19:15:00,72887,271
2013-09-09 19:30:00,72887,218
2013-09-09 19:45:00,72887,217
2013-09-09 20:00:00,72887,230
2013-09-09 20:15:00,72887,225
2013-09-09 20:30:00,72887,234
2013-09-09 20:45:00,72887,202
2013-09-09 21:00:00,72887,200
2013-09-09 21:15:00,72887,199
2013-09-09 21:30:00,72887,175
2013-09-09 21:45:00,72887,162
2013-09-09 22:00:00,72887,196
2013-09-09 22:15:00,72887,163
2013-09-09 22:30:00,72887,142
2013-09-09 22:45:00,72887,124
2013-09-09 23:00:00,72887,141
2013-09-09 23:15:00,72887,141
2013-09-09 23:30:00,72887,118
2013-09-09 23:45:00,72887,117
2013-09-10 00:00:00,72887,115
2013-09-10 00:15:00,72887,116
2013-09-10 00:30:00,72887,103
2013-09-10 00:45:00,72887,100
2013-09-10 01:00:00,72887,74
2013-09-10 01:15:00,72887,76
2013-09-10 01:30:00,72887,65
2013-09-10 01:45:00,72887,68
2013-09-10 02:00:00,72887,74
2013-09-10 02:15:00,72887,56
2013-09-10 02:30:00,72887,72
2013-09-10 02:45:00,72887,39
2013-09-10 03:00:00,72887,33
2013-09-10 03:15:00,72887,41
2013-09-10 03:30:00,72887,55
2013-09-10 03:45:00,72887,44
2013-09-10 04:00:00,72887,53
2013-09-10 04:15:00,72887,66
2013-09-10 04:30:00,72887,59
2013-09-10 04:45:00,72887,56
2013-09-10 05:00:00,72887,75
2013-09-10 05:15:00,72887,68
2013-09-10 05:30:00,72887,80
2013-09-10 05:45:00,72887,76
2013-09-10 06:00:00,72887,114
2013-09-10 06:15:00,72887,148
2013-09-10 06:30:00,72887,148
2013-09-10 06:45:00,72887,176
2013-09-10 07:00:00,72887,164
2013-09-10 07:15:00,72887,204
2013-09-10 07:30:00,72887,235
2013-09-10 07:45:00,72887,229
2013-09-10 08:00:00,72887,228
2013-09-10 08:15:00,72887,246
2013-09-10 08:30:00,72887,225
2013-09-10 08:45:00,72887,206
2013-09-10 09:00:00,72887,193
2013-09-10 09:15:00,72887,200
2013-09-10 09:30:00,72887,182
2013-09-10 09:45:00,72887,168
2013-09-10 10:00:00,72887,183
2013-09-10 10:15:00,72887,171
2013-09-10 10:30:00,72887,196
2013-09-10 10:45:00,72887,179
2013-09-10 11:00:00,72887,197
2013-09-10 11:15:00,72887,176
2013-09-10 11:30:00,72887,167
2013-09-10 11:45:00,72887,173
2013-09-10 12:00:00,72887,186
2013-09-10 12:15:00,72887,206
2013-09-10 12:30:00,72887,199
2013-09-10 12:45:00,72887,210
2013-09-10 13:00:00,72887,217
2013-09-10 13:15:00,72887,222
2013-09-10 13:30:00,72887,226
2013-09-10 13:45:00,72887,248
2013-09-10 14:00:00,72887,255
2013-09-10 14:15:00,72887,234
2013-09-10 14:30:00,72887,220
2013-09-10 14:45:00,72887,238
2013-09-10 15:00:00,72887,252
2013-09-10 15:15:00,72887,258
2013-09-10 15:30:00,72887,260
2013-09-10 15:45:00,72887,258
2013-09-10 16:00:00,72887,264
2013-09-10 16:15:00,72887,226
2013-09-10 16:30:00,72887,259
2013-09-10 16:45:00,72887,271
2013-09-10 17:00:00,72887,265
2013-09-10 17:15:00,72887,244
2013-09-10 17:30:00,72887,274
2013-09-10 17:45:00,72887,249
2013-09-10 18:00:00,72887,253
2013-09-10 18:15:00,72887,277
2013-09-10 18:30:00,72887,257
2013-09-10 18:45:00,72887,250
2013-09-10 19:00:00,72887,245
2013-09-10 19:15:00,72887,232
2013-09-10 19:30:00,72887,217
2013-09-10 19:45:00,72887,271
2013-09-10 20:00:00,72887,248
2013-09-10 20:15:00,72887,226
2013-09-10 20:30:00,72887,208
2013-09-10 20:45:00,72887,229
2013-09-10 21:00:00,72887,179
2013-09-10 21:15:00,72887,216
2013-09-10 21:30:00,72887,198
2013-09-10 21:45:00,72887,193
2013-09-10 22:00:00,72887,161
2013-09-10 22:15:00,72887,181
2013-09-10 22:30:00,72887,151
2013-09-10 22:45:00,72887,162
2013-09-10 23:00:00,72887,138
2013-09-10 23:15:00,72887,146
2013-09-10 23:30:00,72887,143
2013-09-10 23:45:00,72887,118
2013-09-11 00:00:00,72887,117
2013-09-11 00:15:00,72887,147
2013-09-11 00:30:00,72887,103
2013-09-11 00:45:00,72887,99
2013-09-11 01:00:00,72887,82
2013-09-11 01:15:00,72887,79
2013-09-11 01:30:00,72887,67
2013-09-11 01:45:00,72887,69
2013-09-11 02:00:00,72887,77
2013-09-11 02:15:00,72887,63
2013-09-11 02:30:00,72887,74
2013-09-11 02:45:00,72887,47
2013-09-11 03:00:00,72887,46
2013-09-11 03:15:00,72887,56
2013-09-11 03:30:00,72887,50
2013-09-11 03:45:00,72887,60
2013-09-11 04:00:00,72887,64
2013-09-11 04:15:00,72887,60
2013-09-11 04:30:00,72887,54
2013-09-11 04:45:00,72887,75
2013-09-11 05:00:00,72887,68
2013-09-11 05:15:00,72887,64
2013-09-11 05:30:00,72887,69
2013-09-11 05:45:00,72887,97
2013-09-11 06:00:00,72887,113
2013-09-11 06:15:00,72887,151
2013-09-11 06:30:00,72887,134
2013-09-11 06:45:00,72887,165
2013-09-11 07:00:00,72887,180
2013-09-11 07:15:00,72887,208
2013-09-11 07:30:00,72887,208
2013-09-11 07:45:00,72887,226
2013-09-11 08:00:00,72887,193
2013-09-11 08:15:00,72887,181
2013-09-11 08:30:00,72887,205
2013-09-11 08:45:00,72887,206
2013-09-11 09:00:00,72887,213
2013-09-11 09:15:00,72887,181
2013-09-11 09:30:00,72887,200
2013-09-11 09:45:00,72887,188
2013-09-11 10:00:00,72887,183
2013-09-11 10:15:00,72887,191
2013-09-11 10:30:00,72887,200
2013-09-11 10:45:00,72887,189
2013-09-11 11:00:00,72887,200
2013-09-11 11:15:00,72887,190
2013-09-11 11:30:00,72887,212
2013-09-11 11:45:00,72887,207
2013-09-11 12:00:00,72887,204
2013-09-11 12:15:00,72887,223
2013-09-11 12:30:00,72887,254
2013-09-11 12:45:00,72887,178
2013-09-11 13:00:00,72887,213
2013-09-11 13:15:00,72887,235
2013-09-11 13:30:00,72887,237
2013-09-11 13:45:00,72887,202
2013-09-11 14:00:00,72887,232
2013-09-11 14:15:00,72887,251
2013-09-11 14:30:00,72887,211
2013-09-11 14:45:00,72887,218
2013-09-11 15:00:00,72887,241
2013-09-11 15:15:00,72887,247
2013-09-11 15:30:00,72887,285
2013-09-11 15:45:00,72887,273
2013-09-11 16:00:00,72887,276
2013-09-11 16:15:00,72887,265
2013-09-11 16:30:00,72887,279
2013-09-11 16:45:00,72887,293
2013-09-11 17:00:00,72887,249
2013-09-11 17:15:00,72887,277
2013-09-11 17:30:00,72887,253
2013-09-11 17:45:00,72887,266
2013-09-11 18:00:00,72887,246
2013-09-11 18:15:00,72887,265
2013-09-11 18:30:00,72887,261
2013-09-11 18:45:00,72887,276
2013-09-11 19:00:00,72887,256
2013-09-11 19:15:00,72887,212
2013-09-11 19:30:00,72887,237
2013-09-11 19:45:00,72887,242
2013-09-11 20:00:00,72887,230
2013-09-11 20:15:00,72887,211
2013-09-11 20:30:00,72887,224
2013-09-11 20:45:00,72887,210
2013-09-11 21:00:00,72887,209
2013-09-11 21:15:00,72887,197
2013-09-11 21:30:00,72887,205
2013-09-11 21:45:00,72887,194
2013-09-11 22:00:00,72887,176
2013-09-11 22:15:00,72887,179
2013-09-11 22:30:00,72887,194
2013-09-11 22:45:00,72887,181
2013-09-11 23:00:00,72887,123
2013-09-11 23:15:00,72887,136
2013-09-11 23:30:00,72887,143
2013-09-11 23:45:00,72887,116
2013-09-12 00:00:00,72887,138
2013-09-12 00:15:00,72887,117
2013-09-12 00:30:00,72887,113
2013-09-12 00:45:00,72887,120
2013-09-12 01:00:00,72887,97
2013-09-12 01:15:00,72887,93
2013-09-12 01:30:00,72887,75
2013-09-12 01:45:00,72887,69
2013-09-12 02:00:00,72887,73
2013-09-12 02:15:00,72887,83
2013-09-12 02:30:00,72887,72
2013-09-12 02:45:00,72887,73
2013-09-12 03:00:00,72887,49
2013-09-12 03:15:00,72887,41
2013-09-12 03:30:00,72887,52
2013-09-12 03:45:00,72887,46
2013-09-12 04:00:00,72887,53
2013-09-12 04:15:00,72887,65
2013-09-12 04:30:00,72887,74
2013-09-12 04:45:00,72887,86
2013-09-12 05:00:00,72887,86
2013-09-12 05:15:00,72887,72
2013-09-12 05:30:00,72887,91
2013-09-12 05:45:00,72887,85
2013-09-12 06:00:00,72887,122
2013-09-12 06:15:00,72887,160
2013-09-12 06:30:00,72887,154
2013-09-12 06:45:00,72887,156
2013-09-12 07:00:00,72887,168
2013-09-12 07:15:00,72887,184
2013-09-12 07:30:00,72887,208
2013-09-12 07:45:00,72887,239
2013-09-12 08:00:00,72887,240
2013-09-12 08:15:00,72887,222
2013-09-12 08:30:00,72887,242
2013-09-12 08:45:00,72887,216
2013-09-12 09:00:00,72887,199
2013-09-12 09:15:00,72887,183
2013-09-12 09:30:00,72887,178
2013-09-12 09:45:00,72887,198
2013-09-12 10:00:00,72887,183
2013-09-12 10:15:00,72887,186
2013-09-12 10:30:00,72887,191
2013-09-12 10:45:00,72887,214
2013-09-12 11:00:00,72887,214
2013-09-12 11:15:00,72887,226
2013-09-12 11:30:00,72887,201
2013-09-12 11:45:00,72887,171
2013-09-12 12:00:00,72887,207
2013-09-12 12:15:00,72887,226
2013-09-12 12:30:00,72887,222
2013-09-12 12:45:00,72887,201
2013-09-12 13:00:00,72887,241
2013-09-12 13:15:00,72887,236
2013-09-12 13:30:00,72887,251
2013-09-12 13:45:00,72887,210
2013-09-12 14:00:00,72887,254
2013-09-12 14:15:00,72887,209
2013-09-12 14:30:00,72887,221
2013-09-12 14:45:00,72887,215
2013-09-12 15:00:00,72887,248
2013-09-12 15:15:00,72887,268
2013-09-12 15:30:00,72887,274
2013-09-12 15:45:00,72887,207
2013-09-12 16:00:00,72887,282
2013-09-12 16:15:00,72887,229
2013-09-12 16:30:00,72887,246
2013-09-12 16:45:00,72887,258
2013-09-12 17:00:00,72887,264
2013-09-12 17:15:00,72887,257
2013-09-12 17:30:00,72887,292
2013-09-12 17:45:00,72887,287
2013-09-12 18:00:00,72887,278
2013-09-12 18:15:00,72887,277
2013-09-12 18:30:00,72887,257
2013-09-12 18:45:00,72887,267
2013-09-12 19:00:00,72887,276
2013-09-12 19:15:00,72887,268
2013-09-12 19:30:00,72887,226
2013-09-12 19:45:00,72887,212
2013-09-12 20:00:00,72887,232
2013-09-12 20:15:00,72887,211
2013-09-12 20:30:00,72887,205
2013-09-12 20:45:00,72887,143
2013-09-12 21:00:00,72887,192
2013-09-12 21:15:00,72887,203
2013-09-12 21:30:00,72887,199
2013-09-12 21:45:00,72887,171
2013-09-12 22:00:00,72887,165
2013-09-12 22:15:00,72887,169
2013-09-12 22:30:00,72887,141
2013-09-12 22:45:00,72887,124
2013-09-12 23:00:00,72887,142
2013-09-12 23:15:00,72887,136
2013-09-12 23:30:00,72887,121
2013-09-12 23:45:00,72887,125
2013-09-13 00:00:00,72887,128
2013-09-13 00:15:00,72887,131
2013-09-13 00:30:00,72887,102
2013-09-13 00:45:00,72887,96
2013-09-13 01:00:00,72887,79
2013-09-13 01:15:00,72887,97
2013-09-13 01:30:00,72887,67
2013-09-13 01:45:00,72887,82
2013-09-13 02:00:00,72887,78
2013-09-13 02:15:00,72887,60
2013-09-13 02:30:00,72887,51
2013-09-13 02:45:00,72887,63
2013-09-13 03:00:00,72887,56
2013-09-13 03:15:00,72887,45
2013-09-13 03:30:00,72887,41
2013-09-13 03:45:00,72887,56
2013-09-13 04:00:00,72887,58
2013-09-13 04:15:00,72887,72
2013-09-13 04:30:00,72887,92
2013-09-13 04:45:00,72887,74
2013-09-13 05:00:00,72887,76
2013-09-13 05:15:00,72887,66
2013-09-13 05:30:00,72887,77
2013-09-13 05:45:00,72887,81
2013-09-13 06:00:00,72887,93
2013-09-13 06:15:00,72887,158
2013-09-13 06:30:00,72887,140
2013-09-13 06:45:00,72887,135
2013-09-13 07:00:00,72887,184
2013-09-13 07:15:00,72887,207
2013-09-13 07:30:00,72887,228
2013-09-13 07:45:00,72887,177
2013-09-13 08:00:00,72887,188
2013-09-13 08:15:00,72887,183
2013-09-13 08:30:00,72887,172
2013-09-13 08:45:00,72887,194
2013-09-13 09:00:00,72887,180
2013-09-13 09:15:00,72887,196
2013-09-13 09:30:00,72887,186
2013-09-13 09:45:00,72887,182
2013-09-13 10:00:00,72887,198
2013-09-13 10:15:00,72887,176
2013-09-13 10:30:00,72887,173
2013-09-13 10:45:00,72887,165
2013-09-13 11:00:00,72887,207
2013-09-13 11:15:00,72887,181
2013-09-13 11:30:00,72887,203
2013-09-13 11:45:00,72887,193
2013-09-13 12:00:00,72887,223
2013-09-13 12:15:00,72887,191
2013-09-13 12:30:00,72887,223
2013-09-13 12:45:00,72887,239
2013-09-13 13:00:00,72887,223
2013-09-13 13:15:00,72887,232
2013-09-13 13:30:00,72887,200
2013-09-13 13:45:00,72887,223
2013-09-13 14:00:00,72887,242
2013-09-13 14:15:00,72887,270
2013-09-13 14:30:00,72887,234
2013-09-13 14:45:00,72887,264
2013-09-13 15:00:00,72887,272
2013-09-13 15:15:00,72887,266
2013-09-13 15:30:00,72887,252
2013-09-13 15:45:00,72887,242
2013-09-13 16:00:00,72887,265
2013-09-13 16:15:00,72887,221
2013-09-13 16:30:00,72887,216
2013-09-13 16:45:00,72887,197
2013-09-13 17:00:00,72887,216
2013-09-13 17:15:00,72887,280
2013-09-13 17:30:00,72887,266
2013-09-13 17:45:00,72887,269
2013-09-13 18:00:00,72887,280
2013-09-13 18:15:00,72887,290
2013-09-13 18:30:00,72887,271
2013-09-13 18:45:00,72887,252
2013-09-13 19:00:00,72887,282
2013-09-13 19:15:00,72887,281
2013-09-13 19:30:00,72887,273
2013-09-13 19:45:00,72887,254
2013-09-13 20:00:00,72887,236
2013-09-13 20:15:00,72887,260
2013-09-13 20:30:00,72887,274
2013-09-13 20:45:00,72887,253
2013-09-13 21:00:00,72887,258
2013-09-13 21:15:00,72887,256
2013-09-13 21:30:00,72887,262
2013-09-13 21:45:00,72887,236
2013-09-13 22:00:00,72887,254
2013-09-13 22:15:00,72887,259
2013-09-13 22:30:00,72887,219
2013-09-13 22:45:00,72887,233
2013-09-13 23:00:00,72887,200
2013-09-13 23:15:00,72887,229
2013-09-13 23:30:00,72887,166
2013-09-13 23:45:00,72887,208
2013-09-14 00:00:00,72887,210
2013-09-14 00:15:00,72887,195
2013-09-14 00:30:00,72887,161
2013-09-14 00:45:00,72887,201
2013-09-14 01:00:00,72887,186
2013-09-14 01:15:00,72887,154
2013-09-14 01:30:00,72887,158
2013-09-14 01:45:00,72887,156
2013-09-14 02:00:00,72887,154
2013-09-14 02:15:00,72887,141
2013-09-14 02:30:00,72887,139
2013-09-14 02:45:00,72887,137
2013-09-14 03:00:00,72887,103
2013-09-14 03:15:00,72887,107
2013-09-14 03:30:00,72887,138
2013-09-14 03:45:00,72887,136
2013-09-14 04:00:00,72887,172
2013-09-14 04:15:00,72887,210
2013-09-14 04:30:00,72887,199
2013-09-14 04:45:00,72887,154
2013-09-14 05:00:00,72887,134
2013-09-14 05:15:00,72887,132
2013-09-14 05:30:00,72887,93
2013-09-14 05:45:00,72887,71
2013-09-14 06:00:00,72887,105
2013-09-14 06:15:00,72887,137
2013-09-14 06:30:00,72887,111
2013-09-14 06:45:00,72887,102
2013-09-14 07:00:00,72887,96
2013-09-14 07:15:00,72887,112
2013-09-14 07:30:00,72887,106
2013-09-14 07:45:00,72887,117
2013-09-14 08:00:00,72887,134
2013-09-14 08:15:00,72887,146
2013-09-14 08:30:00,72887,137
2013-09-14 08:45:00,72887,153
2013-09-14 09:00:00,72887,177
2013-09-14 09:15:00,72887,161
2013-09-14 09:30:00,72887,176
2013-09-14 09:45:00,72887,186
2013-09-14 10:00:00,72887,189
2013-09-14 10:15:00,72887,190
2013-09-14 10:30:00,72887,198
2013-09-14 10:45:00,72887,195
2013-09-14 11:00:00,72887,200
2013-09-14 11:15:00,72887,213
2013-09-14 11:30:00,72887,206
2013-09-14 11:45:00,72887,212
2013-09-14 12:00:00,72887,234
2013-09-14 12:15:00,72887,221
2013-09-14 12:30:00,72887,286
2013-09-14 12:45:00,72887,245
2013-09-14 13:00:00,72887,261
2013-09-14 13:15:00,72887,238
2013-09-14 13:30:00,72887,263
2013-09-14 13:45:00,72887,239
2013-09-14 14:00:00,72887,252
2013-09-14 14:15:00,72887,261
2013-09-14 14:30:00,72887,256
2013-09-14 14:45:00,72887,243
2013-09-14 15:00:00,72887,269
2013-09-14 15:15:00,72887,229
2013-09-14 15:30:00,72887,233
2013-09-14 15:45:00,72887,221
2013-09-14 16:00:00,72887,185
2013-09-14 16:15:00,72887,199
2013-09-14 16:30:00,72887,203
2013-09-14 16:45:00,72887,218
2013-09-14 17:00:00,72887,237
2013-09-14 17:15:00,72887,324
2013-09-14 17:30:00,72887,268
2013-09-14 17:45:00,72887,242
2013-09-14 18:00:00,72887,249
2013-09-14 18:15:00,72887,286
2013-09-14 18:30:00,72887,270
2013-09-14 18:45:00,72887,295
2013-09-14 19:00:00,72887,238
2013-09-14 19:15:00,72887,237
2013-09-14 19:30:00,72887,243
2013-09-14 19:45:00,72887,255
2013-09-14 20:00:00,72887,232
2013-09-14 20:15:00,72887,329
2013-09-14 20:30:00,72887,355
2013-09-14 20:45:00,72887,419
2013-09-14 21:00:00,72887,428
2013-09-14 21:15:00,72887,420
2013-09-14 21:30:00,72887,310
2013-09-14 21:45:00,72887,399
2013-09-14 22:00:00,72887,373
2013-09-14 22:15:00,72887,383
2013-09-14 22:30:00,72887,210
2013-09-14 22:45:00,72887,249
2013-09-14 23:00:00,72887,291
2013-09-14 23:15:00,72887,237
2013-09-14 23:30:00,72887,272
2013-09-14 23:45:00,72887,315
2013-09-15 00:00:00,72887,300
2013-09-15 00:15:00,72887,218
2013-09-15 00:30:00,72887,199
2013-09-15 00:45:00,72887,187
2013-09-15 01:00:00,72887,125
2013-09-15 01:15:00,72887,151
2013-09-15 01:30:00,72887,290
2013-09-15 01:45:00,72887,307
2013-09-15 02:00:00,72887,338
2013-09-15 02:15:00,72887,342
2013-09-15 02:30:00,72887,308
2013-09-15 02:45:00,72887,291
2013-09-15 03:00:00,72887,288
2013-09-15 03:15:00,72887,264
2013-09-15 03:30:00,72887,223
2013-09-15 03:45:00,72887,245
2013-09-15 04:00:00,72887,274
2013-09-15 04:15:00,72887,320
2013-09-15 04:30:00,72887,363
2013-09-15 04:45:00,72887,300
2013-09-15 05:00:00,72887,280
2013-09-15 05:15:00,72887,182
2013-09-15 05:30:00,72887,186
2013-09-15 05:45:00,72887,158
2013-09-15 06:00:00,72887,109
2013-09-15 06:15:00,72887,102
2013-09-15 06:30:00,72887,93
2013-09-15 06:45:00,72887,106
2013-09-15 07:00:00,72887,80
2013-09-15 07:15:00,72887,90
2013-09-15 07:30:00,72887,68
2013-09-15 07:45:00,72887,76
2013-09-15 08:00:00,72887,78
2013-09-15 08:15:00,72887,99
2013-09-15 08:30:00,72887,100
2013-09-15 08:45:00,72887,106
2013-09-15 09:00:00,72887,95
2013-09-15 09:15:00,72887,107
2013-09-15 09:30:00,72887,103
2013-09-15 09:45:00,72887,108
2013-09-15 10:00:00,72887,144
2013-09-15 10:15:00,72887,134
2013-09-15 10:30:00,72887,168
2013-09-15 10:45:00,72887,177
2013-09-15 11:00:00,72887,160
2013-09-15 11:15:00,72887,185
2013-09-15 11:30:00,72887,177
2013-09-15 11:45:00,72887,198
2013-09-15 12:00:00,72887,192
2013-09-15 12:15:00,72887,199
2013-09-15 12:30:00,72887,209
2013-09-15 12:45:00,72887,204
2013-09-15 13:00:00,72887,248
2013-09-15 13:15:00,72887,254
2013-09-15 13:30:00,72887,208
2013-09-15 13:45:00,72887,199
2013-09-15 14:00:00,72887,250
2013-09-15 14:15:00,72887,251
2013-09-15 14:30:00,72887,238
2013-09-15 14:45:00,72887,250
2013-09-15 15:00:00,72887,223
2013-09-15 15:15:00,72887,246
2013-09-15 15:30:00,72887,248
2013-09-15 15:45:00,72887,233
2013-09-15 16:00:00,72887,267
2013-09-15 16:15:00,72887,257
2013-09-15 16:30:00,72887,258
2013-09-15 16:45:00,72887,279
2013-09-15 17:00:00,72887,293
2013-09-15 17:15:00,72887,270
2013-09-15 17:30:00,72887,278
2013-09-15 17:45:00,72887,247
2013-09-15 18:00:00,72887,248
2013-09-15 18:15:00,72887,237
2013-09-15 18:30:00,72887,267
2013-09-15 18:45:00,72887,296
2013-09-15 19:00:00,72887,316
2013-09-15 19:15:00,72887,335
2013-09-15 19:30:00,72887,300
2013-09-15 19:45:00,72887,335
2013-09-15 20:00:00,72887,308
2013-09-15 20:15:00,72887,382
2013-09-15 20:30:00,72887,340
2013-09-15 20:45:00,72887,279
2013-09-15 21:00:00,72887,291
2013-09-15 21:15:00,72887,310
2013-09-15 21:30:00,72887,315
2013-09-15 21:45:00,72887,300
2013-09-15 22:00:00,72887,260
2013-09-15 22:15:00,72887,252
2013-09-15 22:30:00,72887,293
2013-09-15 22:45:00,72887,277
2013-09-15 23:00:00,72887,238
2013-09-15 23:15:00,72887,251
2013-09-15 23:30:00,72887,244
2013-09-15 23:45:00,72887,203
2013-09-16 00:00:00,72887,237
2013-09-16 00:15:00,72887,221
2013-09-16 00:30:00,72887,192
2013-09-16 00:45:00,72887,167
2013-09-16 01:00:00,72887,152
2013-09-16 01:15:00,72887,130
2013-09-16 01:30:00,72887,135
2013-09-16 01:45:00,72887,99
2013-09-16 02:00:00,72887,102
2013-09-16 02:15:00,72887,123
2013-09-16 02:30:00,72887,123
2013-09-16 02:45:00,72887,112
2013-09-16 03:00:00,72887,95
2013-09-16 03:15:00,72887,82
2013-09-16 03:30:00,72887,86
2013-09-16 03:45:00,72887,103
2013-09-16 04:00:00,72887,104
2013-09-16 04:15:00,72887,116
2013-09-16 04:30:00,72887,95
2013-09-16 04:45:00,72887,111
2013-09-16 05:00:00,72887,108
2013-09-16 05:15:00,72887,107
2013-09-16 05:30:00,72887,113
2013-09-16 05:45:00,72887,104
2013-09-16 06:00:00,72887,107
2013-09-16 06:15:00,72887,169
2013-09-16 06:30:00,72887,183
2013-09-16 06:45:00,72887,234
2013-09-16 07:00:00,72887,207
2013-09-16 07:15:00,72887,231
2013-09-16 07:30:00,72887,269
2013-09-16 07:45:00,72887,262
2013-09-16 08:00:00,72887,271
2013-09-16 08:15:00,72887,286
2013-09-16 08:30:00,72887,244
2013-09-16 08:45:00,72887,239
2013-09-16 09:00:00,72887,237
2013-09-16 09:15:00,72887,219
2013-09-16 09:30:00,72887,229
2013-09-16 09:45:00,72887,225
2013-09-16 10:00:00,72887,198
2013-09-16 10:15:00,72887,227
2013-09-16 10:30:00,72887,206
2013-09-16 10:45:00,72887,238
2013-09-16 11:00:00,72887,239
2013-09-16 11:15:00,72887,260
2013-09-16 11:30:00,72887,228
2013-09-16 11:45:00,72887,211
2013-09-16 12:00:00,72887,254
2013-09-16 12:15:00,72887,276
2013-09-16 12:30:00,72887,245
2013-09-16 12:45:00,72887,223
2013-09-16 13:00:00,72887,219
2013-09-16 13:15:00,72887,254
2013-09-16 13:30:00,72887,283
2013-09-16 13:45:00,72887,242
2013-09-16 14:00:00,72887,302
2013-09-16 14:15:00,72887,255
2013-09-16 14:30:00,72887,269
2013-09-16 14:45:00,72887,228
2013-09-16 15:00:00,72887,281
2013-09-16 15:15:00,72887,256
2013-09-16 15:30:00,72887,335
2013-09-16 15:45:00,72887,336
2013-09-16 16:00:00,72887,355
2013-09-16 16:15:00,72887,289
2013-09-16 16:30:00,72887,285
2013-09-16 16:45:00,72887,310
2013-09-16 17:00:00,72887,343
2013-09-16 17:15:00,72887,315
2013-09-16 17:30:00,72887,346
2013-09-16 17:45:00,72887,285
2013-09-16 18:00:00,72887,287
2013-09-16 18:15:00,72887,282
2013-09-16 18:30:00,72887,313
2013-09-16 18:45:00,72887,278
2013-09-16 19:00:00,72887,288
2013-09-16 19:15:00,72887,268
2013-09-16 19:30:00,72887,272
2013-09-16 19:45:00,72887,271
2013-09-16 20:00:00,72887,246
2013-09-16 20:15:00,72887,282
2013-09-16 20:30:00,72887,191
2013-09-16 20:45:00,72887,190
2013-09-16 21:00:00,72887,205
2013-09-16 21:15:00,72887,183
2013-09-16 21:30:00,72887,205
2013-09-16 21:45:00,72887,202
2013-09-16 22:00:00,72887,190
2013-09-16 22:15:00,72887,214
2013-09-16 22:30:00,72887,163
2013-09-16 22:45:00,72887,158
2013-09-16 23:00:00,72887,145
2013-09-16 23:15:00,72887,147
2013-09-16 23:30:00,72887,142
2013-09-16 23:45:00,72887,115
2013-09-17 00:00:00,72887,130
2013-09-17 00:15:00,72887,133
2013-09-17 00:30:00,72887,108
2013-09-17 00:45:00,72887,100
2013-09-17 01:00:00,72887,98
2013-09-17 01:15:00,72887,85
2013-09-17 01:30:00,72887,82
2013-09-17 01:45:00,72887,74
2013-09-17 02:00:00,72887,55
2013-09-17 02:15:00,72887,55
2013-09-17 02:30:00,72887,55
2013-09-17 02:45:00,72887,55
2013-09-17 03:00:00,72887,64
2013-09-17 03:15:00,72887,34
2013-09-17 03:30:00,72887,48
2013-09-17 03:45:00,72887,38
2013-09-17 04:00:00,72887,51
2013-09-17 04:15:00,72887,61
2013-09-17 04:30:00,72887,44
2013-09-17 04:45:00,72887,59
2013-09-17 05:00:00,72887,90
2013-09-17 05:15:00,72887,73
2013-09-17 05:30:00,72887,80
2013-09-17 05:45:00,72887,96
2013-09-17 06:00:00,72887,127
2013-09-17 06:15:00,72887,164
2013-09-17 06:30:00,72887,204
2013-09-17 06:45:00,72887,185
2013-09-17 07:00:00,72887,194
2013-09-17 07:15:00,72887,227
2013-09-17 07:30:00,72887,250
2013-09-17 07:45:00,72887,259
2013-09-17 08:00:00,72887,271
2013-09-17 08:15:00,72887,309
2013-09-17 08:30:00,72887,267
2013-09-17 08:45:00,72887,222
2013-09-17 09:00:00,72887,178
2013-09-17 09:15:00,72887,204
2013-09-17 09:30:00,72887,194
2013-09-17 09:45:00,72887,219
2013-09-17 10:00:00,72887,218
2013-09-17 10:15:00,72887,234
2013-09-17 10:30:00,72887,233
2013-09-17 10:45:00,72887,249
2013-09-17 11:00:00,72887,228
2013-09-17 11:15:00,72887,224
2013-09-17 11:30:00,72887,227
2013-09-17 11:45:00,72887,227
2013-09-17 12:00:00,72887,260
2013-09-17 12:15:00,72887,257
2013-09-17 12:30:00,72887,256
2013-09-17 12:45:00,72887,229
2013-09-17 13:00:00,72887,235
2013-09-17 13:15:00,72887,246
2013-09-17 13:30:00,72887,355
2013-09-17 13:45:00,72887,332
2013-09-17 14:00:00,72887,384
2013-09-17 14:15:00,72887,218
2013-09-17 14:30:00,72887,266
2013-09-17 14:45:00,72887,325
2013-09-17 15:00:00,72887,341
2013-09-17 15:15:00,72887,396
2013-09-17 15:30:00,72887,462
2013-09-17 15:45:00,72887,410
2013-09-17 16:00:00,72887,378
2013-09-17 16:15:00,72887,437
2013-09-17 16:30:00,72887,414
2013-09-17 16:45:00,72887,410
2013-09-17 17:00:00,72887,434
2013-09-17 17:15:00,72887,365
2013-09-17 17:30:00,72887,355
2013-09-17 17:45:00,72887,326
2013-09-17 18:00:00,72887,380
2013-09-17 18:15:00,72887,369
2013-09-17 18:30:00,72887,369
2013-09-17 18:45:00,72887,318
2013-09-17 19:00:00,72887,332
2013-09-17 19:15:00,72887,277
2013-09-17 19:30:00,72887,270
2013-09-17 19:45:00,72887,282
2013-09-17 20:00:00,72887,289
2013-09-17 20:15:00,72887,267
2013-09-17 20:30:00,72887,270
2013-09-17 20:45:00,72887,213
2013-09-17 21:00:00,72887,205
2013-09-17 21:15:00,72887,245
2013-09-17 21:30:00,72887,243
2013-09-17 21:45:00,72887,207
2013-09-17 22:00:00,72887,184
2013-09-17 22:15:00,72887,242
2013-09-17 22:30:00,72887,168
2013-09-17 22:45:00,72887,187
2013-09-17 23:00:00,72887,161
2013-09-17 23:15:00,72887,177
2013-09-17 23:30:00,72887,159
2013-09-17 23:45:00,72887,131
2013-09-18 00:00:00,72887,135
2013-09-18 00:15:00,72887,148
2013-09-18 00:30:00,72887,114
2013-09-18 00:45:00,72887,130
2013-09-18 01:00:00,72887,114
2013-09-18 01:15:00,72887,83
2013-09-18 01:30:00,72887,75
2013-09-18 01:45:00,72887,71
2013-09-18 02:00:00,72887,92
2013-09-18 02:15:00,72887,99
2013-09-18 02:30:00,72887,80
2013-09-18 02:45:00,72887,65
2013-09-18 03:00:00,72887,52
2013-09-18 03:15:00,72887,54
2013-09-18 03:30:00,72887,58
2013-09-18 03:45:00,72887,45
2013-09-18 04:00:00,72887,47
2013-09-18 04:15:00,72887,61
2013-09-18 04:30:00,72887,47
2013-09-18 04:45:00,72887,64
2013-09-18 05:00:00,72887,69
2013-09-18 05:15:00,72887,79
2013-09-18 05:30:00,72887,102
2013-09-18 05:45:00,72887,99
2013-09-18 06:00:00,72887,136
2013-09-18 06:15:00,72887,154
2013-09-18 06:30:00,72887,185
2013-09-18 06:45:00,72887,232
2013-09-18 07:00:00,72887,194
2013-09-18 07:15:00,72887,266
2013-09-18 07:30:00,72887,259
2013-09-18 07:45:00,72887,294
2013-09-18 08:00:00,72887,285
2013-09-18 08:15:00,72887,273
2013-09-18 08:30:00,72887,244
2013-09-18 08:45:00,72887,276
2013-09-18 09:00:00,72887,215
2013-09-18 09:15:00,72887,230
2013-09-18 09:30:00,72887,207
2013-09-18 09:45:00,72887,215
2013-09-18 10:00:00,72887,207
2013-09-18 10:15:00,72887,202
2013-09-18 10:30:00,72887,234
2013-09-18 10:45:00,72887,237
2013-09-18 11:00:00,72887,230
2013-09-18 11:15:00,72887,231
2013-09-18 11:30:00,72887,231
2013-09-18 11:45:00,72887,234
2013-09-18 12:00:00,72887,263
2013-09-18 12:15:00,72887,242
2013-09-18 12:30:00,72887,216
2013-09-18 12:45:00,72887,273
2013-09-18 13:00:00,72887,284
2013-09-18 13:15:00,72887,279
2013-09-18 13:30:00,72887,355
2013-09-18 13:45:00,72887,265
2013-09-18 14:00:00,72887,283
2013-09-18 14:15:00,72887,293
2013-09-18 14:30:00,72887,294
2013-09-18 14:45:00,72887,264
2013-09-18 15:00:00,72887,321
2013-09-18 15:15:00,72887,342
2013-09-18 15:30:00,72887,280
2013-09-18 15:45:00,72887,323
2013-09-18 16:00:00,72887,409
2013-09-18 16:15:00,72887,385
2013-09-18 16:30:00,72887,377
2013-09-18 16:45:00,72887,301
2013-09-18 17:00:00,72887,303
2013-09-18 17:15:00,72887,360
2013-09-18 17:30:00,72887,345
2013-09-18 17:45:00,72887,370
2013-09-18 18:00:00,72887,352
2013-09-18 18:15:00,72887,231
2013-09-18 18:30:00,72887,175
2013-09-18 18:45:00,72887,166
2013-09-18 19:00:00,72887,156
2013-09-18 19:15:00,72887,211
2013-09-18 19:30:00,72887,248
2013-09-18 19:45:00,72887,276
2013-09-18 20:00:00,72887,357
2013-09-18 20:15:00,72887,296
2013-09-18 20:30:00,72887,322
2013-09-18 20:45:00,72887,258
2013-09-18 21:00:00,72887,324
2013-09-18 21:15:00,72887,263
2013-09-18 21:30:00,72887,255
2013-09-18 21:45:00,72887,230
2013-09-18 22:00:00,72887,247
2013-09-18 22:15:00,72887,207
2013-09-18 22:30:00,72887,202
2013-09-18 22:45:00,72887,184
2013-09-18 23:00:00,72887,203
2013-09-18 23:15:00,72887,211
2013-09-18 23:30:00,72887,166
2013-09-18 23:45:00,72887,153
2013-09-19 00:00:00,72887,160
2013-09-19 00:15:00,72887,188
2013-09-19 00:30:00,72887,156
2013-09-19 00:45:00,72887,139
2013-09-19 01:00:00,72887,120
2013-09-19 01:15:00,72887,115
2013-09-19 01:30:00,72887,79
2013-09-19 01:45:00,72887,62
2013-09-19 02:00:00,72887,84
2013-09-19 02:15:00,72887,76
2013-09-19 02:30:00,72887,81
2013-09-19 02:45:00,72887,81
2013-09-19 03:00:00,72887,73
2013-09-19 03:15:00,72887,48
2013-09-19 03:30:00,72887,63
2013-09-19 03:45:00,72887,63
2013-09-19 04:00:00,72887,66
2013-09-19 04:15:00,72887,92
2013-09-19 04:30:00,72887,93
2013-09-19 04:45:00,72887,120
2013-09-19 05:00:00,72887,98
2013-09-19 05:15:00,72887,83
2013-09-19 05:30:00,72887,93
2013-09-19 05:45:00,72887,115
2013-09-19 06:00:00,72887,141
2013-09-19 06:15:00,72887,179
2013-09-19 06:30:00,72887,195
2013-09-19 06:45:00,72887,199
2013-09-19 07:00:00,72887,256
2013-09-19 07:15:00,72887,247
2013-09-19 07:30:00,72887,275
2013-09-19 07:45:00,72887,272
2013-09-19 08:00:00,72887,320
2013-09-19 08:15:00,72887,343
2013-09-19 08:30:00,72887,282
2013-09-19 08:45:00,72887,329
2013-09-19 09:00:00,72887,225
2013-09-19 09:15:00,72887,268
2013-09-19 09:30:00,72887,218
2013-09-19 09:45:00,72887,233
2013-09-19 10:00:00,72887,224
2013-09-19 10:15:00,72887,212
2013-09-19 10:30:00,72887,235
2013-09-19 10:45:00,72887,232
2013-09-19 11:00:00,72887,215
2013-09-19 11:15:00,72887,261
2013-09-19 11:30:00,72887,268
2013-09-19 11:45:00,72887,202
2013-09-19 12:00:00,72887,238
2013-09-19 12:15:00,72887,301
2013-09-19 12:30:00,72887,300
2013-09-19 12:45:00,72887,255
2013-09-19 13:00:00,72887,288
2013-09-19 13:15:00,72887,308
2013-09-19 13:30:00,72887,215
2013-09-19 13:45:00,72887,249
2013-09-19 14:00:00,72887,224
2013-09-19 14:15:00,72887,279
2013-09-19 14:30:00,72887,290
2013-09-19 14:45:00,72887,347
2013-09-19 15:00:00,72887,366
2013-09-19 15:15:00,72887,427
2013-09-19 15:30:00,72887,388
2013-09-19 15:45:00,72887,287
2013-09-19 16:00:00,72887,379
2013-09-19 16:15:00,72887,390
2013-09-19 16:30:00,72887,403
2013-09-19 16:45:00,72887,455
2013-09-19 17:00:00,72887,380
2013-09-19 17:15:00,72887,398
2013-09-19 17:30:00,72887,351
2013-09-19 17:45:00,72887,329
2013-09-19 18:00:00,72887,312
2013-09-19 18:15:00,72887,406
2013-09-19 18:30:00,72887,416
2013-09-19 18:45:00,72887,329
2013-09-19 19:00:00,72887,356
2013-09-19 19:15:00,72887,285
2013-09-19 19:30:00,72887,335
2013-09-19 19:45:00,72887,303
2013-09-19 20:00:00,72887,349
2013-09-19 20:15:00,72887,474
2013-09-19 20:30:00,72887,270
2013-09-19 20:45:00,72887,320
2013-09-19 21:00:00,72887,336
2013-09-19 21:15:00,72887,407
2013-09-19 21:30:00,72887,357
2013-09-19 21:45:00,72887,364
2013-09-19 22:00:00,72887,299
2013-09-19 22:15:00,72887,264
2013-09-19 22:30:00,72887,294
2013-09-19 22:45:00,72887,211
2013-09-19 23:00:00,72887,250
2013-09-19 23:15:00,72887,218
2013-09-19 23:30:00,72887,215
2013-09-19 23:45:00,72887,221
2013-09-20 00:00:00,72887,246
2013-09-20 00:15:00,72887,236
2013-09-20 00:30:00,72887,172
2013-09-20 00:45:00,72887,161
2013-09-20 01:00:00,72887,146
2013-09-20 01:15:00,72887,144
2013-09-20 01:30:00,72887,101
2013-09-20 01:45:00,72887,139
2013-09-20 02:00:00,72887,139
2013-09-20 02:15:00,72887,83
2013-09-20 02:30:00,72887,67
2013-09-20 02:45:00,72887,97
2013-09-20 03:00:00,72887,72
2013-09-20 03:15:00,72887,95
2013-09-20 03:30:00,72887,72
2013-09-20 03:45:00,72887,81
2013-09-20 04:00:00,72887,82
2013-09-20 04:15:00,72887,108
2013-09-20 04:30:00,72887,131
2013-09-20 04:45:00,72887,141
2013-09-20 05:00:00,72887,144
2013-09-20 05:15:00,72887,112
2013-09-20 05:30:00,72887,108
2013-09-20 05:45:00,72887,141
2013-09-20 06:00:00,72887,184
2013-09-20 06:15:00,72887,186
2013-09-20 06:30:00,72887,252
2013-09-20 06:45:00,72887,174
2013-09-20 07:00:00,72887,212
2013-09-20 07:15:00,72887,221
2013-09-20 07:30:00,72887,270
2013-09-20 07:45:00,72887,275
2013-09-20 08:00:00,72887,266
2013-09-20 08:15:00,72887,262
2013-09-20 08:30:00,72887,317
2013-09-20 08:45:00,72887,291
2013-09-20 09:00:00,72887,231
2013-09-20 09:15:00,72887,214
2013-09-20 09:30:00,72887,216
2013-09-20 09:45:00,72887,211
2013-09-20 10:00:00,72887,253
2013-09-20 10:15:00,72887,201
2013-09-20 10:30:00,72887,241
2013-09-20 10:45:00,72887,267
2013-09-20 11:00:00,72887,257
2013-09-20 11:15:00,72887,250
2013-09-20 11:30:00,72887,262
2013-09-20 11:45:00,72887,253
2013-09-20 12:00:00,72887,246
2013-09-20 12:15:00,72887,266
2013-09-20 12:30:00,72887,272
2013-09-20 12:45:00,72887,265
2013-09-20 13:00:00,72887,339
2013-09-20 13:15:00,72887,291
2013-09-20 13:30:00,72887,248
2013-09-20 13:45:00,72887,257
2013-09-20 14:00:00,72887,235
2013-09-20 14:15:00,72887,245
2013-09-20 14:30:00,72887,291
2013-09-20 14:45:00,72887,272
2013-09-20 15:00:00,72887,415
2013-09-20 15:15:00,72887,357
2013-09-20 15:30:00,72887,430
2013-09-20 15:45:00,72887,360
2013-09-20 16:00:00,72887,442
2013-09-20 16:15:00,72887,399
2013-09-20 16:30:00,72887,496
2013-09-20 16:45:00,72887,473
2013-09-20 17:00:00,72887,441
2013-09-20 17:15:00,72887,452
2013-09-20 17:30:00,72887,440
2013-09-20 17:45:00,72887,286
2013-09-20 18:00:00,72887,247
2013-09-20 18:15:00,72887,335
2013-09-20 18:30:00,72887,421
2013-09-20 18:45:00,72887,403
2013-09-20 19:00:00,72887,449
2013-09-20 19:15:00,72887,394
2013-09-20 19:30:00,72887,431
2013-09-20 19:45:00,72887,358
2013-09-20 20:00:00,72887,346
2013-09-20 20:15:00,72887,422
2013-09-20 20:30:00,72887,408
2013-09-20 20:45:00,72887,389
2013-09-20 21:00:00,72887,382
2013-09-20 21:15:00,72887,416
2013-09-20 21:30:00,72887,429
2013-09-20 21:45:00,72887,365
2013-09-20 22:00:00,72887,436
2013-09-20 22:15:00,72887,422
2013-09-20 22:30:00,72887,399
2013-09-20 22:45:00,72887,314
2013-09-20 23:00:00,72887,418
2013-09-20 23:15:00,72887,351
2013-09-20 23:30:00,72887,338
2013-09-20 23:45:00,72887,339
2013-09-21 00:00:00,72887,383
2013-09-21 00:15:00,72887,309
2013-09-21 00:30:00,72887,314
2013-09-21 00:45:00,72887,293
2013-09-21 01:00:00,72887,276
2013-09-21 01:15:00,72887,259
2013-09-21 01:30:00,72887,238
2013-09-21 01:45:00,72887,264
2013-09-21 02:00:00,72887,240
2013-09-21 02:15:00,72887,215
2013-09-21 02:30:00,72887,196
2013-09-21 02:45:00,72887,246
2013-09-21 03:00:00,72887,184
2013-09-21 03:15:00,72887,209
2013-09-21 03:30:00,72887,209
2013-09-21 03:45:00,72887,194
2013-09-21 04:00:00,72887,276
2013-09-21 04:15:00,72887,295
2013-09-21 04:30:00,72887,283
2013-09-21 04:45:00,72887,257
2013-09-21 05:00:00,72887,210
2013-09-21 05:15:00,72887,163
2013-09-21 05:30:00,72887,175
2013-09-21 05:45:00,72887,131
2013-09-21 06:00:00,72887,149
2013-09-21 06:15:00,72887,165
2013-09-21 06:30:00,72887,170
2013-09-21 06:45:00,72887,145
2013-09-21 07:00:00,72887,128
2013-09-21 07:15:00,72887,167
2013-09-21 07:30:00,72887,150
2013-09-21 07:45:00,72887,166
2013-09-21 08:00:00,72887,148
2013-09-21 08:15:00,72887,145
2013-09-21 08:30:00,72887,210
2013-09-21 08:45:00,72887,216
2013-09-21 09:00:00,72887,221
2013-09-21 09:15:00,72887,234
2013-09-21 09:30:00,72887,227
2013-09-21 09:45:00,72887,250
2013-09-21 10:00:00,72887,225
2013-09-21 10:15:00,72887,269
2013-09-21 10:30:00,72887,275
2013-09-21 10:45:00,72887,322
2013-09-21 11:00:00,72887,293
2013-09-21 11:15:00,72887,323
2013-09-21 11:30:00,72887,270
2013-09-21 11:45:00,72887,284
2013-09-21 12:00:00,72887,281
2013-09-21 12:15:00,72887,263
2013-09-21 12:30:00,72887,313
2013-09-21 12:45:00,72887,269
2013-09-21 13:00:00,72887,329
2013-09-21 13:15:00,72887,307
2013-09-21 13:30:00,72887,288
2013-09-21 13:45:00,72887,367
2013-09-21 14:00:00,72887,330
2013-09-21 14:15:00,72887,404
2013-09-21 14:30:00,72887,349
2013-09-21 14:45:00,72887,412
2013-09-21 15:00:00,72887,399
2013-09-21 15:15:00,72887,424
2013-09-21 15:30:00,72887,427
2013-09-21 15:45:00,72887,348
2013-09-21 16:00:00,72887,357
2013-09-21 16:15:00,72887,397
2013-09-21 16:30:00,72887,364
2013-09-21 16:45:00,72887,394
2013-09-21 17:00:00,72887,404
2013-09-21 17:15:00,72887,437
2013-09-21 17:30:00,72887,383
2013-09-21 17:45:00,72887,377
2013-09-21 18:00:00,72887,384
2013-09-21 18:15:00,72887,388
2013-09-21 18:30:00,72887,344
2013-09-21 18:45:00,72887,407
2013-09-21 19:00:00,72887,358
2013-09-21 19:15:00,72887,447
2013-09-21 19:30:00,72887,360
2013-09-21 19:45:00,72887,408
2013-09-21 20:00:00,72887,355
2013-09-21 20:15:00,72887,423
2013-09-21 20:30:00,72887,384
2013-09-21 20:45:00,72887,401
2013-09-21 21:00:00,72887,470
2013-09-21 21:15:00,72887,398
2013-09-21 21:30:00,72887,396
2013-09-21 21:45:00,72887,408
2013-09-21 22:00:00,72887,419
2013-09-21 22:15:00,72887,411
2013-09-21 22:30:00,72887,397
2013-09-21 22:45:00,72887,336
2013-09-21 23:00:00,72887,397
2013-09-21 23:15:00,72887,336
2013-09-21 23:30:00,72887,402
2013-09-21 23:45:00,72887,386
2013-09-22 00:00:00,72887,343
2013-09-22 00:15:00,72887,335
2013-09-22 00:30:00,72887,378
2013-09-22 00:45:00,72887,307
2013-09-22 01:00:00,72887,352
2013-09-22 01:15:00,72887,326
2013-09-22 01:30:00,72887,278
2013-09-22 01:45:00,72887,303
2013-09-22 02:00:00,72887,286
2013-09-22 02:15:00,72887,269
2013-09-22 02:30:00,72887,260
2013-09-22 02:45:00,72887,215
2013-09-22 03:00:00,72887,254
2013-09-22 03:15:00,72887,219
2013-09-22 03:30:00,72887,243
2013-09-22 03:45:00,72887,272
2013-09-22 04:00:00,72887,258
2013-09-22 04:15:00,72887,417
2013-09-22 04:30:00,72887,330
2013-09-22 04:45:00,72887,270
2013-09-22 05:00:00,72887,246
2013-09-22 05:15:00,72887,241
2013-09-22 05:30:00,72887,125
2013-09-22 05:45:00,72887,141
2013-09-22 06:00:00,72887,104
2013-09-22 06:15:00,72887,109
2013-09-22 06:30:00,72887,114
2013-09-22 06:45:00,72887,98
2013-09-22 07:00:00,72887,98
2013-09-22 07:15:00,72887,97
2013-09-22 07:30:00,72887,132
2013-09-22 07:45:00,72887,113
2013-09-22 08:00:00,72887,111
2013-09-22 08:15:00,72887,103
2013-09-22 08:30:00,72887,155
2013-09-22 08:45:00,72887,137
2013-09-22 09:00:00,72887,120
2013-09-22 09:15:00,72887,155
2013-09-22 09:30:00,72887,148
2013-09-22 09:45:00,72887,150
2013-09-22 10:00:00,72887,177
2013-09-22 10:15:00,72887,193
2013-09-22 10:30:00,72887,270
2013-09-22 10:45:00,72887,203
2013-09-22 11:00:00,72887,257
2013-09-22 11:15:00,72887,252
2013-09-22 11:30:00,72887,230
2013-09-22 11:45:00,72887,279
2013-09-22 12:00:00,72887,287
2013-09-22 12:15:00,72887,339
2013-09-22 12:30:00,72887,311
2013-09-22 12:45:00,72887,400
2013-09-22 13:00:00,72887,408
2013-09-22 13:15:00,72887,363
2013-09-22 13:30:00,72887,364
2013-09-22 13:45:00,72887,358
2013-09-22 14:00:00,72887,324
2013-09-22 14:15:00,72887,411
2013-09-22 14:30:00,72887,397
2013-09-22 14:45:00,72887,342
2013-09-22 15:00:00,72887,359
2013-09-22 15:15:00,72887,373
2013-09-22 15:30:00,72887,300
2013-09-22 15:45:00,72887,361
2013-09-22 16:00:00,72887,403
2013-09-22 16:15:00,72887,443
2013-09-22 16:30:00,72887,370
2013-09-22 16:45:00,72887,363
2013-09-22 17:00:00,72887,388
2013-09-22 17:15:00,72887,456
2013-09-22 17:30:00,72887,372
2013-09-22 17:45:00,72887,396
2013-09-22 18:00:00,72887,415
2013-09-22 18:15:00,72887,408
2013-09-22 18:30:00,72887,410
2013-09-22 18:45:00,72887,394
2013-09-22 19:00:00,72887,362
2013-09-22 19:15:00,72887,398
2013-09-22 19:30:00,72887,339
2013-09-22 19:45:00,72887,337
2013-09-22 20:00:00,72887,376
2013-09-22 20:15:00,72887,315
2013-09-22 20:30:00,72887,352
2013-09-22 20:45:00,72887,387
2013-09-22 21:00:00,72887,344
2013-09-22 21:15:00,72887,329
2013-09-22 21:30:00,72887,385
2013-09-22 21:45:00,72887,331
2013-09-22 22:00:00,72887,343
2013-09-22 22:15:00,72887,316
2013-09-22 22:30:00,72887,302
2013-09-22 22:45:00,72887,297
2013-09-22 23:00:00,72887,247
2013-09-22 23:15:00,72887,229
2013-09-22 23:30:00,72887,232
2013-09-22 23:45:00,72887,242
2013-09-23 00:00:00,72887,278
2013-09-23 00:15:00,72887,253
2013-09-23 00:30:00,72887,193
2013-09-23 00:45:00,72887,191
2013-09-23 01:00:00,72887,161
2013-09-23 01:15:00,72887,158
2013-09-23 01:30:00,72887,135
2013-09-23 01:45:00,72887,155
2013-09-23 02:00:00,72887,141
2013-09-23 02:15:00,72887,137
2013-09-23 02:30:00,72887,126
2013-09-23 02:45:00,72887,107
2013-09-23 03:00:00,72887,58
2013-09-23 03:15:00,72887,106
2013-09-23 03:30:00,72887,119
2013-09-23 03:45:00,72887,119
2013-09-23 04:00:00,72887,129
2013-09-23 04:15:00,72887,186
2013-09-23 04:30:00,72887,216
2013-09-23 04:45:00,72887,168
2013-09-23 05:00:00,72887,150
2013-09-23 05:15:00,72887,129
2013-09-23 05:30:00,72887,139
2013-09-23 05:45:00,72887,137
2013-09-23 06:00:00,72887,185
2013-09-23 06:15:00,72887,248
2013-09-23 06:30:00,72887,229
2013-09-23 06:45:00,72887,268
2013-09-23 07:00:00,72887,328
2013-09-23 07:15:00,72887,322
2013-09-23 07:30:00,72887,330
2013-09-23 07:45:00,72887,397
2013-09-23 08:00:00,72887,333
2013-09-23 08:15:00,72887,399
2013-09-23 08:30:00,72887,281
2013-09-23 08:45:00,72887,278
2013-09-23 09:00:00,72887,232
2013-09-23 09:15:00,72887,294
2013-09-23 09:30:00,72887,273
2013-09-23 09:45:00,72887,286
2013-09-23 10:00:00,72887,256
2013-09-23 10:15:00,72887,234
2013-09-23 10:30:00,72887,227
2013-09-23 10:45:00,72887,204
2013-09-23 11:00:00,72887,228
2013-09-23 11:15:00,72887,257
2013-09-23 11:30:00,72887,271
2013-09-23 11:45:00,72887,247
2013-09-23 12:00:00,72887,293
2013-09-23 12:15:00,72887,276
2013-09-23 12:30:00,72887,205
2013-09-23 12:45:00,72887,207
2013-09-23 13:00:00,72887,290
2013-09-23 13:15:00,72887,293
2013-09-23 13:30:00,72887,327
2013-09-23 13:45:00,72887,291
2013-09-23 14:00:00,72887,324
2013-09-23 14:15:00,72887,350
2013-09-23 14:30:00,72887,327
2013-09-23 14:45:00,72887,391
2013-09-23 15:00:00,72887,396
2013-09-23 15:15:00,72887,370
2013-09-23 15:30:00,72887,440
2013-09-23 15:45:00,72887,366
2013-09-23 16:00:00,72887,413
2013-09-23 16:15:00,72887,444
2013-09-23 16:30:00,72887,421
2013-09-23 16:45:00,72887,372
2013-09-23 17:00:00,72887,332
2013-09-23 17:15:00,72887,431
2013-09-23 17:30:00,72887,420
2013-09-23 17:45:00,72887,431
2013-09-23 18:00:00,72887,413
2013-09-23 18:15:00,72887,384
2013-09-23 18:30:00,72887,388
2013-09-23 18:45:00,72887,329
2013-09-23 19:00:00,72887,321
2013-09-23 19:15:00,72887,318
2013-09-23 19:30:00,72887,365
2013-09-23 19:45:00,72887,283
2013-09-23 20:00:00,72887,324
2013-09-23 20:15:00,72887,294
2013-09-23 20:30:00,72887,291
2013-09-23 20:45:00,72887,260
2013-09-23 21:00:00,72887,227
2013-09-23 21:15:00,72887,232
2013-09-23 21:30:00,72887,223
2013-09-23 21:45:00,72887,192
2013-09-23 22:00:00,72887,276
2013-09-23 22:15:00,72887,226
2013-09-23 22:30:00,72887,231
2013-09-23 22:45:00,72887,207
2013-09-23 23:00:00,72887,217
2013-09-23 23:15:00,72887,199
2013-09-23 23:30:00,72887,189
2013-09-23 23:45:00,72887,164
2013-09-24 00:00:00,72887,160
2013-09-24 00:15:00,72887,145
2013-09-24 00:30:00,72887,135
2013-09-24 00:45:00,72887,128
2013-09-24 01:00:00,72887,121
2013-09-24 01:15:00,72887,82
2013-09-24 01:30:00,72887,61
2013-09-24 01:45:00,72887,43
2013-09-24 02:00:00,72887,60
2013-09-24 02:15:00,72887,46
2013-09-24 02:30:00,72887,49
2013-09-24 02:45:00,72887,25
2013-09-24 03:00:00,72887,42
2013-09-24 03:15:00,72887,36
2013-09-24 03:30:00,72887,31
2013-09-24 03:45:00,72887,48
2013-09-24 04:00:00,72887,41
2013-09-24 04:15:00,72887,77
2013-09-24 04:30:00,72887,56
2013-09-24 04:45:00,72887,65
2013-09-24 05:00:00,72887,64
2013-09-24 05:15:00,72887,59
2013-09-24 05:30:00,72887,97
2013-09-24 05:45:00,72887,92
2013-09-24 06:00:00,72887,111
2013-09-24 06:15:00,72887,181
2013-09-24 06:30:00,72887,161
2013-09-24 06:45:00,72887,193
2013-09-24 07:00:00,72887,215
2013-09-24 07:15:00,72887,266
2013-09-24 07:30:00,72887,275
2013-09-24 07:45:00,72887,281
2013-09-24 08:00:00,72887,327
2013-09-24 08:15:00,72887,232
2014-10-15 11:45:00,138,172
2014-10-15 12:00:00,138,211
2014-10-15 12:15:00,138,167
2014-10-15 12:30:00,138,212
2014-10-15 12:45:00,138,222
2014-10-15 13:00:00,138,213
2014-10-15 13:15:00,138,224
2014-10-15 13:30:00,138,238
2014-10-15 13:45:00,138,189
2014-10-15 14:00:00,138,253
2014-10-15 14:15:00,138,253
2014-10-15 14:30:00,138,256
2014-10-15 14:45:00,138,262
2014-10-15 15:00:00,138,264
2014-10-15 15:15:00,138,348
2014-10-15 15:30:00,138,310
2014-10-15 15:45:00,138,370
2014-10-15 16:00:00,138,372
2014-10-15 16:15:00,138,367
2014-10-15 16:30:00,138,389
2014-10-15 16:45:00,138,321
2014-10-15 17:00:00,138,267
2014-10-15 17:15:00,138,290
2014-10-15 17:30:00,138,291
2014-10-15 17:45:00,138,261
2014-10-15 18:00:00,138,250
2014-10-15 18:15:00,138,261
2014-10-15 18:30:00,138,273
2014-10-15 18:45:00,138,239
2014-10-15 19:00:00,138,250
2014-10-15 19:15:00,138,226
2014-10-15 19:30:00,138,234
2014-10-15 19:45:00,138,196
2014-10-15 20:00:00,138,225
2014-10-15 20:15:00,138,217
2014-10-15 20:30:00,138,140
2014-10-15 20:45:00,138,26
2014-10-15 21:00:00,138,0
2014-10-15 21:15:00,138,0
2014-10-15 21:30:00,138,0
2014-10-15 21:45:00,138,0
2014-10-15 22:00:00,138,0
2014-10-15 22:15:00,138,0
2014-10-15 22:30:00,138,2
2014-10-15 22:45:00,138,0
2014-10-15 23:00:00,138,0
2014-10-15 23:15:00,138,0
2014-10-15 23:30:00,138,1
2014-10-15 23:45:00,138,0
2014-10-16 00:00:00,138,0
2014-10-16 00:15:00,138,0
2014-10-16 00:30:00,138,0
2014-10-16 00:45:00,138,0
2014-10-16 01:00:00,138,0
2014-10-16 01:15:00,138,0
2014-10-16 01:30:00,138,0
2014-10-16 01:45:00,138,0
2014-10-16 02:00:00,138,0
2014-10-16 02:15:00,138,0
2014-10-16 02:30:00,138,0
2014-10-16 02:45:00,138,0
2014-10-16 03:00:00,138,0
2014-10-16 03:15:00,138,0
2014-10-16 03:30:00,138,0
2014-10-16 03:45:00,138,0
2014-10-16 04:00:00,138,0
2014-10-16 04:15:00,138,0
2014-10-16 04:30:00,138,0
2014-10-16 04:45:00,138,0
2014-10-16 05:00:00,138,0
2014-10-16 05:15:00,138,0
2014-10-16 05:30:00,138,2
2014-10-16 05:45:00,138,2
2014-10-16 06:00:00,138,148
2014-10-16 06:15:00,138,337
2014-10-16 06:30:00,138,354
2014-10-16 06:45:00,138,330
2014-10-16 07:00:00,138,358
2014-10-16 07:15:00,138,354
2014-10-16 07:30:00,138,313
2014-10-16 07:45:00,138,251
2014-10-16 08:00:00,138,260
2014-10-16 08:15:00,138,301
2014-10-16 08:30:00,138,317
2014-10-16 08:45:00,138,269
2014-10-16 09:00:00,138,293
2014-10-16 09:15:00,138,288
2014-10-16 09:30:00,138,311
2014-10-16 09:45:00,138,255
2014-10-16 10:00:00,138,163
2014-10-16 10:15:00,138,147
2014-10-16 10:30:00,138,153
2014-10-16 10:45:00,138,160
2014-10-16 11:00:00,138,178
2014-10-16 11:15:00,138,176
2014-10-16 11:30:00,138,152
2014-10-16 11:45:00,138,165
2014-10-16 12:00:00,138,218
2014-10-16 12:15:00,138,199
2014-10-16 12:30:00,138,239
2014-10-16 12:45:00,138,227
2014-10-16 13:00:00,138,237
2014-10-16 13:15:00,138,250
2014-10-16 13:30:00,138,263
2014-10-16 13:45:00,138,235
2014-10-16 14:00:00,138,237
2014-10-16 14:15:00,138,297
2014-10-16 14:30:00,138,327
2014-10-16 14:45:00,138,268
2014-10-16 15:00:00,138,325
2014-10-16 15:15:00,138,302
2014-10-16 15:30:00,138,340
2014-10-16 15:45:00,138,346
2014-10-16 16:00:00,138,375
2014-10-16 16:15:00,138,481
2014-10-16 16:30:00,138,332
2014-10-16 16:45:00,138,335
2014-10-16 17:00:00,138,338
2014-10-16 17:15:00,138,337
2014-10-16 17:30:00,138,269
2014-10-16 17:45:00,138,256
2014-10-16 18:00:00,138,234
2014-10-16 18:15:00,138,277
2014-10-16 18:30:00,138,217
2014-10-16 18:45:00,138,218
2014-10-16 19:00:00,138,211
2014-10-16 19:15:00,138,220
2014-10-16 19:30:00,138,219
2014-10-16 19:45:00,138,238
2014-10-16 20:00:00,138,224
2014-10-16 20:15:00,138,194
2014-10-16 20:30:00,138,194
2014-10-16 20:45:00,138,132
2014-10-16 21:00:00,138,12
2014-10-16 21:15:00,138,0
2014-10-16 21:30:00,138,2
2014-10-16 21:45:00,138,0
2014-10-16 22:00:00,138,0
2014-10-16 22:15:00,138,0
2014-10-16 22:30:00,138,0
2014-10-16 22:45:00,138,0
2014-10-16 23:00:00,138,0
2014-10-16 23:15:00,138,1
2014-10-16 23:30:00,138,0
2014-10-16 23:45:00,138,0
2014-10-17 00:00:00,138,0
2014-10-17 00:15:00,138,0
2014-10-17 00:30:00,138,0
2014-10-17 00:45:00,138,0
2014-10-17 01:00:00,138,0
2014-10-17 01:15:00,138,0
2014-10-17 01:30:00,138,2
2014-10-17 01:45:00,138,0
2014-10-17 02:00:00,138,0
2014-10-17 02:15:00,138,0
2014-10-17 02:30:00,138,0
2014-10-17 02:45:00,138,0
2014-10-17 03:00:00,138,0
2014-10-17 03:15:00,138,0
2014-10-17 03:30:00,138,0
2014-10-17 03:45:00,138,0
2014-10-17 04:00:00,138,0
2014-10-17 04:15:00,138,0
2014-10-17 04:30:00,138,0
2014-10-17 04:45:00,138,0
2014-10-17 05:00:00,138,0
2014-10-17 05:15:00,138,7
2014-10-17 05:30:00,138,0
2014-10-17 05:45:00,138,2
2014-10-17 06:00:00,138,211
2014-10-17 06:15:00,138,344
2014-10-17 06:30:00,138,394
2014-10-17 06:45:00,138,368
2014-10-17 07:00:00,138,387
2014-10-17 07:15:00,138,375
2014-10-17 07:30:00,138,327
2014-10-17 07:45:00,138,303
2014-10-17 08:00:00,138,312
2014-10-17 08:15:00,138,323
2014-10-17 08:30:00,138,325
2014-10-17 08:45:00,138,251
2014-10-17 09:00:00,138,278
2014-10-17 09:15:00,138,274
2014-10-17 09:30:00,138,292
2014-10-17 09:45:00,138,283
2014-10-17 10:00:00,138,196
2014-10-17 10:15:00,138,130
2014-10-17 10:30:00,138,138
2014-10-17 10:45:00,138,181
2014-10-17 11:00:00,138,185
2014-10-17 11:15:00,138,165
2014-10-17 11:30:00,138,181
2014-10-17 11:45:00,138,161
2014-10-17 12:00:00,138,214
2014-10-17 12:15:00,138,226
2014-10-17 12:30:00,138,203
2014-10-17 12:45:00,138,185
2014-10-17 13:00:00,138,229
2014-10-17 13:15:00,138,234
2014-10-17 13:30:00,138,218
2014-10-17 13:45:00,138,255
2014-10-17 14:00:00,138,281
2014-10-17 14:15:00,138,234
2014-10-17 14:30:00,138,264
2014-10-17 14:45:00,138,221
2014-10-17 15:00:00,138,258
2014-10-17 15:15:00,138,299
2014-10-17 15:30:00,138,342
2014-10-17 15:45:00,138,376
2014-10-17 16:00:00,138,362
2014-10-17 16:15:00,138,349
2014-10-17 16:30:00,138,373
2014-10-17 16:45:00,138,332
2014-10-17 17:00:00,138,294
2014-10-17 17:15:00,138,271
2014-10-17 17:30:00,138,265
2014-10-17 17:45:00,138,254
2014-10-17 18:00:00,138,228
2014-10-17 18:15:00,138,227
2014-10-17 18:30:00,138,240
2014-10-17 18:45:00,138,208
2014-10-17 19:00:00,138,229
2014-10-17 19:15:00,138,213
2014-10-17 19:30:00,138,224
2014-10-17 19:45:00,138,220
2014-10-17 20:00:00,138,207
2014-10-17 20:15:00,138,207
2014-10-17 20:30:00,138,160
2014-10-17 20:45:00,138,138
2014-10-17 21:00:00,138,76
2014-10-17 21:15:00,138,0
2014-10-17 21:30:00,138,0
2014-10-17 21:45:00,138,0
2014-10-17 22:00:00,138,0
2014-10-17 22:15:00,138,0
2014-10-17 22:30:00,138,0
2014-10-17 22:45:00,138,0
2014-10-17 23:00:00,138,0
2014-10-17 23:15:00,138,0
2014-10-17 23:30:00,138,1
2014-10-17 23:45:00,138,0
2014-10-18 00:00:00,138,0
2014-10-18 00:15:00,138,0
2014-10-18 00:30:00,138,0
2014-10-18 00:45:00,138,0
2014-10-18 01:00:00,138,0
2014-10-18 01:15:00,138,0
2014-10-18 01:30:00,138,0
2014-10-18 01:45:00,138,0
2014-10-18 02:00:00,138,0
2014-10-18 02:15:00,138,1
2014-10-18 02:30:00,138,0
2014-10-18 02:45:00,138,0
2014-10-18 03:00:00,138,0
2014-10-18 03:15:00,138,0
2014-10-18 03:30:00,138,0
2014-10-18 03:45:00,138,0
2014-10-18 04:00:00,138,0
2014-10-18 04:15:00,138,0
2014-10-18 04:30:00,138,0
2014-10-18 04:45:00,138,0
2014-10-18 05:00:00,138,0
2014-10-18 05:15:00,138,0
2014-10-18 05:30:00,138,0
2014-10-18 05:45:00,138,0
2014-10-18 06:00:00,138,26
2014-10-18 06:15:00,138,36
2014-10-18 06:30:00,138,47
2014-10-18 06:45:00,138,47
2014-10-18 07:00:00,138,73
2014-10-18 07:15:00,138,141
2014-10-18 07:30:00,138,132
2014-10-18 07:45:00,138,139
2014-10-18 08:00:00,138,152
2014-10-18 08:15:00,138,165
2014-10-18 08:30:00,138,140
2014-10-18 08:45:00,138,131
2014-10-18 09:00:00,138,121
2014-10-18 09:15:00,138,158
2014-10-18 09:30:00,138,133
2014-10-18 09:45:00,138,111
2014-10-18 10:00:00,138,109
2014-10-18 10:15:00,138,120
2014-10-18 10:30:00,138,144
2014-10-18 10:45:00,138,139
2014-10-18 11:00:00,138,150
2014-10-18 11:15:00,138,137
2014-10-18 11:30:00,138,120
2014-10-18 11:45:00,138,103
2014-10-18 12:00:00,138,143
2014-10-18 12:15:00,138,178
2014-10-18 12:30:00,138,142
2014-10-18 12:45:00,138,155
2014-10-18 13:00:00,138,139
2014-10-18 13:15:00,138,169
2014-10-18 13:30:00,138,197
2014-10-18 13:45:00,138,171
2014-10-18 14:00:00,138,192
2014-10-18 14:15:00,138,170
2014-10-18 14:30:00,138,186
2014-10-18 14:45:00,138,188
2014-10-18 15:00:00,138,224
2014-10-18 15:15:00,138,178
2014-10-18 15:30:00,138,111
2014-10-18 15:45:00,138,76
2014-10-18 16:00:00,138,106
2014-10-18 16:15:00,138,85
2014-10-18 16:30:00,138,76
2014-10-18 16:45:00,138,56
2014-10-18 17:00:00,138,132
2014-10-18 17:15:00,138,120
2014-10-18 17:30:00,138,91
2014-10-18 17:45:00,138,69
2014-10-18 18:00:00,138,79
2014-10-18 18:15:00,138,63
2014-10-18 18:30:00,138,73
2014-10-18 18:45:00,138,77
2014-10-18 19:00:00,138,76
2014-10-18 19:15:00,138,76
2014-10-18 19:30:00,138,110
2014-10-18 19:45:00,138,94
2014-10-18 20:00:00,138,187
2014-10-18 20:15:00,138,152
2014-10-18 20:30:00,138,161
2014-10-18 20:45:00,138,129
2014-10-18 21:00:00,138,3
2014-10-18 21:15:00,138,0
2014-10-18 21:30:00,138,0
2014-10-18 21:45:00,138,0
2014-10-18 22:00:00,138,0
2014-10-18 22:15:00,138,0
2014-10-18 22:30:00,138,0
2014-10-18 22:45:00,138,0
2014-10-18 23:00:00,138,0
2014-10-18 23:15:00,138,0
2014-10-18 23:30:00,138,0
2014-10-18 23:45:00,138,0
2014-10-19 00:00:00,138,0
2014-10-19 00:15:00,138,2
2014-10-19 00:30:00,138,10
2014-10-19 00:45:00,138,2
2014-10-19 01:00:00,138,0
2014-10-19 01:15:00,138,5
2014-10-19 01:30:00,138,9
2014-10-19 01:45:00,138,0
2014-10-19 02:00:00,138,0
2014-10-19 02:15:00,138,0
2014-10-19 02:30:00,138,0
2014-10-19 02:45:00,138,0
2014-10-19 03:00:00,138,0
2014-10-19 03:15:00,138,0
2014-10-19 03:30:00,138,0
2014-10-19 03:45:00,138,0
2014-10-19 04:00:00,138,0
2014-10-19 04:15:00,138,0
2014-10-19 04:30:00,138,0
2014-10-19 04:45:00,138,0
2014-10-19 05:00:00,138,0
2014-10-19 05:15:00,138,0
2014-10-19 05:30:00,138,0
2014-10-19 05:45:00,138,1
2014-10-19 06:00:00,138,27
2014-10-19 06:15:00,138,35
2014-10-19 06:30:00,138,48
2014-10-19 06:45:00,138,53
2014-10-19 07:00:00,138,75
2014-10-19 07:15:00,138,68
2014-10-19 07:30:00,138,89
2014-10-19 07:45:00,138,90
2014-10-19 08:00:00,138,93
2014-10-19 08:15:00,138,113
2014-10-19 08:30:00,138,94
2014-10-19 08:45:00,138,79
2014-10-19 09:00:00,138,96
2014-10-19 09:15:00,138,98
2014-10-19 09:30:00,138,94
2014-10-19 09:45:00,138,84
2014-10-19 10:00:00,138,101
2014-10-19 10:15:00,138,104
2014-10-19 10:30:00,138,104
2014-10-19 10:45:00,138,83
2014-10-19 11:00:00,138,112
2014-10-19 11:15:00,138,127
2014-10-19 11:30:00,138,138
2014-10-19 11:45:00,138,105
2014-10-19 12:00:00,138,152
2014-10-19 12:15:00,138,138
2014-10-19 12:30:00,138,159
2014-10-19 12:45:00,138,169
2014-10-19 13:00:00,138,172
2014-10-19 13:15:00,138,175
2014-10-19 13:30:00,138,148
2014-10-19 13:45:00,138,158
2014-10-19 14:00:00,138,154
2014-10-19 14:15:00,138,181
2014-10-19 14:30:00,138,214
2014-10-19 14:45:00,138,180
2014-10-19 15:00:00,138,156
2014-10-19 15:15:00,138,247
2014-10-19 15:30:00,138,203
2014-10-19 15:45:00,138,192
2014-10-19 16:00:00,138,200
2014-10-19 16:15:00,138,238
2014-10-19 16:30:00,138,295
2014-10-19 16:45:00,138,270
2014-10-19 17:00:00,138,260
2014-10-19 17:15:00,138,149
2014-10-19 17:30:00,138,85
2014-10-19 17:45:00,138,175
2014-10-19 18:00:00,138,199
2014-10-19 18:15:00,138,179
2014-10-19 18:30:00,138,155
2014-10-19 18:45:00,138,234
2014-10-19 19:00:00,138,227
2014-10-19 19:15:00,138,178
2014-10-19 19:30:00,138,233
2014-10-19 19:45:00,138,209
2014-10-19 20:00:00,138,136
2014-10-19 20:15:00,138,213
2014-10-19 20:30:00,138,181
2014-10-19 20:45:00,138,129
2014-10-19 21:00:00,138,66
2014-10-19 21:15:00,138,0
2014-10-19 21:30:00,138,0
2014-10-19 21:45:00,138,0
2014-10-19 22:00:00,138,1
2014-10-19 22:15:00,138,0
2014-10-19 22:30:00,138,0
2014-10-19 22:45:00,138,0
2014-10-19 23:00:00,138,1
2014-10-19 23:15:00,138,0
2014-10-19 23:30:00,138,0
2014-10-19 23:45:00,138,0
2014-10-20 00:00:00,138,0
2014-10-20 00:15:00,138,0
2014-10-20 00:30:00,138,0
2014-10-20 00:45:00,138,0
2014-10-20 01:00:00,138,0
2014-10-20 01:15:00,138,0
2014-10-20 01:30:00,138,0
2014-10-20 01:45:00,138,0
2014-10-20 02:00:00,138,0
2014-10-20 02:15:00,138,0
2014-10-20 02:30:00,138,0
2014-10-20 02:45:00,138,0
2014-10-20 03:00:00,138,0
2014-10-20 03:15:00,138,0
2014-10-20 03:30:00,138,0
2014-10-20 03:45:00,138,0
2014-10-20 04:00:00,138,0
2014-10-20 04:15:00,138,1
2014-10-20 04:30:00,138,0
2014-10-20 04:45:00,138,0
2014-10-20 05:00:00,138,0
2014-10-20 05:15:00,138,0
2014-10-20 05:30:00,138,0
2014-10-20 05:45:00,138,1
2014-10-20 06:00:00,138,189
2014-10-20 06:15:00,138,358
2014-10-20 06:30:00,138,344
2014-10-20 06:45:00,138,416
2014-10-20 07:00:00,138,399
2014-10-20 07:15:00,138,364
2014-10-20 07:30:00,138,315
2014-10-20 07:45:00,138,288
2014-10-20 08:00:00,138,320
2014-10-20 08:15:00,138,338
2014-10-20 08:30:00,138,320
2014-10-20 08:45:00,138,259
2014-10-20 09:00:00,138,326
2014-10-20 09:15:00,138,261
2014-10-20 09:30:00,138,290
2014-10-20 09:45:00,138,273
2014-10-20 10:00:00,138,183
2014-10-20 10:15:00,138,161
2014-10-20 10:30:00,138,158
2014-10-20 10:45:00,138,160
2014-10-20 11:00:00,138,190
2014-10-20 11:15:00,138,155
2014-10-20 11:30:00,138,180
2014-10-20 11:45:00,138,199
2014-10-20 12:00:00,138,199
2014-10-20 12:15:00,138,182
2014-10-20 12:30:00,138,207
2014-10-20 12:45:00,138,201
2014-10-20 13:00:00,138,232
2014-10-20 13:15:00,138,200
2014-10-20 13:30:00,138,187
2014-10-20 13:45:00,138,219
2014-10-20 14:00:00,138,205
2014-10-20 14:15:00,138,250
2014-10-20 14:30:00,138,282
2014-10-20 14:45:00,138,264
2014-10-20 15:00:00,138,276
2014-10-20 15:15:00,138,296
2014-10-20 15:30:00,138,323
2014-10-20 15:45:00,138,296
2014-10-20 16:00:00,138,319
2014-10-20 16:15:00,138,321
2014-10-20 16:30:00,138,384
2014-10-20 16:45:00,138,309
2014-10-20 17:00:00,138,279
2014-10-20 17:15:00,138,291
2014-10-20 17:30:00,138,294
2014-10-20 17:45:00,138,239
2014-10-20 18:00:00,138,237
2014-10-20 18:15:00,138,260
2014-10-20 18:30:00,138,210
2014-10-20 18:45:00,138,222
2014-10-20 19:00:00,138,239
2014-10-20 19:15:00,138,266
2014-10-20 19:30:00,138,218
2014-10-20 19:45:00,138,135
2014-10-20 20:00:00,138,200
2014-10-20 20:15:00,138,150
2014-10-20 20:30:00,138,176
2014-10-20 20:45:00,138,111
2014-10-20 21:00:00,138,98
2014-10-20 21:15:00,138,0
2014-10-20 21:30:00,138,3
2014-10-20 21:45:00,138,0
2014-10-20 22:00:00,138,0
2014-10-20 22:15:00,138,1
2014-10-20 22:30:00,138,4
2014-10-20 22:45:00,138,0
2014-10-20 23:00:00,138,1
2014-10-20 23:15:00,138,0
2014-10-20 23:30:00,138,0
2014-10-20 23:45:00,138,0
2014-10-21 00:00:00,138,0
2014-10-21 00:15:00,138,0
2014-10-21 00:30:00,138,0
2014-10-21 00:45:00,138,0
2014-10-21 01:00:00,138,0
2014-10-21 01:15:00,138,8
2014-10-21 01:30:00,138,0
2014-10-21 01:45:00,138,0
2014-10-21 02:00:00,138,0
2014-10-21 02:15:00,138,0
2014-10-21 02:30:00,138,0
2014-10-21 02:45:00,138,0
2014-10-21 03:00:00,138,0
2014-10-21 03:15:00,138,0
2014-10-21 03:30:00,138,0
2014-10-21 03:45:00,138,0
2014-10-21 04:00:00,138,0
2014-10-21 04:15:00,138,0
2014-10-21 04:30:00,138,0
2014-10-21 04:45:00,138,0
2014-10-21 05:00:00,138,0
2014-10-21 05:15:00,138,0
2014-10-21 05:30:00,138,0
2014-10-21 05:45:00,138,2
2014-10-21 06:00:00,138,241
2014-10-21 06:15:00,138,292
2014-10-21 06:30:00,138,314
2014-10-21 06:45:00,138,394
2014-10-21 07:00:00,138,434
2014-10-21 07:15:00,138,329
2014-10-21 07:30:00,138,281
2014-10-21 07:45:00,138,281
2014-10-21 08:00:00,138,302
2014-10-21 08:15:00,138,289
2014-10-21 08:30:00,138,271
2014-10-21 08:45:00,138,255
2014-10-21 09:00:00,138,267
2014-10-21 09:15:00,138,221
2014-10-21 09:30:00,138,256
2014-10-21 09:45:00,138,289
2014-10-21 10:00:00,138,187
2014-10-21 10:15:00,138,128
2014-10-21 10:30:00,138,142
2014-10-21 10:45:00,138,154
2014-10-21 11:00:00,138,147
2014-10-21 11:15:00,138,153
2014-10-21 11:30:00,138,175
2014-10-21 11:45:00,138,175
2014-10-21 12:00:00,138,159
2014-10-21 12:15:00,138,192
2014-10-21 12:30:00,138,180
2014-10-21 12:45:00,138,191
2014-10-21 13:00:00,138,214
2014-10-21 13:15:00,138,222
2014-10-21 13:30:00,138,239
2014-10-21 13:45:00,138,228
2014-10-21 14:00:00,138,271
2014-10-21 14:15:00,138,273
2014-10-21 14:30:00,138,312
2014-10-21 14:45:00,138,274
2014-10-21 15:00:00,138,242
2014-10-21 15:15:00,138,290
2014-10-21 15:30:00,138,315
2014-10-21 15:45:00,138,354
2014-10-21 16:00:00,138,353
2014-10-21 16:15:00,138,324
2014-10-21 16:30:00,138,382
2014-10-21 16:45:00,138,269
2014-10-21 17:00:00,138,290
2014-10-21 17:15:00,138,274
2014-10-21 17:30:00,138,318
2014-10-21 17:45:00,138,257
2014-10-21 18:00:00,138,218
2014-10-21 18:15:00,138,209
2014-10-21 18:30:00,138,224
2014-10-21 18:45:00,138,208
2014-10-21 19:00:00,138,210
2014-10-21 19:15:00,138,246
2014-10-21 19:30:00,138,232
2014-10-21 19:45:00,138,183
2014-10-21 20:00:00,138,182
2014-10-21 20:15:00,138,175
2014-10-21 20:30:00,138,177
2014-10-21 20:45:00,138,125
2014-10-21 21:00:00,138,10
2014-10-21 21:15:00,138,0
2014-10-21 21:30:00,138,0
2014-10-21 21:45:00,138,1
2014-10-21 22:00:00,138,0
2014-10-21 22:15:00,138,0
2014-10-21 22:30:00,138,0
2014-10-21 22:45:00,138,0
2014-10-21 23:00:00,138,1
2014-10-21 23:15:00,138,0
2014-10-21 23:30:00,138,0
2014-10-21 23:45:00,138,0
2014-10-22 00:00:00,138,0
2014-10-22 00:15:00,138,0
2014-10-22 00:30:00,138,0
2014-10-22 00:45:00,138,0
2014-10-22 01:00:00,138,0
2014-10-22 01:15:00,138,0
2014-10-22 01:30:00,138,0
2014-10-22 01:45:00,138,0
2014-10-22 02:00:00,138,0
2014-10-22 02:15:00,138,0
2014-10-22 02:30:00,138,0
2014-10-22 02:45:00,138,0
2014-10-22 03:00:00,138,0
2014-10-22 03:15:00,138,0
2014-10-22 03:30:00,138,0
2014-10-22 03:45:00,138,0
2014-10-22 04:00:00,138,0
2014-10-22 04:15:00,138,0
2014-10-22 04:30:00,138,0
2014-10-22 04:45:00,138,0
2014-10-22 05:00:00,138,0
2014-10-22 05:15:00,138,0
2014-10-22 05:30:00,138,0
2014-10-22 05:45:00,138,2
2014-10-22 06:00:00,138,130
2014-10-22 06:15:00,138,283
2014-10-22 06:30:00,138,338
2014-10-22 06:45:00,138,333
2014-10-22 07:00:00,138,345
2014-10-22 07:15:00,138,322
2014-10-22 07:30:00,138,304
2014-10-22 07:45:00,138,241
2014-10-22 08:00:00,138,286
2014-10-22 08:15:00,138,257
2014-10-22 08:30:00,138,224
2014-10-22 08:45:00,138,223
2014-10-22 09:00:00,138,251
2014-10-22 09:15:00,138,215
2014-10-22 09:30:00,138,265
2014-10-22 09:45:00,138,230
2014-10-22 10:00:00,138,146
2014-10-22 10:15:00,138,123
2014-10-22 10:30:00,138,114
2014-10-22 10:45:00,138,141
2014-10-22 11:00:00,138,125
2014-10-22 11:15:00,138,148
2014-10-22 11:30:00,138,111
2014-10-22 11:45:00,138,146
2014-10-22 12:00:00,138,146
2014-10-22 12:15:00,138,156
2014-10-22 12:30:00,138,181
2014-10-22 12:45:00,138,174
2014-10-22 13:00:00,138,142
2014-10-22 13:15:00,138,183
2014-10-22 13:30:00,138,211
2014-10-22 13:45:00,138,193
2014-10-22 14:00:00,138,197
2014-10-22 14:15:00,138,182
2014-10-22 14:30:00,138,239
2014-10-22 14:45:00,138,227
2014-10-22 15:00:00,138,277
2014-10-22 15:15:00,138,231
2014-10-22 15:30:00,138,275
2014-10-22 15:45:00,138,319
2014-10-22 16:00:00,138,318
2014-10-22 16:15:00,138,322
2014-10-22 16:30:00,138,327
2014-10-22 16:45:00,138,275
2014-10-22 17:00:00,138,299
2014-10-22 17:15:00,138,272
2014-10-22 17:30:00,138,240
2014-10-22 17:45:00,138,205
2014-10-22 18:00:00,138,199
2014-10-22 18:15:00,138,182
2014-10-22 18:30:00,138,187
2014-10-22 18:45:00,138,177
2014-10-22 19:00:00,138,157
2014-10-22 19:15:00,138,189
2014-10-22 19:30:00,138,163
2014-10-22 19:45:00,138,161
2014-10-22 20:00:00,138,152
2014-10-22 20:15:00,138,183
2014-10-22 20:30:00,138,166
2014-10-22 20:45:00,138,120
2014-10-22 21:00:00,138,61
2014-10-22 21:15:00,138,0
2014-10-22 21:30:00,138,0
2014-10-22 21:45:00,138,0
2014-10-22 22:00:00,138,2
2014-10-22 22:15:00,138,0
2014-10-22 22:30:00,138,0
2014-10-22 22:45:00,138,0
2014-10-22 23:00:00,138,0
2014-10-22 23:15:00,138,1
2014-10-22 23:30:00,138,0
2014-10-22 23:45:00,138,0
2014-10-23 00:00:00,138,0
2014-10-23 00:15:00,138,0
2014-10-23 00:30:00,138,0
2014-10-23 00:45:00,138,0
2014-10-23 01:00:00,138,0
2014-10-23 01:15:00,138,0
2014-10-23 01:30:00,138,0
2014-10-23 01:45:00,138,0
2014-10-23 02:00:00,138,0
2014-10-23 02:15:00,138,0
2014-10-23 02:30:00,138,0
2014-10-23 02:45:00,138,0
2014-10-23 03:00:00,138,0
2014-10-23 03:15:00,138,0
2014-10-23 03:30:00,138,0
2014-10-23 03:45:00,138,0
2014-10-23 04:00:00,138,0
2014-10-23 04:15:00,138,0
2014-10-23 04:30:00,138,0
2014-10-23 04:45:00,138,0
2014-10-23 05:00:00,138,0
2014-10-23 05:15:00,138,0
2014-10-23 05:30:00,138,0
2014-10-23 05:45:00,138,1
2014-10-23 06:00:00,138,101
2014-10-23 06:15:00,138,283
2014-10-23 06:30:00,138,291
2014-10-23 06:45:00,138,304
2014-10-23 07:00:00,138,340
2014-10-23 07:15:00,138,317
2014-10-23 07:30:00,138,249
2014-10-23 07:45:00,138,269
2014-10-23 08:00:00,138,262
2014-10-23 08:15:00,138,254
2014-10-23 08:30:00,138,197
2014-10-23 08:45:00,138,256
2014-10-23 09:00:00,138,200
2014-10-23 09:15:00,138,249
2014-10-23 09:30:00,138,274
2014-10-23 09:45:00,138,207
2014-10-23 10:00:00,138,170
2014-10-23 10:15:00,138,107
2014-10-23 10:30:00,138,141
2014-10-23 10:45:00,138,129
2014-10-23 11:00:00,138,105
2014-10-23 11:15:00,138,132
2014-10-23 11:30:00,138,138
2014-10-23 11:45:00,138,132
2014-10-23 12:00:00,138,155
2014-10-23 12:15:00,138,166
2014-10-23 12:30:00,138,145
2014-10-23 12:45:00,138,125
2014-10-23 13:00:00,138,134
2014-10-23 13:15:00,138,156
2014-10-23 13:30:00,138,156
2014-10-23 13:45:00,138,190
2014-10-23 14:00:00,138,204
2014-10-23 14:15:00,138,221
2014-10-23 14:30:00,138,222
2014-10-23 14:45:00,138,233
2014-10-23 15:00:00,138,252
2014-10-23 15:15:00,138,331
2014-10-23 15:30:00,138,269
2014-10-23 15:45:00,138,281
2014-10-23 16:00:00,138,238
2014-10-23 16:15:00,138,161
2014-10-23 16:30:00,138,255
2014-10-23 16:45:00,138,243
2014-10-23 17:00:00,138,236
2014-10-23 17:15:00,138,160
2014-10-23 17:30:00,138,240
2014-10-23 17:45:00,138,275
2014-10-23 18:00:00,138,206
2014-10-23 18:15:00,138,225
2014-10-23 18:30:00,138,224
2014-10-23 18:45:00,138,187
2014-10-23 19:00:00,138,221
2014-10-23 19:15:00,138,203
2014-10-23 19:30:00,138,245
2014-10-23 19:45:00,138,215
2014-10-23 20:00:00,138,213
2014-10-23 20:15:00,138,164
2014-10-23 20:30:00,138,0
2014-10-23 20:45:00,138,0
2014-10-23 21:00:00,138,0
2014-10-23 21:15:00,138,0
2014-10-23 21:30:00,138,0
2014-10-23 21:45:00,138,0
2014-10-23 22:00:00,138,0
2014-10-23 22:15:00,138,0
2014-10-23 22:30:00,138,0
2014-10-23 22:45:00,138,0
2014-10-23 23:00:00,138,0
2014-10-23 23:15:00,138,0
2014-10-23 23:30:00,138,0
2014-10-23 23:45:00,138,0
2014-10-24 00:00:00,138,2
2014-10-24 00:15:00,138,0
2014-10-24 00:30:00,138,0
2014-10-24 00:45:00,138,0
2014-10-24 01:00:00,138,0
2014-10-24 01:15:00,138,0
2014-10-24 01:30:00,138,0
2014-10-24 01:45:00,138,0
2014-10-24 02:00:00,138,0
2014-10-24 02:15:00,138,0
2014-10-24 02:30:00,138,0
2014-10-24 02:45:00,138,0
2014-10-24 03:00:00,138,0
2014-10-24 03:15:00,138,0
2014-10-24 03:30:00,138,0
2014-10-24 03:45:00,138,0
2014-10-24 04:00:00,138,0
2014-10-24 04:15:00,138,0
2014-10-24 04:30:00,138,0
2014-10-24 04:45:00,138,0
2014-10-24 05:00:00,138,0
2014-10-24 05:15:00,138,0
2014-10-24 05:30:00,138,2
2014-10-24 05:45:00,138,2
2014-10-24 06:00:00,138,184
2014-10-24 06:15:00,138,313
2014-10-24 06:30:00,138,363
2014-10-24 06:45:00,138,253
2014-10-24 07:00:00,138,285
2014-10-24 07:15:00,138,266
2014-10-24 07:30:00,138,262
2014-10-24 07:45:00,138,182
2014-10-24 08:00:00,138,189
2014-10-24 08:15:00,138,148
2014-10-24 08:30:00,138,200
2014-10-24 08:45:00,138,202
2014-10-24 09:00:00,138,78
2014-10-24 09:15:00,138,12
2014-10-24 09:30:00,138,327
2014-10-24 09:45:00,138,266
2014-10-24 10:00:00,138,184
2014-10-24 10:15:00,138,140
2014-10-24 10:30:00,138,132
2014-10-24 10:45:00,138,142
2014-10-24 11:00:00,138,170
2014-10-24 11:15:00,138,154
2014-10-24 11:30:00,138,156
2014-10-24 11:45:00,138,172
2014-10-24 12:00:00,138,149
2014-10-24 12:15:00,138,173
2014-10-24 12:30:00,138,191
2014-10-24 12:45:00,138,179
2014-10-24 13:00:00,138,204
2014-10-24 13:15:00,138,175
2014-10-24 13:30:00,138,164
2014-10-24 13:45:00,138,171
2014-10-24 14:00:00,138,214
2014-10-24 14:15:00,138,195
2014-10-24 14:30:00,138,226
2014-10-24 14:45:00,138,204
2014-10-24 15:00:00,138,223
2014-10-24 15:15:00,138,204
2014-10-24 15:30:00,138,190
2014-10-24 15:45:00,138,220
2014-10-24 16:00:00,138,235
2014-10-24 16:15:00,138,240
2014-10-24 16:30:00,138,277
2014-10-24 16:45:00,138,268
2014-10-24 17:00:00,138,187
2014-10-24 17:15:00,138,220
2014-10-24 17:30:00,138,218
2014-10-24 17:45:00,138,193
2014-10-24 18:00:00,138,175
2014-10-24 18:15:00,138,204
2014-10-24 18:30:00,138,159
2014-10-24 18:45:00,138,145
2014-10-24 19:00:00,138,147
2014-10-24 19:15:00,138,207
2014-10-24 19:30:00,138,188
2014-10-24 19:45:00,138,176
2014-10-24 20:00:00,138,153
2014-10-24 20:15:00,138,139
2014-10-24 20:30:00,138,175
2014-10-24 20:45:00,138,114
2014-10-24 21:00:00,138,21
2014-10-24 21:15:00,138,0
2014-10-24 21:30:00,138,0
2014-10-24 21:45:00,138,0
2014-10-24 22:00:00,138,0
2014-10-24 22:15:00,138,0
2014-10-24 22:30:00,138,1
2014-10-24 22:45:00,138,0
2014-10-24 23:00:00,138,0
2014-10-24 23:15:00,138,0
2014-10-24 23:30:00,138,0
2014-10-24 23:45:00,138,0
2014-10-25 00:00:00,138,0
2014-10-25 00:15:00,138,0
2014-10-25 00:30:00,138,0
2014-10-25 00:45:00,138,2
2014-10-25 01:00:00,138,0
2014-10-25 01:15:00,138,0
2014-10-25 01:30:00,138,0
2014-10-25 01:45:00,138,0
2014-10-25 02:00:00,138,1
2014-10-25 02:15:00,138,0
2014-10-25 02:30:00,138,0
2014-10-25 02:45:00,138,0
2014-10-25 03:00:00,138,0
2014-10-25 03:15:00,138,0
2014-10-25 03:30:00,138,0
2014-10-25 03:45:00,138,0
2014-10-25 04:00:00,138,0
2014-10-25 04:15:00,138,0
2014-10-25 04:30:00,138,0
2014-10-25 04:45:00,138,0
2014-10-25 05:00:00,138,0
2014-10-25 05:15:00,138,0
2014-10-25 05:30:00,138,0
2014-10-25 05:45:00,138,1
2014-10-25 06:00:00,138,30
2014-10-25 06:15:00,138,53
2014-10-25 06:30:00,138,98
2014-10-25 06:45:00,138,87
2014-10-25 07:00:00,138,125
2014-10-25 07:15:00,138,105
2014-10-25 07:30:00,138,151
2014-10-25 07:45:00,138,99
2014-10-25 08:00:00,138,125
2014-10-25 08:15:00,138,165
2014-10-25 08:30:00,138,128
2014-10-25 08:45:00,138,114
2014-10-25 09:00:00,138,107
2014-10-25 09:15:00,138,87
2014-10-25 09:30:00,138,116
2014-10-25 09:45:00,138,108
2014-10-25 10:00:00,138,121
2014-10-25 10:15:00,138,97
2014-10-25 10:30:00,138,96
2014-10-25 10:45:00,138,123
2014-10-25 11:00:00,138,127
2014-10-25 11:15:00,138,124
2014-10-25 11:30:00,138,147
2014-10-25 11:45:00,138,123
2014-10-25 12:00:00,138,139
2014-10-25 12:15:00,138,143
2014-10-25 12:30:00,138,138
2014-10-25 12:45:00,138,123
2014-10-25 13:00:00,138,132
2014-10-25 13:15:00,138,128
2014-10-25 13:30:00,138,147
2014-10-25 13:45:00,138,133
2014-10-25 14:00:00,138,157
2014-10-25 14:15:00,138,160
2014-10-25 14:30:00,138,180
2014-10-25 14:45:00,138,223
2014-10-25 15:00:00,138,175
2014-10-25 15:15:00,138,186
2014-10-25 15:30:00,138,169
2014-10-25 15:45:00,138,175
2014-10-25 16:00:00,138,249
2014-10-25 16:15:00,138,219
2014-10-25 16:30:00,138,217
2014-10-25 16:45:00,138,63
2014-10-25 17:00:00,138,63
2014-10-25 17:15:00,138,120
2014-10-25 17:30:00,138,93
2014-10-25 17:45:00,138,39
2014-10-25 18:00:00,138,61
2014-10-25 18:15:00,138,60
2014-10-25 18:30:00,138,21
2014-10-25 18:45:00,138,53
2014-10-25 19:00:00,138,88
2014-10-25 19:15:00,138,87
2014-10-25 19:30:00,138,133
2014-10-25 19:45:00,138,168
2014-10-25 20:00:00,138,147
2014-10-25 20:15:00,138,157
2014-10-25 20:30:00,138,167
2014-10-25 20:45:00,138,150
2014-10-25 21:00:00,138,0
2014-10-25 21:15:00,138,0
2014-10-25 21:30:00,138,0
2014-10-25 21:45:00,138,0
2014-10-25 22:00:00,138,1
2014-10-25 22:15:00,138,1
2014-10-25 22:30:00,138,0
2014-10-25 22:45:00,138,0
2014-10-25 23:00:00,138,0
2014-10-25 23:15:00,138,0
2014-10-25 23:30:00,138,0
2014-10-25 23:45:00,138,0
2014-10-26 00:00:00,138,0
2014-10-26 00:15:00,138,0
2014-10-26 00:30:00,138,1
2014-10-26 00:45:00,138,0
2014-10-26 01:00:00,138,0
2014-10-26 01:15:00,138,0
2014-10-26 01:30:00,138,1
2014-10-26 01:45:00,138,0
2014-10-26 02:00:00,138,0
2014-10-26 02:15:00,138,0
2014-10-26 02:30:00,138,0
2014-10-26 02:45:00,138,0
2014-10-26 03:00:00,138,0
2014-10-26 03:15:00,138,0
2014-10-26 03:30:00,138,0
2014-10-26 03:45:00,138,0
2014-10-26 04:00:00,138,0
2014-10-26 04:15:00,138,0
2014-10-26 04:30:00,138,0
2014-10-26 04:45:00,138,0
2014-10-26 05:00:00,138,0
2014-10-26 05:15:00,138,0
2014-10-26 05:30:00,138,0
2014-10-26 05:45:00,138,8
2014-10-26 06:00:00,138,15
2014-10-26 06:15:00,138,31
2014-10-26 06:30:00,138,42
2014-10-26 06:45:00,138,49
2014-10-26 07:00:00,138,65
2014-10-26 07:15:00,138,64
2014-10-26 07:30:00,138,63
2014-10-26 07:45:00,138,62
2014-10-26 08:00:00,138,82
2014-10-26 08:15:00,138,95
2014-10-26 08:30:00,138,84
2014-10-26 08:45:00,138,64
2014-10-26 09:00:00,138,93
2014-10-26 09:15:00,138,69
2014-10-26 09:30:00,138,89
2014-10-26 09:45:00,138,68
2014-10-26 10:00:00,138,114
2014-10-26 10:15:00,138,98
2014-10-26 10:30:00,138,97
2014-10-26 10:45:00,138,89
2014-10-26 11:00:00,138,113
2014-10-26 11:15:00,138,117
2014-10-26 11:30:00,138,132
2014-10-26 11:45:00,138,104
2014-10-26 12:00:00,138,115
2014-10-26 12:15:00,138,140
2014-10-26 12:30:00,138,105
2014-10-26 12:45:00,138,109
2014-10-26 13:00:00,138,97
2014-10-26 13:15:00,138,138
2014-10-26 13:30:00,138,157
2014-10-26 13:45:00,138,107
2014-10-26 14:00:00,138,174
2014-10-26 14:15:00,138,133
2014-10-26 14:30:00,138,139
2014-10-26 14:45:00,138,122
2014-10-26 15:00:00,138,175
2014-10-26 15:15:00,138,182
2014-10-26 15:30:00,138,173
2014-10-26 15:45:00,138,197
2014-10-26 16:00:00,138,192
2014-10-26 16:15:00,138,212
2014-10-26 16:30:00,138,46
2014-10-26 16:45:00,138,29
2014-10-26 17:00:00,138,76
2014-10-26 17:15:00,138,51
2014-10-26 17:30:00,138,95
2014-10-26 17:45:00,138,185
2014-10-26 18:00:00,138,87
2014-10-26 18:15:00,138,88
2014-10-26 18:30:00,138,63
2014-10-26 18:45:00,138,55
2014-10-26 19:00:00,138,47
2014-10-26 19:15:00,138,46
2014-10-26 19:30:00,138,35
2014-10-26 19:45:00,138,18
2014-10-26 20:00:00,138,8
2014-10-26 20:15:00,138,1
2014-10-26 20:30:00,138,2
2014-10-26 20:45:00,138,0
2014-10-26 21:00:00,138,0
2014-10-26 21:15:00,138,0
2014-10-26 21:30:00,138,0
2014-10-26 21:45:00,138,0
2014-10-26 22:00:00,138,0
2014-10-26 22:15:00,138,0
2014-10-26 22:30:00,138,0
2014-10-26 22:45:00,138,0
2014-10-26 23:00:00,138,0
2014-10-26 23:15:00,138,0
2014-10-26 23:30:00,138,0
2014-10-26 23:45:00,138,0
2014-10-27 00:00:00,138,0
2014-10-27 00:15:00,138,0
2014-10-27 00:30:00,138,0
2014-10-27 00:45:00,138,0
2014-10-27 01:00:00,138,0
2014-10-27 01:15:00,138,0
2014-10-27 01:30:00,138,0
2014-10-27 01:45:00,138,0
2014-10-27 02:00:00,138,0
2014-10-27 02:15:00,138,0
2014-10-27 02:30:00,138,0
2014-10-27 02:45:00,138,0
2014-10-27 03:00:00,138,0
2014-10-27 03:15:00,138,0
2014-10-27 03:30:00,138,0
2014-10-27 03:45:00,138,0
2014-10-27 04:00:00,138,0
2014-10-27 04:15:00,138,0
2014-10-27 04:30:00,138,0
2014-10-27 04:45:00,138,0
2014-10-27 05:00:00,138,0
2014-10-27 05:15:00,138,0
2014-10-27 05:30:00,138,1
2014-10-27 05:45:00,138,0
2014-10-27 06:00:00,138,66
2014-10-27 06:15:00,138,194
2014-10-27 06:30:00,138,182
2014-10-27 06:45:00,138,243
2014-10-27 07:00:00,138,251
2014-10-27 07:15:00,138,250
2014-10-27 07:30:00,138,268
2014-10-27 07:45:00,138,237
2014-10-27 08:00:00,138,259
2014-10-27 08:15:00,138,281
2014-10-27 08:30:00,138,247
2014-10-27 08:45:00,138,230
2014-10-27 09:00:00,138,242
2014-10-27 09:15:00,138,230
2014-10-27 09:30:00,138,244
2014-10-27 09:45:00,138,235
2014-10-27 10:00:00,138,171
2014-10-27 10:15:00,138,120
2014-10-27 10:30:00,138,131
2014-10-27 10:45:00,138,109
2014-10-27 11:00:00,138,129
2014-10-27 11:15:00,138,141
2014-10-27 11:30:00,138,132
2014-10-27 11:45:00,138,114
2014-10-27 12:00:00,138,133
2014-10-27 12:15:00,138,175
2014-10-27 12:30:00,138,144
2014-10-27 12:45:00,138,132
2014-10-27 13:00:00,138,125
2014-10-27 13:15:00,138,122
2014-10-27 13:30:00,138,157
2014-10-27 13:45:00,138,124
2014-10-27 14:00:00,138,143
2014-10-27 14:15:00,138,139
2014-10-27 14:30:00,138,159
2014-10-27 14:45:00,138,181
2014-10-27 15:00:00,138,147
2014-10-27 15:15:00,138,165
2014-10-27 15:30:00,138,190
2014-10-27 15:45:00,138,189
2014-10-27 16:00:00,138,204
2014-10-27 16:15:00,138,174
2014-10-27 16:30:00,138,141
2014-10-27 16:45:00,138,80
2014-10-27 17:00:00,138,104
2014-10-27 17:15:00,138,111
2014-10-27 17:30:00,138,102
2014-10-27 17:45:00,138,52
2014-10-27 18:00:00,138,70
2014-10-27 18:15:00,138,11
2014-10-27 18:30:00,138,26
2014-10-27 18:45:00,138,74
2014-10-27 19:00:00,138,0
2014-10-27 19:15:00,138,124
2014-10-27 19:30:00,138,143
2014-10-27 19:45:00,138,50
2014-10-27 20:00:00,138,124
2014-10-27 20:15:00,138,127
2014-10-27 20:30:00,138,58
2014-10-27 20:45:00,138,70
2014-10-27 21:00:00,138,19
2014-10-27 21:15:00,138,0
2014-10-27 21:30:00,138,0
2014-10-27 21:45:00,138,0
2014-10-27 22:00:00,138,0
2014-10-27 22:15:00,138,0
2014-10-27 22:30:00,138,0
2014-10-27 22:45:00,138,0
2014-10-27 23:00:00,138,2
2014-10-27 23:15:00,138,0
2014-10-27 23:30:00,138,0
2014-10-27 23:45:00,138,0
2014-10-28 00:00:00,138,0
2014-10-28 00:15:00,138,0
2014-10-28 00:30:00,138,0
2014-10-28 00:45:00,138,0
2014-10-28 01:00:00,138,0
2014-10-28 01:15:00,138,0
2014-10-28 01:30:00,138,0
2014-10-28 01:45:00,138,0
2014-10-28 02:00:00,138,0
2014-10-28 02:15:00,138,0
2014-10-28 02:30:00,138,2
2014-10-28 02:45:00,138,0
2014-10-28 03:00:00,138,0
2014-10-28 03:15:00,138,0
2014-10-28 03:30:00,138,0
2014-10-28 03:45:00,138,0
2014-10-28 04:00:00,138,1
2014-10-28 04:15:00,138,0
2014-10-28 04:30:00,138,0
2014-10-28 04:45:00,138,0
2014-10-28 05:00:00,138,0
2014-10-28 05:15:00,138,0
2014-10-28 05:30:00,138,0
2014-10-28 05:45:00,138,1
2014-10-28 06:00:00,138,28
2014-10-28 06:15:00,138,0
2014-10-28 06:30:00,138,0
2014-10-28 06:45:00,138,25
2014-10-28 07:00:00,138,343
2014-10-28 07:15:00,138,329
2014-10-28 07:30:00,138,311
2014-10-28 07:45:00,138,273
2014-10-28 08:00:00,138,283
2014-10-28 08:15:00,138,282
2014-10-28 08:30:00,138,284
2014-10-28 08:45:00,138,283
2014-10-28 09:00:00,138,254
2014-10-28 09:15:00,138,238
2014-10-28 09:30:00,138,247
2014-10-28 09:45:00,138,242
2014-10-28 10:00:00,138,160
2014-10-28 10:15:00,138,139
2014-10-28 10:30:00,138,149
2014-10-28 10:45:00,138,121
2014-10-28 11:00:00,138,176
2014-10-28 11:15:00,138,155
2014-10-28 11:30:00,138,197
2014-10-28 11:45:00,138,156
2014-10-28 12:00:00,138,154
2014-10-28 12:15:00,138,172
2014-10-28 12:30:00,138,191
2014-10-28 12:45:00,138,183
2014-10-28 13:00:00,138,212
2014-10-28 13:15:00,138,201
2014-10-28 13:30:00,138,161
2014-10-28 13:45:00,138,168
2014-10-28 14:00:00,138,199
2014-10-28 14:15:00,138,208
2014-10-28 14:30:00,138,232
2014-10-28 14:45:00,138,235
2014-10-28 15:00:00,138,240
2014-10-28 15:15:00,138,268
2014-10-28 15:30:00,138,277
2014-10-28 15:45:00,138,310
2014-10-28 16:00:00,138,239
2014-10-28 16:15:00,138,375
2014-10-28 16:30:00,138,353
2014-10-28 16:45:00,138,238
2014-10-28 17:00:00,138,291
2014-10-28 17:15:00,138,279
2014-10-28 17:30:00,138,245
2014-10-28 17:45:00,138,208
2014-10-28 18:00:00,138,248
2014-10-28 18:15:00,138,197
2014-10-28 18:30:00,138,236
2014-10-28 18:45:00,138,162
2014-10-28 19:00:00,138,231
2014-10-28 19:15:00,138,186
2014-10-28 19:30:00,138,216
2014-10-28 19:45:00,138,194
2014-10-28 20:00:00,138,173
2014-10-28 20:15:00,138,182
2014-10-28 20:30:00,138,139
2014-10-28 20:45:00,138,101
2014-10-28 21:00:00,138,33
2014-10-28 21:15:00,138,0
2014-10-28 21:30:00,138,0
2014-10-28 21:45:00,138,2
2014-10-28 22:00:00,138,0
2014-10-28 22:15:00,138,0
2014-10-28 22:30:00,138,1
2014-10-28 22:45:00,138,0
2014-10-28 23:00:00,138,0
2014-10-28 23:15:00,138,1
2014-10-28 23:30:00,138,0
2014-10-28 23:45:00,138,0
2014-10-29 00:00:00,138,0
2014-10-29 00:15:00,138,0
2014-10-29 00:30:00,138,0
2014-10-29 00:45:00,138,0
2014-10-29 01:00:00,138,0
2014-10-29 01:15:00,138,0
2014-10-29 01:30:00,138,1
2014-10-29 01:45:00,138,0
2014-10-29 02:00:00,138,0
2014-10-29 02:15:00,138,0
2014-10-29 02:30:00,138,0
2014-10-29 02:45:00,138,0
2014-10-29 03:00:00,138,0
2014-10-29 03:15:00,138,0
2014-10-29 03:30:00,138,0
2014-10-29 03:45:00,138,0
2014-10-29 04:00:00,138,0
2014-10-29 04:15:00,138,0
2014-10-29 04:30:00,138,0
2014-10-29 04:45:00,138,0
2014-10-29 05:00:00,138,1
2014-10-29 05:15:00,138,0
2014-10-29 05:30:00,138,0
2014-10-29 05:45:00,138,2
2014-10-29 06:00:00,138,192
2014-10-29 06:15:00,138,311
2014-10-29 06:30:00,138,339
2014-10-29 06:45:00,138,334
2014-10-29 07:00:00,138,321
2014-10-29 07:15:00,138,343
2014-10-29 07:30:00,138,302
2014-10-29 07:45:00,138,206
2014-10-29 08:00:00,138,277
2014-10-29 08:15:00,138,253
2014-10-29 08:30:00,138,237
2014-10-29 08:45:00,138,194
2014-10-29 09:00:00,138,222
2014-10-29 09:15:00,138,235
2014-10-29 09:30:00,138,242
2014-10-29 09:45:00,138,215
2014-10-29 10:00:00,138,157
2014-10-29 10:15:00,138,110
2014-10-29 10:30:00,138,117
2014-10-29 10:45:00,138,114
2014-10-29 11:00:00,138,134
2014-10-29 11:15:00,138,129
2014-10-29 11:30:00,138,145
2014-10-29 11:45:00,138,149
2014-10-29 12:00:00,138,169
2014-10-29 12:15:00,138,156
2014-10-29 12:30:00,138,142
2014-10-29 12:45:00,138,189
2014-10-29 13:00:00,138,172
2014-10-29 13:15:00,138,165
2014-10-29 13:30:00,138,156
2014-10-29 13:45:00,138,156
2014-10-29 14:00:00,138,179
2014-10-29 14:15:00,138,187
2014-10-29 14:30:00,138,228
2014-10-29 14:45:00,138,212
2014-10-29 15:00:00,138,233
2014-10-29 15:15:00,138,214
2014-10-29 15:30:00,138,252
2014-10-29 15:45:00,138,288
2014-10-29 16:00:00,138,298
2014-10-29 16:15:00,138,291
2014-10-29 16:30:00,138,351
2014-10-29 16:45:00,138,275
2014-10-29 17:00:00,138,294
2014-10-29 17:15:00,138,229
2014-10-29 17:30:00,138,215
2014-10-29 17:45:00,138,229
2014-10-29 18:00:00,138,173
2014-10-29 18:15:00,138,167
2014-10-29 18:30:00,138,188
2014-10-29 18:45:00,138,191
2014-10-29 19:00:00,138,178
2014-10-29 19:15:00,138,167
2014-10-29 19:30:00,138,198
2014-10-29 19:45:00,138,135
2014-10-29 20:00:00,138,150
2014-10-29 20:15:00,138,156
2014-10-29 20:30:00,138,149
2014-10-29 20:45:00,138,90
2014-10-29 21:00:00,138,0
2014-10-29 21:15:00,138,0
2014-10-29 21:30:00,138,1
2014-10-29 21:45:00,138,1
2014-10-29 22:00:00,138,0
2014-10-29 22:15:00,138,0
2014-10-29 22:30:00,138,0
2014-10-29 22:45:00,138,1
2014-10-29 23:00:00,138,6
2014-10-29 23:15:00,138,0
2014-10-29 23:30:00,138,0
2014-10-29 23:45:00,138,2
2014-10-30 00:00:00,138,1
2014-10-30 00:15:00,138,0
2014-10-30 00:30:00,138,0
2014-10-30 00:45:00,138,0
2014-10-30 01:00:00,138,0
2014-10-30 01:15:00,138,2
2014-10-30 01:30:00,138,4
2014-10-30 01:45:00,138,0
2014-10-30 02:00:00,138,0
2014-10-30 02:15:00,138,0
2014-10-30 02:30:00,138,0
2014-10-30 02:45:00,138,0
2014-10-30 03:00:00,138,0
2014-10-30 03:15:00,138,0
2014-10-30 03:30:00,138,0
2014-10-30 03:45:00,138,0
2014-10-30 04:00:00,138,0
2014-10-30 04:15:00,138,0
2014-10-30 04:30:00,138,0
2014-10-30 04:45:00,138,0
2014-10-30 05:00:00,138,1
2014-10-30 05:15:00,138,0
2014-10-30 05:30:00,138,2
2014-10-30 05:45:00,138,0
2014-10-30 06:00:00,138,153
2014-10-30 06:15:00,138,316
2014-10-30 06:30:00,138,325
2014-10-30 06:45:00,138,372
2014-10-30 07:00:00,138,351
2014-10-30 07:15:00,138,300
2014-10-30 07:30:00,138,282
2014-10-30 07:45:00,138,251
2014-10-30 08:00:00,138,240
2014-10-30 08:15:00,138,309
2014-10-30 08:30:00,138,229
2014-10-30 08:45:00,138,226
2014-10-30 09:00:00,138,285
2014-10-30 09:15:00,138,260
2014-10-30 09:30:00,138,249
2014-10-30 09:45:00,138,222
2014-10-30 10:00:00,138,148
2014-10-30 10:15:00,138,143
2014-10-30 10:30:00,138,111
2014-10-30 10:45:00,138,129
2014-10-30 11:00:00,138,140
2014-10-30 11:15:00,138,135
2014-10-30 11:30:00,138,145
2014-10-30 11:45:00,138,134
2014-10-30 12:00:00,138,176
2014-10-30 12:15:00,138,193
2014-10-30 12:30:00,138,160
2014-10-30 12:45:00,138,188
2014-10-30 13:00:00,138,176
2014-10-30 13:15:00,138,173
2014-10-30 13:30:00,138,171
2014-10-30 13:45:00,138,203
2014-10-30 14:00:00,138,191
2014-10-30 14:15:00,138,181
2014-10-30 14:30:00,138,220
2014-10-30 14:45:00,138,235
2014-10-30 15:00:00,138,221
2014-10-30 15:15:00,138,235
2014-10-30 15:30:00,138,276
2014-10-30 15:45:00,138,311
2014-10-30 16:00:00,138,277
2014-10-30 16:15:00,138,250
2014-10-30 16:30:00,138,294
2014-10-30 16:45:00,138,265
2014-10-30 17:00:00,138,170
2014-10-30 17:15:00,138,241
2014-10-30 17:30:00,138,201
2014-10-30 17:45:00,138,200
2014-10-30 18:00:00,138,180
2014-10-30 18:15:00,138,172
2014-10-30 18:30:00,138,183
2014-10-30 18:45:00,138,159
2014-10-30 19:00:00,138,183
2014-10-30 19:15:00,138,194
2014-10-30 19:30:00,138,221
2014-10-30 19:45:00,138,166
2014-10-30 20:00:00,138,150
2014-10-30 20:15:00,138,159
2014-10-30 20:30:00,138,146
2014-10-30 20:45:00,138,114
2014-10-30 21:00:00,138,69
2014-10-30 21:15:00,138,1
2014-10-30 21:30:00,138,0
2014-10-30 21:45:00,138,0
2014-10-30 22:00:00,138,0
2014-10-30 22:15:00,138,0
2014-10-30 22:30:00,138,0
2014-10-30 22:45:00,138,0
2014-10-30 23:00:00,138,0
2014-10-30 23:15:00,138,0
2014-10-30 23:30:00,138,2
2014-10-30 23:45:00,138,6
2014-10-31 00:00:00,138,3
2014-10-31 00:15:00,138,0
2014-10-31 00:30:00,138,0
2014-10-31 00:45:00,138,4
2014-10-31 01:00:00,138,0
2014-10-31 01:15:00,138,0
2014-10-31 01:30:00,138,0
2014-10-31 01:45:00,138,0
2014-10-31 02:00:00,138,0
2014-10-31 02:15:00,138,0
2014-10-31 02:30:00,138,0
2014-10-31 02:45:00,138,0
2014-10-31 03:00:00,138,0
2014-10-31 03:15:00,138,0
2014-10-31 03:30:00,138,0
2014-10-31 03:45:00,138,0
2014-10-31 04:00:00,138,0
2014-10-31 04:15:00,138,0
2014-10-31 04:30:00,138,0
2014-10-31 04:45:00,138,1
2014-10-31 05:00:00,138,1
2014-10-31 05:15:00,138,1
2014-10-31 05:30:00,138,2
2014-10-31 05:45:00,138,0
2014-10-31 06:00:00,138,164
2014-10-31 06:15:00,138,333
2014-10-31 06:30:00,138,328
2014-10-31 06:45:00,138,227
2014-10-31 07:00:00,138,260
2014-10-31 07:15:00,138,279
2014-10-31 07:30:00,138,245
2015-07-10 15:00:00,83624,98
2015-07-10 15:15:00,83624,146
2015-07-10 15:30:00,83624,152
2015-07-10 15:45:00,83624,181
2015-07-10 16:00:00,83624,159
2015-07-10 16:15:00,83624,159
2015-07-10 16:30:00,83624,151
2015-07-10 16:45:00,83624,165
2015-07-10 17:00:00,83624,162
2015-07-10 17:15:00,83624,197
2015-07-10 17:30:00,83624,181
2015-07-10 17:45:00,83624,186
2015-07-10 18:00:00,83624,186
2015-07-10 18:15:00,83624,208
2015-07-10 18:30:00,83624,219
2015-07-10 18:45:00,83624,258
2015-07-10 19:00:00,83624,239
2015-07-10 19:15:00,83624,238
2015-07-10 19:30:00,83624,211
2015-07-10 19:45:00,83624,185
2015-07-10 20:00:00,83624,178
2015-07-10 20:15:00,83624,165
2015-07-10 20:30:00,83624,178
2015-07-10 20:45:00,83624,163
2015-07-10 21:00:00,83624,165
2015-07-10 21:15:00,83624,150
2015-07-10 21:30:00,83624,127
2015-07-10 21:45:00,83624,121
2015-07-10 22:00:00,83624,167
2015-07-10 22:15:00,83624,120
2015-07-10 22:30:00,83624,102
2015-07-10 22:45:00,83624,130
2015-07-10 23:00:00,83624,145
2015-07-10 23:15:00,83624,87
2015-07-10 23:30:00,83624,94
2015-07-10 23:45:00,83624,100
2015-07-11 00:00:00,83624,79
2015-07-11 00:15:00,83624,55
2015-07-11 00:30:00,83624,58
2015-07-11 00:45:00,83624,56
2015-07-11 01:00:00,83624,48
2015-07-11 01:15:00,83624,49
2015-07-11 01:30:00,83624,47
2015-07-11 01:45:00,83624,53
2015-07-11 02:00:00,83624,60
2015-07-11 02:15:00,83624,44
2015-07-11 02:30:00,83624,49
2015-07-11 02:45:00,83624,38
2015-07-11 03:00:00,83624,35
2015-07-11 03:15:00,83624,19
2015-07-11 03:30:00,83624,37
2015-07-11 03:45:00,83624,29
2015-07-11 04:00:00,83624,32
2015-07-11 04:15:00,83624,38
2015-07-11 04:30:00,83624,27
2015-07-11 04:45:00,83624,25
2015-07-11 05:00:00,83624,22
2015-07-11 05:15:00,83624,40
2015-07-11 05:30:00,83624,47
2015-07-11 05:45:00,83624,34
2015-07-11 06:00:00,83624,45
2015-07-11 06:15:00,83624,61
2015-07-11 06:30:00,83624,39
2015-07-11 06:45:00,83624,74
2015-07-11 07:00:00,83624,58
2015-07-11 07:15:00,83624,60
2015-07-11 07:30:00,83624,78
2015-07-11 07:45:00,83624,79
2015-07-11 08:00:00,83624,98
2015-07-11 08:15:00,83624,86
2015-07-11 08:30:00,83624,93
2015-07-11 08:45:00,83624,103
2015-07-11 09:00:00,83624,99
2015-07-11 09:15:00,83624,103
2015-07-11 09:30:00,83624,100
2015-07-11 09:45:00,83624,100
2015-07-11 10:00:00,83624,114
2015-07-11 10:15:00,83624,115
2015-07-11 10:30:00,83624,118
2015-07-11 10:45:00,83624,122
2015-07-11 11:00:00,83624,124
2015-07-11 11:15:00,83624,139
2015-07-11 11:30:00,83624,145
2015-07-11 11:45:00,83624,136
2015-07-11 12:00:00,83624,130
2015-07-11 12:15:00,83624,130
2015-07-11 12:30:00,83624,145
2015-07-11 12:45:00,83624,182
2015-07-11 13:00:00,83624,149
2015-07-11 13:15:00,83624,154
2015-07-11 13:30:00,83624,157
2015-07-11 13:45:00,83624,183
2015-07-11 14:00:00,83624,175
2015-07-11 14:15:00,83624,177
2015-07-11 14:30:00,83624,193
2015-07-11 14:45:00,83624,189
2015-07-11 15:00:00,83624,189
2015-07-11 15:15:00,83624,186
2015-07-11 15:30:00,83624,201
2015-07-11 15:45:00,83624,195
2015-07-11 16:00:00,83624,180
2015-07-11 16:15:00,83624,207
2015-07-11 16:30:00,83624,168
2015-07-11 16:45:00,83624,221
2015-07-11 17:00:00,83624,217
2015-07-11 17:15:00,83624,201
2015-07-11 17:30:00,83624,213
2015-07-11 17:45:00,83624,209
2015-07-11 18:00:00,83624,210
2015-07-11 18:15:00,83624,225
2015-07-11 18:30:00,83624,226
2015-07-11 18:45:00,83624,192
2015-07-11 19:00:00,83624,232
2015-07-11 19:15:00,83624,263
2015-07-11 19:30:00,83624,294
2015-07-11 19:45:00,83624,225
2015-07-11 20:00:00,83624,239
2015-07-11 20:15:00,83624,207
2015-07-11 20:30:00,83624,232
2015-07-11 20:45:00,83624,190
2015-07-11 21:00:00,83624,203
2015-07-11 21:15:00,83624,182
2015-07-11 21:30:00,83624,191
2015-07-11 21:45:00,83624,176
2015-07-11 22:00:00,83624,182
2015-07-11 22:15:00,83624,138
2015-07-11 22:30:00,83624,145
2015-07-11 22:45:00,83624,152
2015-07-11 23:00:00,83624,135
2015-07-11 23:15:00,83624,113
2015-07-11 23:30:00,83624,115
2015-07-11 23:45:00,83624,101
2015-07-12 00:00:00,83624,77
2015-07-12 00:15:00,83624,117
2015-07-12 00:30:00,83624,78
2015-07-12 00:45:00,83624,91
2015-07-12 01:00:00,83624,67
2015-07-12 01:15:00,83624,58
2015-07-12 01:30:00,83624,57
2015-07-12 01:45:00,83624,60
2015-07-12 02:00:00,83624,40
2015-07-12 02:15:00,83624,62
2015-07-12 02:30:00,83624,50
2015-07-12 02:45:00,83624,31
2015-07-12 03:00:00,83624,35
2015-07-12 03:15:00,83624,27
2015-07-12 03:30:00,83624,26
2015-07-12 03:45:00,83624,33
2015-07-12 04:00:00,83624,20
2015-07-12 04:15:00,83624,46
2015-07-12 04:30:00,83624,29
2015-07-12 04:45:00,83624,29
2015-07-12 05:00:00,83624,41
2015-07-12 05:15:00,83624,26
2015-07-12 05:30:00,83624,34
2015-07-12 05:45:00,83624,35
2015-07-12 06:00:00,83624,35
2015-07-12 06:15:00,83624,36
2015-07-12 06:30:00,83624,38
2015-07-12 06:45:00,83624,46
2015-07-12 07:00:00,83624,54
2015-07-12 07:15:00,83624,49
2015-07-12 07:30:00,83624,45
2015-07-12 07:45:00,83624,60
2015-07-12 08:00:00,83624,66
2015-07-12 08:15:00,83624,68
2015-07-12 08:30:00,83624,64
2015-07-12 08:45:00,83624,73
2015-07-12 09:00:00,83624,83
2015-07-12 09:15:00,83624,79
2015-07-12 09:30:00,83624,88
2015-07-12 09:45:00,83624,116
2015-07-12 10:00:00,83624,111
2015-07-12 10:15:00,83624,124
2015-07-12 10:30:00,83624,105
2015-07-12 10:45:00,83624,120
2015-07-12 11:00:00,83624,133
2015-07-12 11:15:00,83624,99
2015-07-12 11:30:00,83624,133
2015-07-12 11:45:00,83624,140
2015-07-12 12:00:00,83624,144
2015-07-12 12:15:00,83624,147
2015-07-12 12:30:00,83624,275
2015-07-12 12:45:00,83624,243
2015-07-12 13:00:00,83624,202
2015-07-12 13:15:00,83624,190
2015-07-12 13:30:00,83624,148
2015-07-12 13:45:00,83624,189
2015-07-12 14:00:00,83624,166
2015-07-12 14:15:00,83624,172
2015-07-12 14:30:00,83624,157
2015-07-12 14:45:00,83624,195
2015-07-12 15:00:00,83624,195
2015-07-12 15:15:00,83624,215
2015-07-12 15:30:00,83624,219
2015-07-12 15:45:00,83624,178
2015-07-12 16:00:00,83624,206
2015-07-12 16:15:00,83624,213
2015-07-12 16:30:00,83624,194
2015-07-12 16:45:00,83624,185
2015-07-12 17:00:00,83624,223
2015-07-12 17:15:00,83624,187
2015-07-12 17:30:00,83624,166
2015-07-12 17:45:00,83624,175
2015-07-12 18:00:00,83624,165
2015-07-12 18:15:00,83624,178
2015-07-12 18:30:00,83624,155
2015-07-12 18:45:00,83624,153
2015-07-12 19:00:00,83624,185
2015-07-12 19:15:00,83624,192
2015-07-12 19:30:00,83624,164
2015-07-12 19:45:00,83624,149
2015-07-12 20:00:00,83624,151
2015-07-12 20:15:00,83624,158
2015-07-12 20:30:00,83624,173
2015-07-12 20:45:00,83624,172
2015-07-12 21:00:00,83624,154
2015-07-12 21:15:00,83624,164
2015-07-12 21:30:00,83624,128
2015-07-12 21:45:00,83624,107
2015-07-12 22:00:00,83624,100
2015-07-12 22:15:00,83624,98
2015-07-12 22:30:00,83624,107
2015-07-12 22:45:00,83624,90
2015-07-12 23:00:00,83624,111
2015-07-12 23:15:00,83624,93
2015-07-12 23:30:00,83624,71
2015-07-12 23:45:00,83624,60
2015-07-13 00:00:00,83624,53
2015-07-13 00:15:00,83624,38
2015-07-13 00:30:00,83624,36
2015-07-13 00:45:00,83624,51
2015-07-13 01:00:00,83624,39
2015-07-13 01:15:00,83624,40
2015-07-13 01:30:00,83624,36
2015-07-13 01:45:00,83624,19
2015-07-13 02:00:00,83624,18
2015-07-13 02:15:00,83624,21
2015-07-13 02:30:00,83624,19
2015-07-13 02:45:00,83624,11
2015-07-13 03:00:00,83624,12
2015-07-13 03:15:00,83624,8
2015-07-13 03:30:00,83624,13
2015-07-13 03:45:00,83624,22
2015-07-13 04:00:00,83624,22
2015-07-13 04:15:00,83624,26
2015-07-13 04:30:00,83624,21
2015-07-13 04:45:00,83624,28
2015-07-13 05:00:00,83624,33
2015-07-13 05:15:00,83624,25
2015-07-13 05:30:00,83624,31
2015-07-13 05:45:00,83624,43
2015-07-13 06:00:00,83624,40
2015-07-13 06:15:00,83624,65
2015-07-13 06:30:00,83624,71
2015-07-13 06:45:00,83624,86
2015-07-13 07:00:00,83624,92
2015-07-13 07:15:00,83624,85
2015-07-13 07:30:00,83624,102
2015-07-13 07:45:00,83624,130
2015-07-13 08:00:00,83624,112
2015-07-13 08:15:00,83624,112
2015-07-13 08:30:00,83624,126
2015-07-13 08:45:00,83624,106
2015-07-13 09:00:00,83624,130
2015-07-13 09:15:00,83624,111
2015-07-13 09:30:00,83624,131
2015-07-13 09:45:00,83624,107
2015-07-13 10:00:00,83624,100
2015-07-13 10:15:00,83624,101
2015-07-13 10:30:00,83624,92
2015-07-13 10:45:00,83624,91
2015-07-13 11:00:00,83624,111
2015-07-13 11:15:00,83624,100
2015-07-13 11:30:00,83624,108
2015-07-13 11:45:00,83624,98
2015-07-13 12:00:00,83624,112
2015-07-13 12:15:00,83624,117
2015-07-13 12:30:00,83624,131
2015-07-13 12:45:00,83624,128
2015-07-13 13:00:00,83624,134
2015-07-13 13:15:00,83624,117
2015-07-13 13:30:00,83624,141
2015-07-13 13:45:00,83624,135
2015-07-13 14:00:00,83624,116
2015-07-13 14:15:00,83624,113
2015-07-13 14:30:00,83624,112
2015-07-13 14:45:00,83624,105
2015-07-13 15:00:00,83624,130
2015-07-13 15:15:00,83624,136
2015-07-13 15:30:00,83624,127
2015-07-13 15:45:00,83624,132
2015-07-13 16:00:00,83624,140
2015-07-13 16:15:00,83624,148
2015-07-13 16:30:00,83624,158
2015-07-13 16:45:00,83624,172
2015-07-13 17:00:00,83624,142
2015-07-13 17:15:00,83624,179
2015-07-13 17:30:00,83624,180
2015-07-13 17:45:00,83624,210
2015-07-13 18:00:00,83624,160
2015-07-13 18:15:00,83624,167
2015-07-13 18:30:00,83624,184
2015-07-13 18:45:00,83624,159
2015-07-13 19:00:00,83624,188
2015-07-13 19:15:00,83624,182
2015-07-13 19:30:00,83624,154
2015-07-13 19:45:00,83624,142
2015-07-13 20:00:00,83624,166
2015-07-13 20:15:00,83624,146
2015-07-13 20:30:00,83624,144
2015-07-13 20:45:00,83624,125
2015-07-13 21:00:00,83624,115
2015-07-13 21:15:00,83624,115
2015-07-13 21:30:00,83624,116
2015-07-13 21:45:00,83624,86
2015-07-13 22:00:00,83624,92
2015-07-13 22:15:00,83624,80
2015-07-13 22:30:00,83624,87
2015-07-13 22:45:00,83624,71
2015-07-13 23:00:00,83624,64
2015-07-13 23:15:00,83624,74
2015-07-13 23:30:00,83624,54
2015-07-13 23:45:00,83624,68
2015-07-14 00:00:00,83624,52
2015-07-14 00:15:00,83624,47
2015-07-14 00:30:00,83624,39
2015-07-14 00:45:00,83624,27
2015-07-14 01:00:00,83624,32
2015-07-14 01:15:00,83624,27
2015-07-14 01:30:00,83624,25
2015-07-14 01:45:00,83624,28
2015-07-14 02:00:00,83624,16
2015-07-14 02:15:00,83624,22
2015-07-14 02:30:00,83624,9
2015-07-14 02:45:00,83624,20
2015-07-14 03:00:00,83624,8
2015-07-14 03:15:00,83624,15
2015-07-14 03:30:00,83624,10
2015-07-14 03:45:00,83624,20
2015-07-14 04:00:00,83624,14
2015-07-14 04:15:00,83624,14
2015-07-14 04:30:00,83624,12
2015-07-14 04:45:00,83624,14
2015-07-14 05:00:00,83624,30
2015-07-14 05:15:00,83624,25
2015-07-14 05:30:00,83624,24
2015-07-14 05:45:00,83624,46
2015-07-14 06:00:00,83624,66
2015-07-14 06:15:00,83624,72
2015-07-14 06:30:00,83624,80
2015-07-14 06:45:00,83624,82
2015-07-14 07:00:00,83624,102
2015-07-14 07:15:00,83624,90
2015-07-14 07:30:00,83624,116
2015-07-14 07:45:00,83624,139
2015-07-14 08:00:00,83624,128
2015-07-14 08:15:00,83624,134
2015-07-14 08:30:00,83624,110
2015-07-14 08:45:00,83624,127
2015-07-14 09:00:00,83624,152
2015-07-14 09:15:00,83624,121
2015-07-14 09:30:00,83624,107
2015-07-14 09:45:00,83624,91
2015-07-14 10:00:00,83624,114
2015-07-14 10:15:00,83624,117
2015-07-14 10:30:00,83624,101
2015-07-14 10:45:00,83624,108
2015-07-14 11:00:00,83624,92
2015-07-14 11:15:00,83624,92
2015-07-14 11:30:00,83624,102
2015-07-14 11:45:00,83624,88
2015-07-14 12:00:00,83624,135
2015-07-14 12:15:00,83624,112
2015-07-14 12:30:00,83624,127
2015-07-14 12:45:00,83624,108
2015-07-14 13:00:00,83624,104
2015-07-14 13:15:00,83624,107
2015-07-14 13:30:00,83624,130
2015-07-14 13:45:00,83624,115
2015-07-14 14:00:00,83624,133
2015-07-14 14:15:00,83624,112
2015-07-14 14:30:00,83624,105
2015-07-14 14:45:00,83624,138
2015-07-14 15:00:00,83624,127
2015-07-14 15:15:00,83624,149
2015-07-14 15:30:00,83624,126
2015-07-14 15:45:00,83624,135
2015-07-14 16:00:00,83624,107
2015-07-14 16:15:00,83624,138
2015-07-14 16:30:00,83624,133
2015-07-14 16:45:00,83624,154
2015-07-14 17:00:00,83624,140
2015-07-14 17:15:00,83624,167
2015-07-14 17:30:00,83624,179
2015-07-14 17:45:00,83624,174
2015-07-14 18:00:00,83624,187
2015-07-14 18:15:00,83624,176
2015-07-14 18:30:00,83624,214
2015-07-14 18:45:00,83624,170
2015-07-14 19:00:00,83624,165
2015-07-14 19:15:00,83624,164
2015-07-14 19:30:00,83624,146
2015-07-14 19:45:00,83624,135
2015-07-14 20:00:00,83624,134
2015-07-14 20:15:00,83624,156
2015-07-14 20:30:00,83624,140
2015-07-14 20:45:00,83624,135
2015-07-14 21:00:00,83624,144
2015-07-14 21:15:00,83624,107
2015-07-14 21:30:00,83624,130
2015-07-14 21:45:00,83624,113
2015-07-14 22:00:00,83624,101
2015-07-14 22:15:00,83624,99
2015-07-14 22:30:00,83624,87
2015-07-14 22:45:00,83624,83
2015-07-14 23:00:00,83624,68
2015-07-14 23:15:00,83624,74
2015-07-14 23:30:00,83624,54
2015-07-14 23:45:00,83624,54
2015-07-15 00:00:00,83624,55
2015-07-15 00:15:00,83624,49
2015-07-15 00:30:00,83624,33
2015-07-15 00:45:00,83624,22
2015-07-15 01:00:00,83624,38
2015-07-15 01:15:00,83624,27
2015-07-15 01:30:00,83624,17
2015-07-15 01:45:00,83624,14
2015-07-15 02:00:00,83624,19
2015-07-15 02:15:00,83624,15
2015-07-15 02:30:00,83624,20
2015-07-15 02:45:00,83624,13
2015-07-15 03:00:00,83624,11
2015-07-15 03:15:00,83624,14
2015-07-15 03:30:00,83624,9
2015-07-15 03:45:00,83624,13
2015-07-15 04:00:00,83624,15
2015-07-15 04:15:00,83624,21
2015-07-15 04:30:00,83624,17
2015-07-15 04:45:00,83624,21
2015-07-15 05:00:00,83624,17
2015-07-15 05:15:00,83624,37
2015-07-15 05:30:00,83624,26
2015-07-15 05:45:00,83624,31
2015-07-15 06:00:00,83624,44
2015-07-15 06:15:00,83624,71
2015-07-15 06:30:00,83624,68
2015-07-15 06:45:00,83624,83
2015-07-15 07:00:00,83624,91
2015-07-15 07:15:00,83624,91
2015-07-15 07:30:00,83624,109
2015-07-15 07:45:00,83624,126
2015-07-15 08:00:00,83624,125
2015-07-15 08:15:00,83624,120
2015-07-15 08:30:00,83624,99
2015-07-15 08:45:00,83624,126
2015-07-15 09:00:00,83624,116
2015-07-15 09:15:00,83624,127
2015-07-15 09:30:00,83624,96
2015-07-15 09:45:00,83624,101
2015-07-15 10:00:00,83624,111
2015-07-15 10:15:00,83624,118
2015-07-15 10:30:00,83624,97
2015-07-15 10:45:00,83624,100
2015-07-15 11:00:00,83624,116
2015-07-15 11:15:00,83624,91
2015-07-15 11:30:00,83624,122
2015-07-15 11:45:00,83624,126
2015-07-15 12:00:00,83624,104
2015-07-15 12:15:00,83624,108
2015-07-15 12:30:00,83624,113
2015-07-15 12:45:00,83624,121
2015-07-15 13:00:00,83624,104
2015-07-15 13:15:00,83624,111
2015-07-15 13:30:00,83624,114
2015-07-15 13:45:00,83624,111
2015-07-15 14:00:00,83624,119
2015-07-15 14:15:00,83624,118
2015-07-15 14:30:00,83624,127
2015-07-15 14:45:00,83624,106
2015-07-15 15:00:00,83624,117
2015-07-15 15:15:00,83624,102
2015-07-15 15:30:00,83624,147
2015-07-15 15:45:00,83624,120
2015-07-15 16:00:00,83624,145
2015-07-15 16:15:00,83624,141
2015-07-15 16:30:00,83624,158
2015-07-15 16:45:00,83624,151
2015-07-15 17:00:00,83624,184
2015-07-15 17:15:00,83624,175
2015-07-15 17:30:00,83624,192
2015-07-15 17:45:00,83624,176
2015-07-15 18:00:00,83624,180
2015-07-15 18:15:00,83624,187
2015-07-15 18:30:00,83624,217
2015-07-15 18:45:00,83624,135
2015-07-15 19:00:00,83624,195
2015-07-15 19:15:00,83624,187
2015-07-15 19:30:00,83624,151
2015-07-15 19:45:00,83624,117
2015-07-15 20:00:00,83624,139
2015-07-15 20:15:00,83624,135
2015-07-15 20:30:00,83624,159
2015-07-15 20:45:00,83624,127
2015-07-15 21:00:00,83624,131
2015-07-15 21:15:00,83624,115
2015-07-15 21:30:00,83624,119
2015-07-15 21:45:00,83624,98
2015-07-15 22:00:00,83624,102
2015-07-15 22:15:00,83624,101
2015-07-15 22:30:00,83624,101
2015-07-15 22:45:00,83624,76
2015-07-15 23:00:00,83624,80
2015-07-15 23:15:00,83624,88
2015-07-15 23:30:00,83624,84
2015-07-15 23:45:00,83624,76
2015-07-16 00:00:00,83624,94
2015-07-16 00:15:00,83624,48
2015-07-16 00:30:00,83624,37
2015-07-16 00:45:00,83624,31
2015-07-16 01:00:00,83624,35
2015-07-16 01:15:00,83624,30
2015-07-16 01:30:00,83624,31
2015-07-16 01:45:00,83624,32
2015-07-16 02:00:00,83624,21
2015-07-16 02:15:00,83624,25
2015-07-16 02:30:00,83624,15
2015-07-16 02:45:00,83624,18
2015-07-16 03:00:00,83624,7
2015-07-16 03:15:00,83624,9
2015-07-16 03:30:00,83624,15
2015-07-16 03:45:00,83624,11
2015-07-16 04:00:00,83624,17
2015-07-16 04:15:00,83624,19
2015-07-16 04:30:00,83624,20
2015-07-16 04:45:00,83624,20
2015-07-16 05:00:00,83624,19
2015-07-16 05:15:00,83624,31
2015-07-16 05:30:00,83624,26
2015-07-16 05:45:00,83624,40
2015-07-16 06:00:00,83624,64
2015-07-16 06:15:00,83624,72
2015-07-16 06:30:00,83624,71
2015-07-16 06:45:00,83624,76
2015-07-16 07:00:00,83624,95
2015-07-16 07:15:00,83624,135
2015-07-16 07:30:00,83624,115
2015-07-16 07:45:00,83624,121
2015-07-16 08:00:00,83624,128
2015-07-16 08:15:00,83624,133
2015-07-16 08:30:00,83624,127
2015-07-16 08:45:00,83624,124
2015-07-16 09:00:00,83624,148
2015-07-16 09:15:00,83624,113
2015-07-16 09:30:00,83624,110
2015-07-16 09:45:00,83624,117
2015-07-16 10:00:00,83624,108
2015-07-16 10:15:00,83624,128
2015-07-16 10:30:00,83624,119
2015-07-16 10:45:00,83624,122
2015-07-16 11:00:00,83624,97
2015-07-16 11:15:00,83624,124
2015-07-16 11:30:00,83624,123
2015-07-16 11:45:00,83624,115
2015-07-16 12:00:00,83624,145
2015-07-16 12:15:00,83624,138
2015-07-16 12:30:00,83624,122
2015-07-16 12:45:00,83624,123
2015-07-16 13:00:00,83624,126
2015-07-16 13:15:00,83624,113
2015-07-16 13:30:00,83624,128
2015-07-16 13:45:00,83624,123
2015-07-16 14:00:00,83624,168
2015-07-16 14:15:00,83624,133
2015-07-16 14:30:00,83624,126
2015-07-16 14:45:00,83624,143
2015-07-16 15:00:00,83624,156
2015-07-16 15:15:00,83624,123
2015-07-16 15:30:00,83624,135
2015-07-16 15:45:00,83624,137
2015-07-16 16:00:00,83624,129
2015-07-16 16:15:00,83624,156
2015-07-16 16:30:00,83624,164
2015-07-16 16:45:00,83624,185
2015-07-16 17:00:00,83624,181
2015-07-16 17:15:00,83624,170
2015-07-16 17:30:00,83624,189
2015-07-16 17:45:00,83624,191
2015-07-16 18:00:00,83624,221
2015-07-16 18:15:00,83624,227
2015-07-16 18:30:00,83624,232
2015-07-16 18:45:00,83624,222
2015-07-16 19:00:00,83624,188
2015-07-16 19:15:00,83624,207
2015-07-16 19:30:00,83624,194
2015-07-16 19:45:00,83624,179
2015-07-16 20:00:00,83624,170
2015-07-16 20:15:00,83624,154
2015-07-16 20:30:00,83624,167
2015-07-16 20:45:00,83624,147
2015-07-16 21:00:00,83624,178
2015-07-16 21:15:00,83624,170
2015-07-16 21:30:00,83624,149
2015-07-16 21:45:00,83624,128
2015-07-16 22:00:00,83624,128
2015-07-16 22:15:00,83624,117
2015-07-16 22:30:00,83624,91
2015-07-16 22:45:00,83624,100
2015-07-16 23:00:00,83624,93
2015-07-16 23:15:00,83624,86
2015-07-16 23:30:00,83624,60
2015-07-16 23:45:00,83624,55
2015-07-17 00:00:00,83624,102
2015-07-17 00:15:00,83624,81
2015-07-17 00:30:00,83624,66
2015-07-17 00:45:00,83624,38
2015-07-17 01:00:00,83624,39
2015-07-17 01:15:00,83624,43
2015-07-17 01:30:00,83624,32
2015-07-17 01:45:00,83624,29
2015-07-17 02:00:00,83624,31
2015-07-17 02:15:00,83624,20
2015-07-17 02:30:00,83624,13
2015-07-17 02:45:00,83624,19
2015-07-17 03:00:00,83624,22
2015-07-17 03:15:00,83624,15
2015-07-17 03:30:00,83624,14
2015-07-17 03:45:00,83624,16
2015-07-17 04:00:00,83624,21
2015-07-17 04:15:00,83624,26
2015-07-17 04:30:00,83624,24
2015-07-17 04:45:00,83624,21
2015-07-17 05:00:00,83624,21
2015-07-17 05:15:00,83624,36
2015-07-17 05:30:00,83624,34
2015-07-17 05:45:00,83624,38
2015-07-17 06:00:00,83624,43
2015-07-17 06:15:00,83624,75
2015-07-17 06:30:00,83624,74
2015-07-17 06:45:00,83624,89
2015-07-17 07:00:00,83624,81
2015-07-17 07:15:00,83624,97
2015-07-17 07:30:00,83624,89
2015-07-17 07:45:00,83624,126
2015-07-17 08:00:00,83624,97
2015-07-17 08:15:00,83624,118
2015-07-17 08:30:00,83624,112
2015-07-17 08:45:00,83624,144
2015-07-17 09:00:00,83624,145
2015-07-17 09:15:00,83624,108
2015-07-17 09:30:00,83624,94
2015-07-17 09:45:00,83624,110
2015-07-17 10:00:00,83624,97
2015-07-17 10:15:00,83624,102
2015-07-17 10:30:00,83624,103
2015-07-17 10:45:00,83624,105
2015-07-17 11:00:00,83624,112
2015-07-17 11:15:00,83624,116
2015-07-17 11:30:00,83624,127
2015-07-17 11:45:00,83624,118
2015-07-17 12:00:00,83624,133
2015-07-17 12:15:00,83624,146
2015-07-17 12:30:00,83624,130
2015-07-17 12:45:00,83624,145
2015-07-17 13:00:00,83624,127
2015-07-17 13:15:00,83624,135
2015-07-17 13:30:00,83624,127
2015-07-17 13:45:00,83624,139
2015-07-17 14:00:00,83624,152
2015-07-17 14:15:00,83624,140
2015-07-17 14:30:00,83624,136
2015-07-17 14:45:00,83624,139
2015-07-17 15:00:00,83624,150
2015-07-17 15:15:00,83624,156
2015-07-17 15:30:00,83624,141
2015-07-17 15:45:00,83624,143
2015-07-17 16:00:00,83624,145
2015-07-17 16:15:00,83624,150
2015-07-17 16:30:00,83624,155
2015-07-17 16:45:00,83624,187
2015-07-17 17:00:00,83624,167
2015-07-17 17:15:00,83624,226
2015-07-17 17:30:00,83624,210
2015-07-17 17:45:00,83624,194
2015-07-17 18:00:00,83624,173
2015-07-17 18:15:00,83624,224
2015-07-17 18:30:00,83624,204
2015-07-17 18:45:00,83624,222
2015-07-17 19:00:00,83624,201
2015-07-17 19:15:00,83624,184
2015-07-17 19:30:00,83624,181
2015-07-17 19:45:00,83624,161
2015-07-17 20:00:00,83624,183
2015-07-17 20:15:00,83624,193
2015-07-17 20:30:00,83624,183
2015-07-17 20:45:00,83624,166
2015-07-17 21:00:00,83624,131
2015-07-17 21:15:00,83624,149
2015-07-17 21:30:00,83624,133
2015-07-17 21:45:00,83624,142
2015-07-17 22:00:00,83624,136
2015-07-17 22:15:00,83624,118
2015-07-17 22:30:00,83624,114
2015-07-17 22:45:00,83624,116
2015-07-17 23:00:00,83624,101
2015-07-17 23:15:00,83624,93
2015-07-17 23:30:00,83624,107
2015-07-17 23:45:00,83624,67
2015-07-18 00:00:00,83624,78
2015-07-18 00:15:00,83624,69
2015-07-18 00:30:00,83624,77
2015-07-18 00:45:00,83624,65
2015-07-18 01:00:00,83624,51
2015-07-18 01:15:00,83624,55
2015-07-18 01:30:00,83624,35
2015-07-18 01:45:00,83624,31
2015-07-18 02:00:00,83624,34
2015-07-18 02:15:00,83624,43
2015-07-18 02:30:00,83624,40
2015-07-18 02:45:00,83624,38
2015-07-18 03:00:00,83624,38
2015-07-18 03:15:00,83624,25
2015-07-18 03:30:00,83624,20
2015-07-18 03:45:00,83624,35
2015-07-18 04:00:00,83624,17
2015-07-18 04:15:00,83624,37
2015-07-18 04:30:00,83624,32
2015-07-18 04:45:00,83624,45
2015-07-18 05:00:00,83624,25
2015-07-18 05:15:00,83624,45
2015-07-18 05:30:00,83624,30
2015-07-18 05:45:00,83624,50
2015-07-18 06:00:00,83624,47
2015-07-18 06:15:00,83624,53
2015-07-18 06:30:00,83624,45
2015-07-18 06:45:00,83624,67
2015-07-18 07:00:00,83624,72
2015-07-18 07:15:00,83624,72
2015-07-18 07:30:00,83624,81
2015-07-18 07:45:00,83624,67
2015-07-18 08:00:00,83624,87
2015-07-18 08:15:00,83624,86
2015-07-18 08:30:00,83624,91
2015-07-18 08:45:00,83624,112
2015-07-18 09:00:00,83624,85
2015-07-18 09:15:00,83624,83
2015-07-18 09:30:00,83624,91
2015-07-18 09:45:00,83624,97
2015-07-18 10:00:00,83624,103
2015-07-18 10:15:00,83624,120
2015-07-18 10:30:00,83624,92
2015-07-18 10:45:00,83624,111
2015-07-18 11:00:00,83624,109
2015-07-18 11:15:00,83624,107
2015-07-18 11:30:00,83624,132
2015-07-18 11:45:00,83624,130
2015-07-18 12:00:00,83624,121
2015-07-18 12:15:00,83624,126
2015-07-18 12:30:00,83624,142
2015-07-18 12:45:00,83624,146
2015-07-18 13:00:00,83624,155
2015-07-18 13:15:00,83624,158
2015-07-18 13:30:00,83624,162
2015-07-18 13:45:00,83624,183
2015-07-18 14:00:00,83624,147
2015-07-18 14:15:00,83624,149
2015-07-18 14:30:00,83624,173
2015-07-18 14:45:00,83624,161
2015-07-18 15:00:00,83624,161
2015-07-18 15:15:00,83624,206
2015-07-18 15:30:00,83624,166
2015-07-18 15:45:00,83624,188
2015-07-18 16:00:00,83624,183
2015-07-18 16:15:00,83624,170
2015-07-18 16:30:00,83624,238
2015-07-18 16:45:00,83624,185
2015-07-18 17:00:00,83624,200
2015-07-18 17:15:00,83624,181
2015-07-18 17:30:00,83624,230
2015-07-18 17:45:00,83624,188
2015-07-18 18:00:00,83624,174
2015-07-18 18:15:00,83624,206
2015-07-18 18:30:00,83624,215
2015-07-18 18:45:00,83624,198
2015-07-18 19:00:00,83624,202
2015-07-18 19:15:00,83624,194
2015-07-18 19:30:00,83624,204
2015-07-18 19:45:00,83624,221
2015-07-18 20:00:00,83624,227
2015-07-18 20:15:00,83624,160
2015-07-18 20:30:00,83624,157
2015-07-18 20:45:00,83624,174
2015-07-18 21:00:00,83624,205
2015-07-18 21:15:00,83624,166
2015-07-18 21:30:00,83624,191
2015-07-18 21:45:00,83624,187
2015-07-18 22:00:00,83624,185
2015-07-18 22:15:00,83624,157
2015-07-18 22:30:00,83624,134
2015-07-18 22:45:00,83624,124
2015-07-18 23:00:00,83624,130
2015-07-18 23:15:00,83624,96
2015-07-18 23:30:00,83624,101
2015-07-18 23:45:00,83624,90
2015-07-19 00:00:00,83624,99
2015-07-19 00:15:00,83624,107
2015-07-19 00:30:00,83624,87
2015-07-19 00:45:00,83624,78
2015-07-19 01:00:00,83624,74
2015-07-19 01:15:00,83624,55
2015-07-19 01:30:00,83624,59
2015-07-19 01:45:00,83624,56
2015-07-19 02:00:00,83624,43
2015-07-19 02:15:00,83624,58
2015-07-19 02:30:00,83624,53
2015-07-19 02:45:00,83624,62
2015-07-19 03:00:00,83624,47
2015-07-19 03:15:00,83624,38
2015-07-19 03:30:00,83624,41
2015-07-19 03:45:00,83624,43
2015-07-19 04:00:00,83624,52
2015-07-19 04:15:00,83624,44
2015-07-19 04:30:00,83624,33
2015-07-19 04:45:00,83624,42
2015-07-19 05:00:00,83624,34
2015-07-19 05:15:00,83624,28
2015-07-19 05:30:00,83624,29
2015-07-19 05:45:00,83624,42
2015-07-19 06:00:00,83624,36
2015-07-19 06:15:00,83624,39
2015-07-19 06:30:00,83624,42
2015-07-19 06:45:00,83624,37
2015-07-19 07:00:00,83624,36
2015-07-19 07:15:00,83624,41
2015-07-19 07:30:00,83624,53
2015-07-19 07:45:00,83624,52
2015-07-19 08:00:00,83624,81
2015-07-19 08:15:00,83624,69
2015-07-19 08:30:00,83624,76
2015-07-19 08:45:00,83624,60
2015-07-19 09:00:00,83624,90
2015-07-19 09:15:00,83624,76
2015-07-19 09:30:00,83624,100
2015-07-19 09:45:00,83624,104
2015-07-19 10:00:00,83624,118
2015-07-19 10:15:00,83624,112
2015-07-19 10:30:00,83624,118
2015-07-19 10:45:00,83624,158
2015-07-19 11:00:00,83624,148
2015-07-19 11:15:00,83624,123
2015-07-19 11:30:00,83624,134
2015-07-19 11:45:00,83624,164
2015-07-19 12:00:00,83624,167
2015-07-19 12:15:00,83624,187
2015-07-19 12:30:00,83624,163
2015-07-19 12:45:00,83624,165
2015-07-19 13:00:00,83624,210
2015-07-19 13:15:00,83624,187
2015-07-19 13:30:00,83624,183
2015-07-19 13:45:00,83624,168
2015-07-19 14:00:00,83624,173
2015-07-19 14:15:00,83624,162
2015-07-19 14:30:00,83624,211
2015-07-19 14:45:00,83624,195
2015-07-19 15:00:00,83624,224
2015-07-19 15:15:00,83624,196
2015-07-19 15:30:00,83624,200
2015-07-19 15:45:00,83624,249
2015-07-19 16:00:00,83624,228
2015-07-19 16:15:00,83624,176
2015-07-19 16:30:00,83624,188
2015-07-19 16:45:00,83624,180
2015-07-19 17:00:00,83624,200
2015-07-19 17:15:00,83624,201
2015-07-19 17:30:00,83624,195
2015-07-19 17:45:00,83624,168
2015-07-19 18:00:00,83624,195
2015-07-19 18:15:00,83624,167
2015-07-19 18:30:00,83624,219
2015-07-19 18:45:00,83624,179
2015-07-19 19:00:00,83624,167
2015-07-19 19:15:00,83624,170
2015-07-19 19:30:00,83624,136
2015-07-19 19:45:00,83624,179
2015-07-19 20:00:00,83624,164
2015-07-19 20:15:00,83624,170
2015-07-19 20:30:00,83624,154
2015-07-19 20:45:00,83624,148
2015-07-19 21:00:00,83624,177
2015-07-19 21:15:00,83624,159
2015-07-19 21:30:00,83624,143
2015-07-19 21:45:00,83624,132
2015-07-19 22:00:00,83624,113
2015-07-19 22:15:00,83624,104
2015-07-19 22:30:00,83624,110
2015-07-19 22:45:00,83624,118
2015-07-19 23:00:00,83624,96
2015-07-19 23:15:00,83624,101
2015-07-19 23:30:00,83624,79
2015-07-19 23:45:00,83624,60
2015-07-20 00:00:00,83624,69
2015-07-20 00:15:00,83624,52
2015-07-20 00:30:00,83624,35
2015-07-20 00:45:00,83624,37
2015-07-20 01:00:00,83624,35
2015-07-20 01:15:00,83624,30
2015-07-20 01:30:00,83624,35
2015-07-20 01:45:00,83624,40
2015-07-20 02:00:00,83624,26
2015-07-20 02:15:00,83624,18
2015-07-20 02:30:00,83624,21
2015-07-20 02:45:00,83624,27
2015-07-20 03:00:00,83624,18
2015-07-20 03:15:00,83624,16
2015-07-20 03:30:00,83624,21
2015-07-20 03:45:00,83624,21
2015-07-20 04:00:00,83624,24
2015-07-20 04:15:00,83624,21
2015-07-20 04:30:00,83624,27
2015-07-20 04:45:00,83624,15
2015-07-20 05:00:00,83624,29
2015-07-20 05:15:00,83624,35
2015-07-20 05:30:00,83624,47
2015-07-20 05:45:00,83624,39
2015-07-20 06:00:00,83624,58
2015-07-20 06:15:00,83624,64
2015-07-20 06:30:00,83624,63
2015-07-20 06:45:00,83624,82
2015-07-20 07:00:00,83624,97
2015-07-20 07:15:00,83624,94
2015-07-20 07:30:00,83624,104
2015-07-20 07:45:00,83624,118
2015-07-20 08:00:00,83624,107
2015-07-20 08:15:00,83624,135
2015-07-20 08:30:00,83624,125
2015-07-20 08:45:00,83624,105
2015-07-20 09:00:00,83624,118
2015-07-20 09:15:00,83624,131
2015-07-20 09:30:00,83624,104
2015-07-20 09:45:00,83624,88
2015-07-20 10:00:00,83624,108
2015-07-20 10:15:00,83624,95
2015-07-20 10:30:00,83624,97
2015-07-20 10:45:00,83624,105
2015-07-20 11:00:00,83624,126
2015-07-20 11:15:00,83624,110
2015-07-20 11:30:00,83624,82
2015-07-20 11:45:00,83624,107
2015-07-20 12:00:00,83624,131
2015-07-20 12:15:00,83624,125
2015-07-20 12:30:00,83624,132
2015-07-20 12:45:00,83624,111
2015-07-20 13:00:00,83624,133
2015-07-20 13:15:00,83624,112
2015-07-20 13:30:00,83624,97
2015-07-20 13:45:00,83624,121
2015-07-20 14:00:00,83624,123
2015-07-20 14:15:00,83624,123
2015-07-20 14:30:00,83624,113
2015-07-20 14:45:00,83624,150
2015-07-20 15:00:00,83624,116
2015-07-20 15:15:00,83624,139
2015-07-20 15:30:00,83624,137
2015-07-20 15:45:00,83624,155
2015-07-20 16:00:00,83624,110
2015-07-20 16:15:00,83624,106
2015-07-20 16:30:00,83624,149
2015-07-20 16:45:00,83624,147
2015-07-20 17:00:00,83624,178
2015-07-20 17:15:00,83624,195
2015-07-20 17:30:00,83624,181
2015-07-20 17:45:00,83624,187
2015-07-20 18:00:00,83624,169
2015-07-20 18:15:00,83624,163
2015-07-20 18:30:00,83624,206
2015-07-20 18:45:00,83624,165
2015-07-20 19:00:00,83624,159
2015-07-20 19:15:00,83624,200
2015-07-20 19:30:00,83624,172
2015-07-20 19:45:00,83624,142
2015-07-20 20:00:00,83624,136
2015-07-20 20:15:00,83624,140
2015-07-20 20:30:00,83624,141
2015-07-20 20:45:00,83624,122
2015-07-20 21:00:00,83624,109
2015-07-20 21:15:00,83624,126
2015-07-20 21:30:00,83624,108
2015-07-20 21:45:00,83624,91
2015-07-20 22:00:00,83624,75
2015-07-20 22:15:00,83624,86
2015-07-20 22:30:00,83624,73
2015-07-20 22:45:00,83624,92
2015-07-20 23:00:00,83624,83
2015-07-20 23:15:00,83624,59
2015-07-20 23:30:00,83624,73
2015-07-20 23:45:00,83624,62
2015-07-21 00:00:00,83624,54
2015-07-21 00:15:00,83624,40
2015-07-21 00:30:00,83624,55
2015-07-21 00:45:00,83624,36
2015-07-21 01:00:00,83624,20
2015-07-21 01:15:00,83624,28
2015-07-21 01:30:00,83624,28
2015-07-21 01:45:00,83624,17
2015-07-21 02:00:00,83624,23
2015-07-21 02:15:00,83624,19
2015-07-21 02:30:00,83624,19
2015-07-21 02:45:00,83624,14
2015-07-21 03:00:00,83624,9
2015-07-21 03:15:00,83624,14
2015-07-21 03:30:00,83624,12
2015-07-21 03:45:00,83624,16
2015-07-21 04:00:00,83624,16
2015-07-21 04:15:00,83624,17
2015-07-21 04:30:00,83624,14
2015-07-21 04:45:00,83624,19
2015-07-21 05:00:00,83624,27
2015-07-21 05:15:00,83624,29
2015-07-21 05:30:00,83624,29
2015-07-21 05:45:00,83624,40
2015-07-21 06:00:00,83624,41
2015-07-21 06:15:00,83624,79
2015-07-21 06:30:00,83624,71
2015-07-21 06:45:00,83624,87
2015-07-21 07:00:00,83624,89
2015-07-21 07:15:00,83624,83
2015-07-21 07:30:00,83624,87
2015-07-21 07:45:00,83624,124
2015-07-21 08:00:00,83624,110
2015-07-21 08:15:00,83624,132
2015-07-21 08:30:00,83624,121
2015-07-21 08:45:00,83624,135
2015-07-21 09:00:00,83624,142
2015-07-21 09:15:00,83624,125
2015-07-21 09:30:00,83624,86
2015-07-21 09:45:00,83624,112
2015-07-21 10:00:00,83624,104
2015-07-21 10:15:00,83624,95
2015-07-21 10:30:00,83624,87
2015-07-21 10:45:00,83624,80
2015-07-21 11:00:00,83624,91
2015-07-21 11:15:00,83624,83
2015-07-21 11:30:00,83624,114
2015-07-21 11:45:00,83624,96
2015-07-21 12:00:00,83624,134
2015-07-21 12:15:00,83624,96
2015-07-21 12:30:00,83624,90
2015-07-21 12:45:00,83624,108
2015-07-21 13:00:00,83624,137
2015-07-21 13:15:00,83624,115
2015-07-21 13:30:00,83624,112
2015-07-21 13:45:00,83624,107
2015-07-21 14:00:00,83624,127
2015-07-21 14:15:00,83624,111
2015-07-21 14:30:00,83624,121
2015-07-21 14:45:00,83624,122
2015-07-21 15:00:00,83624,126
2015-07-21 15:15:00,83624,141
2015-07-21 15:30:00,83624,137
2015-07-21 15:45:00,83624,134
2015-07-21 16:00:00,83624,156
2015-07-21 16:15:00,83624,151
2015-07-21 16:30:00,83624,151
2015-07-21 16:45:00,83624,150
2015-07-21 17:00:00,83624,164
2015-07-21 17:15:00,83624,202
2015-07-21 17:30:00,83624,187
2015-07-21 17:45:00,83624,168
2015-07-21 18:00:00,83624,176
2015-07-21 18:15:00,83624,181
2015-07-21 18:30:00,83624,186
2015-07-21 18:45:00,83624,183
2015-07-21 19:00:00,83624,163
2015-07-21 19:15:00,83624,175
2015-07-21 19:30:00,83624,178
2015-07-21 19:45:00,83624,163
2015-07-21 20:00:00,83624,146
2015-07-21 20:15:00,83624,143
2015-07-21 20:30:00,83624,124
2015-07-21 20:45:00,83624,122
2015-07-21 21:00:00,83624,120
2015-07-21 21:15:00,83624,118
2015-07-21 21:30:00,83624,105
2015-07-21 21:45:00,83624,106
2015-07-21 22:00:00,83624,95
2015-07-21 22:15:00,83624,89
2015-07-21 22:30:00,83624,88
2015-07-21 22:45:00,83624,89
2015-07-21 23:00:00,83624,93
2015-07-21 23:15:00,83624,71
2015-07-21 23:30:00,83624,64
2015-07-21 23:45:00,83624,60
2015-07-22 00:00:00,83624,47
2015-07-22 00:15:00,83624,43
2015-07-22 00:30:00,83624,32
2015-07-22 00:45:00,83624,34
2015-07-22 01:00:00,83624,17
2015-07-22 01:15:00,83624,30
2015-07-22 01:30:00,83624,20
2015-07-22 01:45:00,83624,19
2015-07-22 02:00:00,83624,21
2015-07-22 02:15:00,83624,16
2015-07-22 02:30:00,83624,19
2015-07-22 02:45:00,83624,16
2015-07-22 03:00:00,83624,15
2015-07-22 03:15:00,83624,12
2015-07-22 03:30:00,83624,17
2015-07-22 03:45:00,83624,16
2015-07-22 04:00:00,83624,23
2015-07-22 04:15:00,83624,21
2015-07-22 04:30:00,83624,20
2015-07-22 04:45:00,83624,17
2015-07-22 05:00:00,83624,23
2015-07-22 05:15:00,83624,26
2015-07-22 05:30:00,83624,32
2015-07-22 05:45:00,83624,41
2015-07-22 06:00:00,83624,61
2015-07-22 06:15:00,83624,77
2015-07-22 06:30:00,83624,86
2015-07-22 06:45:00,83624,92
2015-07-22 07:00:00,83624,97
2015-07-22 07:15:00,83624,120
2015-07-22 07:30:00,83624,126
2015-07-22 07:45:00,83624,114
2015-07-22 08:00:00,83624,122
2015-07-22 08:15:00,83624,136
2015-07-22 08:30:00,83624,120
2015-07-22 08:45:00,83624,157
2015-07-22 09:00:00,83624,131
2015-07-22 09:15:00,83624,124
2015-07-22 09:30:00,83624,96
2015-07-22 09:45:00,83624,104
2015-07-22 10:00:00,83624,101
2015-07-22 10:15:00,83624,106
2015-07-22 10:30:00,83624,106
2015-07-22 10:45:00,83624,107
2015-07-22 11:00:00,83624,104
2015-07-22 11:15:00,83624,105
2015-07-22 11:30:00,83624,116
2015-07-22 11:45:00,83624,112
2015-07-22 12:00:00,83624,101
2015-07-22 12:15:00,83624,104
2015-07-22 12:30:00,83624,126
2015-07-22 12:45:00,83624,118
2015-07-22 13:00:00,83624,77
2015-07-22 13:15:00,83624,113
2015-07-22 13:30:00,83624,118
2015-07-22 13:45:00,83624,126
2015-07-22 14:00:00,83624,144
2015-07-22 14:15:00,83624,112
2015-07-22 14:30:00,83624,110
2015-07-22 14:45:00,83624,150
2015-07-22 15:00:00,83624,134
2015-07-22 15:15:00,83624,146
2015-07-22 15:30:00,83624,126
2015-07-22 15:45:00,83624,139
2015-07-22 16:00:00,83624,151
2015-07-22 16:15:00,83624,154
2015-07-22 16:30:00,83624,135
2015-07-22 16:45:00,83624,138
2015-07-22 17:00:00,83624,167
2015-07-22 17:15:00,83624,154
2015-07-22 17:30:00,83624,132
2015-07-22 17:45:00,83624,88
2015-07-22 18:00:00,83624,177
2015-07-22 18:15:00,83624,206
2015-07-22 18:30:00,83624,193
2015-07-22 18:45:00,83624,172
2015-07-22 19:00:00,83624,167
2015-07-22 19:15:00,83624,171
2015-07-22 19:30:00,83624,138
2015-07-22 19:45:00,83624,170
2015-07-22 20:00:00,83624,145
2015-07-22 20:15:00,83624,122
2015-07-22 20:30:00,83624,136
2015-07-22 20:45:00,83624,129
2015-07-22 21:00:00,83624,145
2015-07-22 21:15:00,83624,134
2015-07-22 21:30:00,83624,114
2015-07-22 21:45:00,83624,92
2015-07-22 22:00:00,83624,86
2015-07-22 22:15:00,83624,102
2015-07-22 22:30:00,83624,78
2015-07-22 22:45:00,83624,71
2015-07-22 23:00:00,83624,66
2015-07-22 23:15:00,83624,76
2015-07-22 23:30:00,83624,68
2015-07-22 23:45:00,83624,46
2015-07-23 00:00:00,83624,47
2015-07-23 00:15:00,83624,55
2015-07-23 00:30:00,83624,37
2015-07-23 00:45:00,83624,37
2015-07-23 01:00:00,83624,38
2015-07-23 01:15:00,83624,27
2015-07-23 01:30:00,83624,31
2015-07-23 01:45:00,83624,34
2015-07-23 02:00:00,83624,22
2015-07-23 02:15:00,83624,19
2015-07-23 02:30:00,83624,16
2015-07-23 02:45:00,83624,8
2015-07-23 03:00:00,83624,9
2015-07-23 03:15:00,83624,6
2015-07-23 03:30:00,83624,20
2015-07-23 03:45:00,83624,18
2015-07-23 04:00:00,83624,16
2015-07-23 04:15:00,83624,25
2015-07-23 04:30:00,83624,31
2015-07-23 04:45:00,83624,18
2015-07-23 05:00:00,83624,22
2015-07-23 05:15:00,83624,25
2015-07-23 05:30:00,83624,29
2015-07-23 05:45:00,83624,40
2015-07-23 06:00:00,83624,46
2015-07-23 06:15:00,83624,68
2015-07-23 06:30:00,83624,82
2015-07-23 06:45:00,83624,96
2015-07-23 07:00:00,83624,83
2015-07-23 07:15:00,83624,96
2015-07-23 07:30:00,83624,136
2015-07-23 07:45:00,83624,118
2015-07-23 08:00:00,83624,121
2015-07-23 08:15:00,83624,116
2015-07-23 08:30:00,83624,113
2015-07-23 08:45:00,83624,139
2015-07-23 09:00:00,83624,114
2015-07-23 09:15:00,83624,107
2015-07-23 09:30:00,83624,114
2015-07-23 09:45:00,83624,115
2015-07-23 10:00:00,83624,108
2015-07-23 10:15:00,83624,94
2015-07-23 10:30:00,83624,90
2015-07-23 10:45:00,83624,106
2015-07-23 11:00:00,83624,128
2015-07-23 11:15:00,83624,111
2015-07-23 11:30:00,83624,107
2015-07-23 11:45:00,83624,123
2015-07-23 12:00:00,83624,114
2015-07-23 12:15:00,83624,102
2015-07-23 12:30:00,83624,117
2015-07-23 12:45:00,83624,104
2015-07-23 13:00:00,83624,120
2015-07-23 13:15:00,83624,130
2015-07-23 13:30:00,83624,110
2015-07-23 13:45:00,83624,121
2015-07-23 14:00:00,83624,113
2015-07-23 14:15:00,83624,110
2015-07-23 14:30:00,83624,133
2015-07-23 14:45:00,83624,130
2015-07-23 15:00:00,83624,130
2015-07-23 15:15:00,83624,120
2015-07-23 15:30:00,83624,144
2015-07-23 15:45:00,83624,140
2015-07-23 16:00:00,83624,145
2015-07-23 16:15:00,83624,177
2015-07-23 16:30:00,83624,179
2015-07-23 16:45:00,83624,151
2015-07-23 17:00:00,83624,170
2015-07-23 17:15:00,83624,188
2015-07-23 17:30:00,83624,184
2015-07-23 17:45:00,83624,176
2015-07-23 18:00:00,83624,196
2015-07-23 18:15:00,83624,207
2015-07-23 18:30:00,83624,240
2015-07-23 18:45:00,83624,216
2015-07-23 19:00:00,83624,165
2015-07-23 19:15:00,83624,211
2015-07-23 19:30:00,83624,200
2015-07-23 19:45:00,83624,170
2015-07-23 20:00:00,83624,137
2015-07-23 20:15:00,83624,143
2015-07-23 20:30:00,83624,145
2015-07-23 20:45:00,83624,117
2015-07-23 21:00:00,83624,127
2015-07-23 21:15:00,83624,129
2015-07-23 21:30:00,83624,125
2015-07-23 21:45:00,83624,104
2015-07-23 22:00:00,83624,141
2015-07-23 22:15:00,83624,149
2015-07-23 22:30:00,83624,135
2015-07-23 22:45:00,83624,112
2015-07-23 23:00:00,83624,95
2015-07-23 23:15:00,83624,77
2015-07-23 23:30:00,83624,63
2015-07-23 23:45:00,83624,68
2015-07-24 00:00:00,83624,55
2015-07-24 00:15:00,83624,53
2015-07-24 00:30:00,83624,22
2015-07-24 00:45:00,83624,32
2015-07-24 01:00:00,83624,20
2015-07-24 01:15:00,83624,29
2015-07-24 01:30:00,83624,27
2015-07-24 01:45:00,83624,22
2015-07-24 02:00:00,83624,26
2015-07-24 02:15:00,83624,18
2015-07-24 02:30:00,83624,17
2015-07-24 02:45:00,83624,19
2015-07-24 03:00:00,83624,20
2015-07-24 03:15:00,83624,17
2015-07-24 03:30:00,83624,19
2015-07-24 03:45:00,83624,13
2015-07-24 04:00:00,83624,22
2015-07-24 04:15:00,83624,11
2015-07-24 04:30:00,83624,14
2015-07-24 04:45:00,83624,21
2015-07-24 05:00:00,83624,27
2015-07-24 05:15:00,83624,37
2015-07-24 05:30:00,83624,35
2015-07-24 05:45:00,83624,36
2015-07-24 06:00:00,83624,62
2015-07-24 06:15:00,83624,70
2015-07-24 06:30:00,83624,70
2015-07-24 06:45:00,83624,110
2015-07-24 07:00:00,83624,97
2015-07-24 07:15:00,83624,94
2015-07-24 07:30:00,83624,104
2015-07-24 07:45:00,83624,108
2015-07-24 08:00:00,83624,115
2015-07-24 08:15:00,83624,135
2015-07-24 08:30:00,83624,143
2015-07-24 08:45:00,83624,157
2015-07-24 09:00:00,83624,127
2015-07-24 09:15:00,83624,130
2015-07-24 09:30:00,83624,117
2015-07-24 09:45:00,83624,118
2015-07-24 10:00:00,83624,117
2015-07-24 10:15:00,83624,121
2015-07-24 10:30:00,83624,98
2015-07-24 10:45:00,83624,105
2015-07-24 11:00:00,83624,124
2015-07-24 11:15:00,83624,132
2015-07-24 11:30:00,83624,127
2015-07-24 11:45:00,83624,127
2015-07-24 12:00:00,83624,109
2015-07-24 12:15:00,83624,104
2015-07-24 12:30:00,83624,108
2015-07-24 12:45:00,83624,130
2015-07-24 13:00:00,83624,124
2015-07-24 13:15:00,83624,139
2015-07-24 13:30:00,83624,128
2015-07-24 13:45:00,83624,158
2015-07-24 14:00:00,83624,130
2015-07-24 14:15:00,83624,149
2015-07-24 14:30:00,83624,127
2015-07-24 14:45:00,83624,134
2015-07-24 15:00:00,83624,139
2015-07-24 15:15:00,83624,142
2015-07-24 15:30:00,83624,151
2015-07-24 15:45:00,83624,139
2015-07-24 16:00:00,83624,139
2015-07-24 16:15:00,83624,161
2015-07-24 16:30:00,83624,172
2015-07-24 16:45:00,83624,189
2015-07-24 17:00:00,83624,172
2015-07-24 17:15:00,83624,218
2015-07-24 17:30:00,83624,220
2015-07-24 17:45:00,83624,193
2015-07-24 18:00:00,83624,211
2015-07-24 18:15:00,83624,197
2015-07-24 18:30:00,83624,206
2015-07-24 18:45:00,83624,167
2015-07-24 19:00:00,83624,183
2015-07-24 19:15:00,83624,193
2015-07-24 19:30:00,83624,186
2015-07-24 19:45:00,83624,188
2015-07-24 20:00:00,83624,169
2015-07-24 20:15:00,83624,171
2015-07-24 20:30:00,83624,136
2015-07-24 20:45:00,83624,163
2015-07-24 21:00:00,83624,158
2015-07-24 21:15:00,83624,157
2015-07-24 21:30:00,83624,150
2015-07-24 21:45:00,83624,132
2015-07-24 22:00:00,83624,131
2015-07-24 22:15:00,83624,174
2015-07-24 22:30:00,83624,167
2015-07-24 22:45:00,83624,132
2015-07-24 23:00:00,83624,114
2015-07-24 23:15:00,83624,119
2015-07-24 23:30:00,83624,86
2015-07-24 23:45:00,83624,77
2015-07-25 00:00:00,83624,66
2015-07-25 00:15:00,83624,71
2015-07-25 00:30:00,83624,49
2015-07-25 00:45:00,83624,63
2015-07-25 01:00:00,83624,60
2015-07-25 01:15:00,83624,45
2015-07-25 01:30:00,83624,57
2015-07-25 01:45:00,83624,44
2015-07-25 02:00:00,83624,31
2015-07-25 02:15:00,83624,32
2015-07-25 02:30:00,83624,34
2015-07-25 02:45:00,83624,23
2015-07-25 03:00:00,83624,20
2015-07-25 03:15:00,83624,17
2015-07-25 03:30:00,83624,21
2015-07-25 03:45:00,83624,17
2015-07-25 04:00:00,83624,21
2015-07-25 04:15:00,83624,17
2015-07-25 04:30:00,83624,29
2015-07-25 04:45:00,83624,27
2015-07-25 05:00:00,83624,30
2015-07-25 05:15:00,83624,41
2015-07-25 05:30:00,83624,27
2015-07-25 05:45:00,83624,31
2015-07-25 06:00:00,83624,56
2015-07-25 06:15:00,83624,47
2015-07-25 06:30:00,83624,53
2015-07-25 06:45:00,83624,62
2015-07-25 07:00:00,83624,61
2015-07-25 07:15:00,83624,53
2015-07-25 07:30:00,83624,52
2015-07-25 07:45:00,83624,79
2015-07-25 08:00:00,83624,103
2015-07-25 08:15:00,83624,98
2015-07-25 08:30:00,83624,102
2015-07-25 08:45:00,83624,119
2015-07-25 09:00:00,83624,98
2015-07-25 09:15:00,83624,113
2015-07-25 09:30:00,83624,103
2015-07-25 09:45:00,83624,108
2015-07-25 10:00:00,83624,103
2015-07-25 10:15:00,83624,136
2015-07-25 10:30:00,83624,115
2015-07-25 10:45:00,83624,115
2015-07-25 11:00:00,83624,124
2015-07-25 11:15:00,83624,127
2015-07-25 11:30:00,83624,130
2015-07-25 11:45:00,83624,134
2015-07-25 12:00:00,83624,168
2015-07-25 12:15:00,83624,169
2015-07-25 12:30:00,83624,146
2015-07-25 12:45:00,83624,156
2015-07-25 13:00:00,83624,164
2015-07-25 13:15:00,83624,164
2015-07-25 13:30:00,83624,159
2015-07-25 13:45:00,83624,164
2015-07-25 14:00:00,83624,155
2015-07-25 14:15:00,83624,155
2015-07-25 14:30:00,83624,156
2015-07-25 14:45:00,83624,187
2015-07-25 15:00:00,83624,175
2015-07-25 15:15:00,83624,159
2015-07-25 15:30:00,83624,165
2015-07-25 15:45:00,83624,178
2015-07-25 16:00:00,83624,189
2015-07-25 16:15:00,83624,174
2015-07-25 16:30:00,83624,190
2015-07-25 16:45:00,83624,206
2015-07-25 17:00:00,83624,205
2015-07-25 17:15:00,83624,203
2015-07-25 17:30:00,83624,197
2015-07-25 17:45:00,83624,231
2015-07-25 18:00:00,83624,201
2015-07-25 18:15:00,83624,188
2015-07-25 18:30:00,83624,182
2015-07-25 18:45:00,83624,226
2015-07-25 19:00:00,83624,178
2015-07-25 19:15:00,83624,186
2015-07-25 19:30:00,83624,190
2015-07-25 19:45:00,83624,179
2015-07-25 20:00:00,83624,205
2015-07-25 20:15:00,83624,170
2015-07-25 20:30:00,83624,160
2015-07-25 20:45:00,83624,173
2015-07-25 21:00:00,83624,192
2015-07-25 21:15:00,83624,160
2015-07-25 21:30:00,83624,189
2015-07-25 21:45:00,83624,123
2015-07-25 22:00:00,83624,159
2015-07-25 22:15:00,83624,165
2015-07-25 22:30:00,83624,174
2015-07-25 22:45:00,83624,135
2015-07-25 23:00:00,83624,146
2015-07-25 23:15:00,83624,150
2015-07-25 23:30:00,83624,111
2015-07-25 23:45:00,83624,120
2015-07-26 00:00:00,83624,115
2015-07-26 00:15:00,83624,124
2015-07-26 00:30:00,83624,92
2015-07-26 00:45:00,83624,81
2015-07-26 01:00:00,83624,67
2015-07-26 01:15:00,83624,60
2015-07-26 01:30:00,83624,51
2015-07-26 01:45:00,83624,48
2015-07-26 02:00:00,83624,47
2015-07-26 02:15:00,83624,46
2015-07-26 02:30:00,83624,31
2015-07-26 02:45:00,83624,43
2015-07-26 03:00:00,83624,36
2015-07-26 03:15:00,83624,32
2015-07-26 03:30:00,83624,34
2015-07-26 03:45:00,83624,41
2015-07-26 04:00:00,83624,40
2015-07-26 04:15:00,83624,37
2015-07-26 04:30:00,83624,42
2015-07-26 04:45:00,83624,23
2015-07-26 05:00:00,83624,30
2015-07-26 05:15:00,83624,35
2015-07-26 05:30:00,83624,37
2015-07-26 05:45:00,83624,28
2015-07-26 06:00:00,83624,35
2015-07-26 06:15:00,83624,42
2015-07-26 06:30:00,83624,37
2015-07-26 06:45:00,83624,41
2015-07-26 07:00:00,83624,46
2015-07-26 07:15:00,83624,45
2015-07-26 07:30:00,83624,46
2015-07-26 07:45:00,83624,43
2015-07-26 08:00:00,83624,60
2015-07-26 08:15:00,83624,58
2015-07-26 08:30:00,83624,67
2015-07-26 08:45:00,83624,70
2015-07-26 09:00:00,83624,85
2015-07-26 09:15:00,83624,72
2015-07-26 09:30:00,83624,83
2015-07-26 09:45:00,83624,99
2015-07-26 10:00:00,83624,78
2015-07-26 10:15:00,83624,111
2015-07-26 10:30:00,83624,108
2015-07-26 10:45:00,83624,118
2015-07-26 11:00:00,83624,118
2015-07-26 11:15:00,83624,145
2015-07-26 11:30:00,83624,155
2015-07-26 11:45:00,83624,135
2015-07-26 12:00:00,83624,156
2015-07-26 12:15:00,83624,141
2015-07-26 12:30:00,83624,153
2015-07-26 12:45:00,83624,172
2015-07-26 13:00:00,83624,190
2015-07-26 13:15:00,83624,166
2015-07-26 13:30:00,83624,162
2015-07-26 13:45:00,83624,139
2015-07-26 14:00:00,83624,164
2015-07-26 14:15:00,83624,160
2015-07-26 14:30:00,83624,154
2015-07-26 14:45:00,83624,180
2015-07-26 15:00:00,83624,203
2015-07-26 15:15:00,83624,145
2015-07-26 15:30:00,83624,213
2015-07-26 15:45:00,83624,199
2015-07-26 16:00:00,83624,181
2015-07-26 16:15:00,83624,220
2015-07-26 16:30:00,83624,199
2015-07-26 16:45:00,83624,194
2015-07-26 17:00:00,83624,212
2015-07-26 17:15:00,83624,218
2015-07-26 17:30:00,83624,182
2015-07-26 17:45:00,83624,203
2015-07-26 18:00:00,83624,193
2015-07-26 18:15:00,83624,201
2015-07-26 18:30:00,83624,168
2015-07-26 18:45:00,83624,190
2015-07-26 19:00:00,83624,182
2015-07-26 19:15:00,83624,151
2015-07-26 19:30:00,83624,156
2015-07-26 19:45:00,83624,144
2015-07-26 20:00:00,83624,150
2015-07-26 20:15:00,83624,131
2015-07-26 20:30:00,83624,133
2015-07-26 20:45:00,83624,134
2015-07-26 21:00:00,83624,106
2015-07-26 21:15:00,83624,120
2015-07-26 21:30:00,83624,122
2015-07-26 21:45:00,83624,82
2015-07-26 22:00:00,83624,103
2015-07-26 22:15:00,83624,102
2015-07-26 22:30:00,83624,104
2015-07-26 22:45:00,83624,100
2015-07-26 23:00:00,83624,71
2015-07-26 23:15:00,83624,70
2015-07-26 23:30:00,83624,76
2015-07-26 23:45:00,83624,35
2015-07-27 00:00:00,83624,48
2015-07-27 00:15:00,83624,44
2015-07-27 00:30:00,83624,36
2015-07-27 00:45:00,83624,40
2015-07-27 01:00:00,83624,40
2015-07-27 01:15:00,83624,35
2015-07-27 01:30:00,83624,25
2015-07-27 01:45:00,83624,20
2015-07-27 02:00:00,83624,20
2015-07-27 02:15:00,83624,17
2015-07-27 02:30:00,83624,18
2015-07-27 02:45:00,83624,16
2015-07-27 03:00:00,83624,12
2015-07-27 03:15:00,83624,19
2015-07-27 03:30:00,83624,16
2015-07-27 03:45:00,83624,17
2015-07-27 04:00:00,83624,18
2015-07-27 04:15:00,83624,22
2015-07-27 04:30:00,83624,19
2015-07-27 04:45:00,83624,21
2015-07-27 05:00:00,83624,23
2015-07-27 05:15:00,83624,17
2015-07-27 05:30:00,83624,28
2015-07-27 05:45:00,83624,29
2015-07-27 06:00:00,83624,54
2015-07-27 06:15:00,83624,73
2015-07-27 06:30:00,83624,86
2015-07-27 06:45:00,83624,76
2015-07-27 07:00:00,83624,84
2015-07-27 07:15:00,83624,96
2015-07-27 07:30:00,83624,69
2015-07-27 07:45:00,83624,125
2015-07-27 08:00:00,83624,116
2015-07-27 08:15:00,83624,119
2015-07-27 08:30:00,83624,129
2015-07-27 08:45:00,83624,120
2015-07-27 09:00:00,83624,126
2015-07-27 09:15:00,83624,117
2015-07-27 09:30:00,83624,98
2015-07-27 09:45:00,83624,91
2015-07-27 10:00:00,83624,65
2015-07-27 10:15:00,83624,85
2015-07-27 10:30:00,83624,111
2015-07-27 10:45:00,83624,111
2015-07-27 11:00:00,83624,93
2015-07-27 11:15:00,83624,103
2015-07-27 11:30:00,83624,113
2015-07-27 11:45:00,83624,110
2015-07-27 12:00:00,83624,111
2015-07-27 12:15:00,83624,113
2015-07-27 12:30:00,83624,119
2015-07-27 12:45:00,83624,120
2015-07-27 13:00:00,83624,109
2015-07-27 13:15:00,83624,123
2015-07-27 13:30:00,83624,117
2015-07-27 13:45:00,83624,117
2015-07-27 14:00:00,83624,108
2015-07-27 14:15:00,83624,130
2015-07-27 14:30:00,83624,114
2015-07-27 14:45:00,83624,143
2015-07-27 15:00:00,83624,113
2015-07-27 15:15:00,83624,143
2015-07-27 15:30:00,83624,155
2015-07-27 15:45:00,83624,134
2015-07-27 16:00:00,83624,130
2015-07-27 16:15:00,83624,127
2015-07-27 16:30:00,83624,152
2015-07-27 16:45:00,83624,156
2015-07-27 17:00:00,83624,155
2015-07-27 17:15:00,83624,168
2015-07-27 17:30:00,83624,186
2015-07-27 17:45:00,83624,152
2015-07-27 18:00:00,83624,187
2015-07-27 18:15:00,83624,174
2015-07-27 18:30:00,83624,188
2015-07-27 18:45:00,83624,164
2015-07-27 19:00:00,83624,166
2015-07-27 19:15:00,83624,143
2015-07-27 19:30:00,83624,156
2015-07-27 19:45:00,83624,128
2015-07-27 20:00:00,83624,111
2015-07-27 20:15:00,83624,101
2015-07-27 20:30:00,83624,144
2015-07-27 20:45:00,83624,107
2015-07-27 21:00:00,83624,110
2015-07-27 21:15:00,83624,111
2015-07-27 21:30:00,83624,103
2015-07-27 21:45:00,83624,83
2015-07-27 22:00:00,83624,91
2015-07-27 22:15:00,83624,95
2015-07-27 22:30:00,83624,67
2015-07-27 22:45:00,83624,83
2015-07-27 23:00:00,83624,66
2015-07-27 23:15:00,83624,62
2015-07-27 23:30:00,83624,37
2015-07-27 23:45:00,83624,58
2015-07-28 00:00:00,83624,60
2015-07-28 00:15:00,83624,37
2015-07-28 00:30:00,83624,38
2015-07-28 00:45:00,83624,26
2015-07-28 01:00:00,83624,9
2015-07-28 01:15:00,83624,21
2015-07-28 01:30:00,83624,28
2015-07-28 01:45:00,83624,20
2015-07-28 02:00:00,83624,14
2015-07-28 02:15:00,83624,15
2015-07-28 02:30:00,83624,17
2015-07-28 02:45:00,83624,10
2015-07-28 03:00:00,83624,14
2015-07-28 03:15:00,83624,12
2015-07-28 03:30:00,83624,13
2015-07-28 03:45:00,83624,13
2015-07-28 04:00:00,83624,8
2015-07-28 04:15:00,83624,11
2015-07-28 04:30:00,83624,11
2015-07-28 04:45:00,83624,25
2015-07-28 05:00:00,83624,34
2015-07-28 05:15:00,83624,30
2015-07-28 05:30:00,83624,28
2015-07-28 05:45:00,83624,38
2015-07-28 06:00:00,83624,64
2015-07-28 06:15:00,83624,74
2015-07-28 06:30:00,83624,84
2015-07-28 06:45:00,83624,70
2015-07-28 07:00:00,83624,105
2015-07-28 07:15:00,83624,97
2015-07-28 07:30:00,83624,83
2015-07-28 07:45:00,83624,136
2015-07-28 08:00:00,83624,95
2015-07-28 08:15:00,83624,113
2015-07-28 08:30:00,83624,118
2015-07-28 08:45:00,83624,128
2015-07-28 09:00:00,83624,132
2015-07-28 09:15:00,83624,107
2015-07-28 09:30:00,83624,111
2015-07-28 09:45:00,83624,77
2015-07-28 10:00:00,83624,105
2015-07-28 10:15:00,83624,95
2015-07-28 10:30:00,83624,91
2015-07-28 10:45:00,83624,105
2015-07-28 11:00:00,83624,94
2015-07-28 11:15:00,83624,90
2015-07-28 11:30:00,83624,102
2015-07-28 11:45:00,83624,100
2015-07-28 12:00:00,83624,112
2015-07-28 12:15:00,83624,118
2015-07-28 12:30:00,83624,112
2015-07-28 12:45:00,83624,115
2015-07-28 13:00:00,83624,111
2015-07-28 13:15:00,83624,111
2015-07-28 13:30:00,83624,119
2015-07-28 13:45:00,83624,127
2015-07-28 14:00:00,83624,120
2015-07-28 14:15:00,83624,127
2015-07-28 14:30:00,83624,114
2015-07-28 14:45:00,83624,133
2015-07-28 15:00:00,83624,119
2015-07-28 15:15:00,83624,140
2015-07-28 15:30:00,83624,121
2015-07-28 15:45:00,83624,136
2015-07-28 16:00:00,83624,161
2015-07-28 16:15:00,83624,148
2015-07-28 16:30:00,83624,135
2015-07-28 16:45:00,83624,151
2015-07-28 17:00:00,83624,182
2015-07-28 17:15:00,83624,178
2015-07-28 17:30:00,83624,186
2015-07-28 17:45:00,83624,162
2015-07-28 18:00:00,83624,161
2015-07-28 18:15:00,83624,166
2015-07-28 18:30:00,83624,191
2015-07-28 18:45:00,83624,174
2015-07-28 19:00:00,83624,162
2015-07-28 19:15:00,83624,153
2015-07-28 19:30:00,83624,152
2015-07-28 19:45:00,83624,148
2015-07-28 20:00:00,83624,134
2015-07-28 20:15:00,83624,127
2015-07-28 20:30:00,83624,143
2015-07-28 20:45:00,83624,145
2015-07-28 21:00:00,83624,141
2015-07-28 21:15:00,83624,131
2015-07-28 21:30:00,83624,120
2015-07-28 21:45:00,83624,132
2015-07-28 22:00:00,83624,119
2015-07-28 22:15:00,83624,125
2015-07-28 22:30:00,83624,88
2015-07-28 22:45:00,83624,66
2015-07-28 23:00:00,83624,53
2015-07-28 23:15:00,83624,72
2015-07-28 23:30:00,83624,60
2015-07-28 23:45:00,83624,61
2015-07-29 00:00:00,83624,44
2015-07-29 00:15:00,83624,43
2015-07-29 00:30:00,83624,44
2015-07-29 00:45:00,83624,41
2015-07-29 01:00:00,83624,26
2015-07-29 01:15:00,83624,24
2015-07-29 01:30:00,83624,18
2015-07-29 01:45:00,83624,30
2015-07-29 02:00:00,83624,19
2015-07-29 02:15:00,83624,16
2015-07-29 02:30:00,83624,14
2015-07-29 02:45:00,83624,13
2015-07-29 03:00:00,83624,16
2015-07-29 03:15:00,83624,27
2015-07-29 03:30:00,83624,25
2015-07-29 03:45:00,83624,22
2015-07-29 04:00:00,83624,23
2015-07-29 04:15:00,83624,19
2015-07-29 04:30:00,83624,16
2015-07-29 04:45:00,83624,32
2015-07-29 05:00:00,83624,25
2015-07-29 05:15:00,83624,37
2015-07-29 05:30:00,83624,35
2015-07-29 05:45:00,83624,47
2015-07-29 06:00:00,83624,49
2015-07-29 06:15:00,83624,54
2015-07-29 06:30:00,83624,66
2015-07-29 06:45:00,83624,80
2015-07-29 07:00:00,83624,94
2015-07-29 07:15:00,83624,77
2015-07-29 07:30:00,83624,105
2015-07-29 07:45:00,83624,128
2015-07-29 08:00:00,83624,127
2015-07-29 08:15:00,83624,123
2015-07-29 08:30:00,83624,124
2015-07-29 08:45:00,83624,122
2015-07-29 09:00:00,83624,153
2015-07-29 09:15:00,83624,136
2015-07-29 09:30:00,83624,115
2015-07-29 09:45:00,83624,111
2015-07-29 10:00:00,83624,120
2015-07-29 10:15:00,83624,125
2015-07-29 10:30:00,83624,143
2015-07-29 10:45:00,83624,135
2015-07-29 11:00:00,83624,85
2015-07-29 11:15:00,83624,101
2015-07-29 11:30:00,83624,99
2015-07-29 11:45:00,83624,110
2015-07-29 12:00:00,83624,93
2015-07-29 12:15:00,83624,105
2015-07-29 12:30:00,83624,105
2015-07-29 12:45:00,83624,104
2015-07-29 13:00:00,83624,93
2015-07-29 13:15:00,83624,90
2015-07-29 13:30:00,83624,105
2015-07-29 13:45:00,83624,123
2015-07-29 14:00:00,83624,99
2015-07-29 14:15:00,83624,115
2015-07-29 14:30:00,83624,122
2015-07-29 14:45:00,83624,128
2015-07-29 15:00:00,83624,140
2015-07-29 15:15:00,83624,156
2015-07-29 15:30:00,83624,150
2015-07-29 15:45:00,83624,137
2015-07-29 16:00:00,83624,152
2015-07-29 16:15:00,83624,138
2015-07-29 16:30:00,83624,150
2015-07-29 16:45:00,83624,155
2015-07-29 17:00:00,83624,147
2015-07-29 17:15:00,83624,163
2015-07-29 17:30:00,83624,184
2015-07-29 17:45:00,83624,154
2015-07-29 18:00:00,83624,153
2015-07-29 18:15:00,83624,176
2015-07-29 18:30:00,83624,209
2015-07-29 18:45:00,83624,169
2015-07-29 19:00:00,83624,159
2015-07-29 19:15:00,83624,143
2015-07-29 19:30:00,83624,167
2015-07-29 19:45:00,83624,153
2015-07-29 20:00:00,83624,145
2015-07-29 20:15:00,83624,134
2015-07-29 20:30:00,83624,137
2015-07-29 20:45:00,83624,136
2015-07-29 21:00:00,83624,111
2015-07-29 21:15:00,83624,120
2015-07-29 21:30:00,83624,118
2015-07-29 21:45:00,83624,103
2015-07-29 22:00:00,83624,108
2015-07-29 22:15:00,83624,97
2015-07-29 22:30:00,83624,112
2015-07-29 22:45:00,83624,83
2015-07-29 23:00:00,83624,85
2015-07-29 23:15:00,83624,63
2015-07-29 23:30:00,83624,60
2015-07-29 23:45:00,83624,53
2015-07-30 00:00:00,83624,62
2015-07-30 00:15:00,83624,47
2015-07-30 00:30:00,83624,33
2015-07-30 00:45:00,83624,28
2015-07-30 01:00:00,83624,26
2015-07-30 01:15:00,83624,24
2015-07-30 01:30:00,83624,19
2015-07-30 01:45:00,83624,43
2015-07-30 02:00:00,83624,14
2015-07-30 02:15:00,83624,17
2015-07-30 02:30:00,83624,16
2015-07-30 02:45:00,83624,13
2015-07-30 03:00:00,83624,15
2015-07-30 03:15:00,83624,11
2015-07-30 03:30:00,83624,15
2015-07-30 03:45:00,83624,24
2015-07-30 04:00:00,83624,23
2015-07-30 04:15:00,83624,24
2015-07-30 04:30:00,83624,17
2015-07-30 04:45:00,83624,19
2015-07-30 05:00:00,83624,19
2015-07-30 05:15:00,83624,29
2015-07-30 05:30:00,83624,26
2015-07-30 05:45:00,83624,40
2015-07-30 06:00:00,83624,55
2015-07-30 06:15:00,83624,68
2015-07-30 06:30:00,83624,68
2015-07-30 06:45:00,83624,86
2015-07-30 07:00:00,83624,81
2015-07-30 07:15:00,83624,97
2015-07-30 07:30:00,83624,100
2015-07-30 07:45:00,83624,129
2015-07-30 08:00:00,83624,132
2015-07-30 08:15:00,83624,122
2015-07-30 08:30:00,83624,115
2015-07-30 08:45:00,83624,129
2015-07-30 09:00:00,83624,123
2015-07-30 09:15:00,83624,144
2015-07-30 09:30:00,83624,132
2015-07-30 09:45:00,83624,134
2015-07-30 10:00:00,83624,95
2015-07-30 10:15:00,83624,89
2015-07-30 10:30:00,83624,111
2015-07-30 10:45:00,83624,94
2015-07-30 11:00:00,83624,98
2015-07-30 11:15:00,83624,127
2015-07-30 11:30:00,83624,109
2015-07-30 11:45:00,83624,129
2015-07-30 12:00:00,83624,127
2015-07-30 12:15:00,83624,113
2015-07-30 12:30:00,83624,123
2015-07-30 12:45:00,83624,114
2015-07-30 13:00:00,83624,95
2015-07-30 13:15:00,83624,108
2015-07-30 13:30:00,83624,113
2015-07-30 13:45:00,83624,116
2015-07-30 14:00:00,83624,118
2015-07-30 14:15:00,83624,129
2015-07-30 14:30:00,83624,102
2015-07-30 14:45:00,83624,120
2015-07-30 15:00:00,83624,127
2015-07-30 15:15:00,83624,142
2015-07-30 15:30:00,83624,163
2015-07-30 15:45:00,83624,135
2015-07-30 16:00:00,83624,160
2015-07-30 16:15:00,83624,192
2015-07-30 16:30:00,83624,209
2015-07-30 16:45:00,83624,198
2015-07-30 17:00:00,83624,171
2015-07-30 17:15:00,83624,220
2015-07-30 17:30:00,83624,218
2015-07-30 17:45:00,83624,214
2015-07-30 18:00:00,83624,194
2015-07-30 18:15:00,83624,212
2015-07-30 18:30:00,83624,176
2015-07-30 18:45:00,83624,180
2015-07-30 19:00:00,83624,199
2015-07-30 19:15:00,83624,189
2015-07-30 19:30:00,83624,179
2015-07-30 19:45:00,83624,175
2015-07-30 20:00:00,83624,122
2015-07-30 20:15:00,83624,138
2015-07-30 20:30:00,83624,125
2015-07-30 20:45:00,83624,118
2015-07-30 21:00:00,83624,121
2015-07-30 21:15:00,83624,115
2015-07-30 21:30:00,83624,125
2015-07-30 21:45:00,83624,115
2015-07-30 22:00:00,83624,105
2015-07-30 22:15:00,83624,85
2015-07-30 22:30:00,83624,78
2015-07-30 22:45:00,83624,87
2015-07-30 23:00:00,83624,81
2015-07-30 23:15:00,83624,74
2015-07-30 23:30:00,83624,63
2015-07-30 23:45:00,83624,54
2015-07-31 00:00:00,83624,63
2015-07-31 00:15:00,83624,48
2015-07-31 00:30:00,83624,44
2015-07-31 00:45:00,83624,50
2015-07-31 01:00:00,83624,47
2015-07-31 01:15:00,83624,26
2015-07-31 01:30:00,83624,28
2015-07-31 01:45:00,83624,21
2015-07-31 02:00:00,83624,24
2015-07-31 02:15:00,83624,22
2015-07-31 02:30:00,83624,19
2015-07-31 02:45:00,83624,6
2015-07-31 03:00:00,83624,14
2015-07-31 03:15:00,83624,13
2015-07-31 03:30:00,83624,13
2015-07-31 03:45:00,83624,18
2015-07-31 04:00:00,83624,11
2015-07-31 04:15:00,83624,22
2015-07-31 04:30:00,83624,23
2015-07-31 04:45:00,83624,20
2015-07-31 05:00:00,83624,26
2015-07-31 05:15:00,83624,24
2015-07-31 05:30:00,83624,26
2015-07-31 05:45:00,83624,29
2015-07-31 06:00:00,83624,35
2015-07-31 06:15:00,83624,37
2015-07-31 06:30:00,83624,61
2015-07-31 06:45:00,83624,69
2015-07-31 07:00:00,83624,65
2015-07-31 07:15:00,83624,81
2015-07-31 07:30:00,83624,112
2015-07-31 07:45:00,83624,93
2015-07-31 08:00:00,83624,121
2015-07-31 08:15:00,83624,112
2015-07-31 08:30:00,83624,124
2015-07-31 08:45:00,83624,118
2015-07-31 09:00:00,83624,133
2015-07-31 09:15:00,83624,106
2015-07-31 09:30:00,83624,108
2015-07-31 09:45:00,83624,114
2015-07-31 10:00:00,83624,132
2015-07-31 10:15:00,83624,120
2015-07-31 10:30:00,83624,114
2015-07-31 10:45:00,83624,100
2015-07-31 11:00:00,83624,101
2015-07-31 11:15:00,83624,116
2015-07-31 11:30:00,83624,120
2015-07-31 11:45:00,83624,124
2015-07-31 12:00:00,83624,130
2015-07-31 12:15:00,83624,130
2015-07-31 12:30:00,83624,132
2015-07-31 12:45:00,83624,127
2015-07-31 13:00:00,83624,116
2015-07-31 13:15:00,83624,128
2015-07-31 13:30:00,83624,134
2015-07-31 13:45:00,83624,108
2015-07-31 14:00:00,83624,116
2015-07-31 14:15:00,83624,122
2015-07-31 14:30:00,83624,143
2015-07-31 14:45:00,83624,141
2015-07-31 15:00:00,83624,128
2015-07-31 15:15:00,83624,146
2015-07-31 15:30:00,83624,147
2015-07-31 15:45:00,83624,150
2015-07-31 16:00:00,83624,151
2015-07-31 16:15:00,83624,172
2015-07-31 16:30:00,83624,170
2015-07-31 16:45:00,83624,198
2015-07-31 17:00:00,83624,179
2015-07-31 17:15:00,83624,212
2015-07-31 17:30:00,83624,208
2015-07-31 17:45:00,83624,193
2015-07-31 18:00:00,83624,203
2015-07-31 18:15:00,83624,227
2015-07-31 18:30:00,83624,208
2015-07-31 18:45:00,83624,206
2015-07-31 19:00:00,83624,199
2015-07-31 19:15:00,83624,212
2015-07-31 19:30:00,83624,190
2015-07-31 19:45:00,83624,186
2015-07-31 20:00:00,83624,187
2015-07-31 20:15:00,83624,196
2015-07-31 20:30:00,83624,196
2015-07-31 20:45:00,83624,176
2015-07-31 21:00:00,83624,212
2015-07-31 21:15:00,83624,153
2015-07-31 21:30:00,83624,144
2015-07-31 21:45:00,83624,145
2015-07-31 22:00:00,83624,124
2015-07-31 22:15:00,83624,149
2015-07-31 22:30:00,83624,152
2015-07-31 22:45:00,83624,181
2015-07-31 23:00:00,83624,105
2015-07-31 23:15:00,83624,104
2015-07-31 23:30:00,83624,94
2015-07-31 23:45:00,83624,134
2015-08-01 00:00:00,83624,82
2015-08-01 00:15:00,83624,68
2015-08-01 00:30:00,83624,74
2015-08-01 00:45:00,83624,68
2015-08-01 01:00:00,83624,62
2015-08-01 01:15:00,83624,59
2015-08-01 01:30:00,83624,55
2015-08-01 01:45:00,83624,50
2015-08-01 02:00:00,83624,46
2015-08-01 02:15:00,83624,46
2015-08-01 02:30:00,83624,43
2015-08-01 02:45:00,83624,42
2015-08-01 03:00:00,83624,30
2015-08-01 03:15:00,83624,20
2015-08-01 03:30:00,83624,27
2015-08-01 03:45:00,83624,22
2015-08-01 04:00:00,83624,22
2015-08-01 04:15:00,83624,28
2015-08-01 04:30:00,83624,33
2015-08-01 04:45:00,83624,36
2015-08-01 05:00:00,83624,28
2015-08-01 05:15:00,83624,27
2015-08-01 05:30:00,83624,32
2015-08-01 05:45:00,83624,48
2015-08-01 06:00:00,83624,48
2015-08-01 06:15:00,83624,41
2015-08-01 06:30:00,83624,67
2015-08-01 06:45:00,83624,73
2015-08-01 07:00:00,83624,61
2015-08-01 07:15:00,83624,59
2015-08-01 07:30:00,83624,65
2015-08-01 07:45:00,83624,89
2015-08-01 08:00:00,83624,93
2015-08-01 08:15:00,83624,50
2015-08-01 08:30:00,83624,49
2015-08-01 08:45:00,83624,98
2015-08-01 09:00:00,83624,104
2015-08-01 09:15:00,83624,98
2015-08-01 09:30:00,83624,111
2015-08-01 09:45:00,83624,101
2015-08-01 10:00:00,83624,105
2015-08-01 10:15:00,83624,112
2015-08-01 10:30:00,83624,121
2015-08-01 10:45:00,83624,134
2015-08-01 11:00:00,83624,134
2015-08-01 11:15:00,83624,164
2015-08-01 11:30:00,83624,135
2015-08-01 11:45:00,83624,133
2015-08-01 12:00:00,83624,136
2015-08-01 12:15:00,83624,161
2015-08-01 12:30:00,83624,137
2015-08-01 12:45:00,83624,134
2015-08-01 13:00:00,83624,142
2015-08-01 13:15:00,83624,122
2015-08-01 13:30:00,83624,144
2015-08-01 13:45:00,83624,136
2015-08-01 14:00:00,83624,175
2015-08-01 14:15:00,83624,170
2015-08-01 14:30:00,83624,186
2015-08-01 14:45:00,83624,153
2015-08-01 15:00:00,83624,197
2015-08-01 15:15:00,83624,195
2015-08-01 15:30:00,83624,182
2015-08-01 15:45:00,83624,210
2015-08-01 16:00:00,83624,190
2015-08-01 16:15:00,83624,195
2015-08-01 16:30:00,83624,211
2015-08-01 16:45:00,83624,225
2015-08-01 17:00:00,83624,203
2015-08-01 17:15:00,83624,193
2015-08-01 17:30:00,83624,191
2015-08-01 17:45:00,83624,209
2015-08-01 18:00:00,83624,215
2015-08-01 18:15:00,83624,236
2015-08-01 18:30:00,83624,240
2015-08-01 18:45:00,83624,226
2015-08-01 19:00:00,83624,200
2015-08-01 19:15:00,83624,163
2015-08-01 19:30:00,83624,230
2015-08-01 19:45:00,83624,212
2015-08-01 20:00:00,83624,188
2015-08-01 20:15:00,83624,176
2015-08-01 20:30:00,83624,211
2015-08-01 20:45:00,83624,186
2015-08-01 21:00:00,83624,205
2015-08-01 21:15:00,83624,184
2015-08-01 21:30:00,83624,197
2015-08-01 21:45:00,83624,198
2015-08-01 22:00:00,83624,153
2015-08-01 22:15:00,83624,158
2015-08-01 22:30:00,83624,132
2015-08-01 22:45:00,83624,192
2015-08-01 23:00:00,83624,177
2015-08-01 23:15:00,83624,158
2015-08-01 23:30:00,83624,139
2015-08-01 23:45:00,83624,108
2015-08-02 00:00:00,83624,91
2015-08-02 00:15:00,83624,95
2015-08-02 00:30:00,83624,89
2015-08-02 00:45:00,83624,88
2015-08-02 01:00:00,83624,58
2015-08-02 01:15:00,83624,42
2015-08-02 01:30:00,83624,52
2015-08-02 01:45:00,83624,46
2015-08-02 02:00:00,83624,41
2015-08-02 02:15:00,83624,41
2015-08-02 02:30:00,83624,44
2015-08-02 02:45:00,83624,52
2015-08-02 03:00:00,83624,40
2015-08-02 03:15:00,83624,34
2015-08-02 03:30:00,83624,37
2015-08-02 03:45:00,83624,26
2015-08-02 04:00:00,83624,39
2015-08-02 04:15:00,83624,38
2015-08-02 04:30:00,83624,28
2015-08-02 04:45:00,83624,29
2015-08-02 05:00:00,83624,27
2015-08-02 05:15:00,83624,30
2015-08-02 05:30:00,83624,43
2015-08-02 05:45:00,83624,27
2015-08-02 06:00:00,83624,19
2015-08-02 06:15:00,83624,31
2015-08-02 06:30:00,83624,33
2015-08-02 06:45:00,83624,36
2015-08-02 07:00:00,83624,45
2015-08-02 07:15:00,83624,42
2015-08-02 07:30:00,83624,45
2015-08-02 07:45:00,83624,56
2015-08-02 08:00:00,83624,68
2015-08-02 08:15:00,83624,63
2015-08-02 08:30:00,83624,67
2015-08-02 08:45:00,83624,72
2015-08-02 09:00:00,83624,69
2015-08-02 09:15:00,83624,79
2015-08-02 09:30:00,83624,86
2015-08-02 09:45:00,83624,88
2015-08-02 10:00:00,83624,105
2015-08-02 10:15:00,83624,130
2015-08-02 10:30:00,83624,123
2015-08-02 10:45:00,83624,107
2015-08-02 11:00:00,83624,148
2015-08-02 11:15:00,83624,128
2015-08-02 11:30:00,83624,117
2015-08-02 11:45:00,83624,139
2015-08-02 12:00:00,83624,131
2015-08-02 12:15:00,83624,128
2015-08-02 12:30:00,83624,145
2015-08-02 12:45:00,83624,153
2015-08-02 13:00:00,83624,131
2015-08-02 13:15:00,83624,143
2015-08-02 13:30:00,83624,143
2015-08-02 13:45:00,83624,164
2015-08-02 14:00:00,83624,190
2015-08-02 14:15:00,83624,173
2015-08-02 14:30:00,83624,200
2015-08-02 14:45:00,83624,167
2015-08-02 15:00:00,83624,181
2015-08-02 15:15:00,83624,168
2015-08-02 15:30:00,83624,206
2015-08-02 15:45:00,83624,190
2015-08-02 16:00:00,83624,197
2015-08-02 16:15:00,83624,196
2015-08-02 16:30:00,83624,180
2015-08-02 16:45:00,83624,186
2015-08-02 17:00:00,83624,186
2015-08-02 17:15:00,83624,188
2015-08-02 17:30:00,83624,170
2015-08-02 17:45:00,83624,173
2015-08-02 18:00:00,83624,168
2015-08-02 18:15:00,83624,158
2015-08-02 18:30:00,83624,212
2015-08-02 18:45:00,83624,149
2015-08-02 19:00:00,83624,181
2015-08-02 19:15:00,83624,171
2015-08-02 19:30:00,83624,175
2015-08-02 19:45:00,83624,186
2015-08-02 20:00:00,83624,195
2015-08-02 20:15:00,83624,179
2015-08-02 20:30:00,83624,195
2015-08-02 20:45:00,83624,182
2015-08-02 21:00:00,83624,176
2015-08-02 21:15:00,83624,162
2015-08-02 21:30:00,83624,151
2015-08-02 21:45:00,83624,147
2015-08-02 22:00:00,83624,128
2015-08-02 22:15:00,83624,103
2015-08-02 22:30:00,83624,125
2015-08-02 22:45:00,83624,86
2015-08-02 23:00:00,83624,108
2015-08-02 23:15:00,83624,106
2015-08-02 23:30:00,83624,105
2015-08-02 23:45:00,83624,126
2015-08-03 00:00:00,83624,63
2015-08-03 00:15:00,83624,59
2015-08-03 00:30:00,83624,66
2015-08-03 00:45:00,83624,39
2015-08-03 01:00:00,83624,27
2015-08-03 01:15:00,83624,48
2015-08-03 01:30:00,83624,29
2015-08-03 01:45:00,83624,29
2015-08-03 02:00:00,83624,30
2015-08-03 02:15:00,83624,33
2015-08-03 02:30:00,83624,16
2015-08-03 02:45:00,83624,26
2015-08-03 03:00:00,83624,14
2015-08-03 03:15:00,83624,18
2015-08-03 03:30:00,83624,13
2015-08-03 03:45:00,83624,15
2015-08-03 04:00:00,83624,16
2015-08-03 04:15:00,83624,25
2015-08-03 04:30:00,83624,17
2015-08-03 04:45:00,83624,18
2015-08-03 05:00:00,83624,24
2015-08-03 05:15:00,83624,39
2015-08-03 05:30:00,83624,37
2015-08-03 05:45:00,83624,31
2015-08-03 06:00:00,83624,50
2015-08-03 06:15:00,83624,63
2015-08-03 06:30:00,83624,73
2015-08-03 06:45:00,83624,90
2015-08-03 07:00:00,83624,95
2015-08-03 07:15:00,83624,100
2015-08-03 07:30:00,83624,100
2015-08-03 07:45:00,83624,128
2015-08-03 08:00:00,83624,122
2015-08-03 08:15:00,83624,108
2015-08-03 08:30:00,83624,115
2015-08-03 08:45:00,83624,115
2015-08-03 09:00:00,83624,117
2015-08-03 09:15:00,83624,104
2015-08-03 09:30:00,83624,111
2015-08-03 09:45:00,83624,103
2015-08-03 10:00:00,83624,130
2015-08-03 10:15:00,83624,98
2015-08-03 10:30:00,83624,94
2015-08-03 10:45:00,83624,120
2015-08-03 11:00:00,83624,112
2015-08-03 11:15:00,83624,111
2015-08-03 11:30:00,83624,130
2015-08-03 11:45:00,83624,99
2015-08-03 12:00:00,83624,114
2015-08-03 12:15:00,83624,107
2015-08-03 12:30:00,83624,108
2015-08-03 12:45:00,83624,107
2015-08-03 13:00:00,83624,101
2015-08-03 13:15:00,83624,100
2015-08-03 13:30:00,83624,106
2015-08-03 13:45:00,83624,85
2015-08-03 14:00:00,83624,130
2015-08-03 14:15:00,83624,115
2015-08-03 14:30:00,83624,116
2015-08-03 14:45:00,83624,127
2015-08-03 15:00:00,83624,142
2015-08-03 15:15:00,83624,106
2015-08-03 15:30:00,83624,166
2015-08-03 15:45:00,83624,171
2015-08-03 16:00:00,83624,170
2015-08-03 16:15:00,83624,151
2015-08-03 16:30:00,83624,144
2015-08-03 16:45:00,83624,162
2015-08-03 17:00:00,83624,171
2015-08-03 17:15:00,83624,176
2015-08-03 17:30:00,83624,164
2015-08-03 17:45:00,83624,192
2015-08-03 18:00:00,83624,190
2015-08-03 18:15:00,83624,189
2015-08-03 18:30:00,83624,196
2015-08-03 18:45:00,83624,180
2015-08-03 19:00:00,83624,171
2015-08-03 19:15:00,83624,194
2015-08-03 19:30:00,83624,159
2015-08-03 19:45:00,83624,154
2015-08-03 20:00:00,83624,145
2015-08-03 20:15:00,83624,135
2015-08-03 20:30:00,83624,129
2015-08-03 20:45:00,83624,139
2015-08-03 21:00:00,83624,155
2015-08-03 21:15:00,83624,114
2015-08-03 21:30:00,83624,119
2015-08-03 21:45:00,83624,105
2015-08-03 22:00:00,83624,80
2015-08-03 22:15:00,83624,81
2015-08-03 22:30:00,83624,73
2015-08-03 22:45:00,83624,60
2015-08-03 23:00:00,83624,71
2015-08-03 23:15:00,83624,51
2015-08-03 23:30:00,83624,54
2015-08-03 23:45:00,83624,46
2015-08-04 00:00:00,83624,39
2015-08-04 00:15:00,83624,42
2015-08-04 00:30:00,83624,30
2015-08-04 00:45:00,83624,28
2015-08-04 01:00:00,83624,27
2015-08-04 01:15:00,83624,23
2015-08-04 01:30:00,83624,23
2015-08-04 01:45:00,83624,22
2015-08-04 02:00:00,83624,18
2015-08-04 02:15:00,83624,16
2015-08-04 02:30:00,83624,12
2015-08-04 02:45:00,83624,18
2015-08-04 03:00:00,83624,17
2015-08-04 03:15:00,83624,8
2015-08-04 03:30:00,83624,16
2015-08-04 03:45:00,83624,7
2015-08-04 04:00:00,83624,17
2015-08-04 04:15:00,83624,19
2015-08-04 04:30:00,83624,14
2015-08-04 04:45:00,83624,15
2015-08-04 05:00:00,83624,18
2015-08-04 05:15:00,83624,20
2015-08-04 05:30:00,83624,32
2015-08-04 05:45:00,83624,29
2015-08-04 06:00:00,83624,58
2015-08-04 06:15:00,83624,63
2015-08-04 06:30:00,83624,63
2015-08-04 06:45:00,83624,78
2015-08-04 07:00:00,83624,83
2015-08-04 07:15:00,83624,87
2015-08-04 07:30:00,83624,95
2015-08-04 07:45:00,83624,121
2015-08-04 08:00:00,83624,142
2015-08-04 08:15:00,83624,110
2015-08-04 08:30:00,83624,124
2015-08-04 08:45:00,83624,126
2015-08-04 09:00:00,83624,119
2015-08-04 09:15:00,83624,110
2015-08-04 09:30:00,83624,102
2015-08-04 09:45:00,83624,113
2015-08-04 10:00:00,83624,99
2015-08-04 10:15:00,83624,85
2015-08-04 10:30:00,83624,103
2015-08-04 10:45:00,83624,99
2015-08-04 11:00:00,83624,99
2015-08-04 11:15:00,83624,95
2015-08-04 11:30:00,83624,89
2015-08-04 11:45:00,83624,111
2015-08-04 12:00:00,83624,124
2015-08-04 12:15:00,83624,127
2015-08-04 12:30:00,83624,111
2015-08-04 12:45:00,83624,144
2015-08-04 13:00:00,83624,156
2015-08-04 13:15:00,83624,127
2015-08-04 13:30:00,83624,146
2015-08-04 13:45:00,83624,128
2015-08-04 14:00:00,83624,117
2015-08-04 14:15:00,83624,147
2015-08-04 14:30:00,83624,139
2015-08-04 14:45:00,83624,152
2015-08-04 15:00:00,83624,111
2015-08-04 15:15:00,83624,135
2015-08-04 15:30:00,83624,146
2015-08-04 15:45:00,83624,143
2015-08-04 16:00:00,83624,143
2015-08-04 16:15:00,83624,131
2015-08-04 16:30:00,83624,157
2015-08-04 16:45:00,83624,157
2015-08-04 17:00:00,83624,160
2015-08-04 17:15:00,83624,191
2015-08-04 17:30:00,83624,161
2015-08-04 17:45:00,83624,182
2015-08-04 18:00:00,83624,166
2015-08-04 18:15:00,83624,202
2015-08-04 18:30:00,83624,157
2015-08-04 18:45:00,83624,190
2015-08-04 19:00:00,83624,191
2015-08-04 19:15:00,83624,194
2015-08-04 19:30:00,83624,164
2015-08-04 19:45:00,83624,157
2015-08-04 20:00:00,83624,139
2015-08-04 20:15:00,83624,127
2015-08-04 20:30:00,83624,164
2015-08-04 20:45:00,83624,137
2015-08-04 21:00:00,83624,154
2015-08-04 21:15:00,83624,121
2015-08-04 21:30:00,83624,110
2015-08-04 21:45:00,83624,115
2015-08-04 22:00:00,83624,93
2015-08-04 22:15:00,83624,85
2015-08-04 22:30:00,83624,76
2015-08-04 22:45:00,83624,64
2015-08-04 23:00:00,83624,78
2015-08-04 23:15:00,83624,71
2015-08-04 23:30:00,83624,59
2015-08-04 23:45:00,83624,40
2015-08-05 00:00:00,83624,46
2015-08-05 00:15:00,83624,42
2015-08-05 00:30:00,83624,30
2015-08-05 00:45:00,83624,23
2015-08-05 01:00:00,83624,34
2015-08-05 01:15:00,83624,32
2015-08-05 01:30:00,83624,23
2015-08-05 01:45:00,83624,20
2015-08-05 02:00:00,83624,28
2015-08-05 02:15:00,83624,16
2015-08-05 02:30:00,83624,18
2015-08-05 02:45:00,83624,11
2015-08-05 03:00:00,83624,20
2015-08-05 03:15:00,83624,9
2015-08-05 03:30:00,83624,13
2015-08-05 03:45:00,83624,14
2015-08-05 04:00:00,83624,20
2015-08-05 04:15:00,83624,17
2015-08-05 04:30:00,83624,15
2015-08-05 04:45:00,83624,17
2015-08-05 05:00:00,83624,21
2015-08-05 05:15:00,83624,30
2015-08-05 05:30:00,83624,28
2015-08-05 05:45:00,83624,37
2015-08-05 06:00:00,83624,49
2015-08-05 06:15:00,83624,73
2015-08-05 06:30:00,83624,76
2015-08-05 06:45:00,83624,93
2015-08-05 07:00:00,83624,80
2015-08-05 07:15:00,83624,89
2015-08-05 07:30:00,83624,101
2015-08-05 07:45:00,83624,112
2015-08-05 08:00:00,83624,118
2015-08-05 08:15:00,83624,95
2015-08-05 08:30:00,83624,106
2015-08-05 08:45:00,83624,117
2015-08-05 09:00:00,83624,114
2015-08-05 09:15:00,83624,106
2015-08-05 09:30:00,83624,111
2015-08-05 09:45:00,83624,129
2015-08-05 10:00:00,83624,106
2015-08-05 10:15:00,83624,110
2015-08-05 10:30:00,83624,110
2015-08-05 10:45:00,83624,133
2015-08-05 11:00:00,83624,111
2015-08-05 11:15:00,83624,87
2015-08-05 11:30:00,83624,106
2015-08-05 11:45:00,83624,121
2015-08-05 12:00:00,83624,115
2015-08-05 12:15:00,83624,133
2015-08-05 12:30:00,83624,129
2015-08-05 12:45:00,83624,105
2015-08-05 13:00:00,83624,106
2015-08-05 13:15:00,83624,117
2015-08-05 13:30:00,83624,106
2015-08-05 13:45:00,83624,116
2015-08-05 14:00:00,83624,102
2015-08-05 14:15:00,83624,131
2015-08-05 14:30:00,83624,110
2015-08-05 14:45:00,83624,152
2015-08-05 15:00:00,83624,136
2015-08-05 15:15:00,83624,130
2015-08-05 15:30:00,83624,132
2015-08-05 15:45:00,83624,162
2015-08-05 16:00:00,83624,125
2015-08-05 16:15:00,83624,140
2015-08-05 16:30:00,83624,153
2015-08-05 16:45:00,83624,174
2015-08-05 17:00:00,83624,153
2015-08-05 17:15:00,83624,163
2015-08-05 17:30:00,83624,200
2015-08-05 17:45:00,83624,186
2015-08-05 18:00:00,83624,195
2015-08-05 18:15:00,83624,190
2015-08-05 18:30:00,83624,168
2015-08-05 18:45:00,83624,165
2015-08-05 19:00:00,83624,169
2015-08-05 19:15:00,83624,151
2015-08-05 19:30:00,83624,191
2015-08-05 19:45:00,83624,142
2015-08-05 20:00:00,83624,134
2015-08-05 20:15:00,83624,108
2015-08-05 20:30:00,83624,153
2015-08-05 20:45:00,83624,118
2015-08-05 21:00:00,83624,128
2015-08-05 21:15:00,83624,117
2015-08-05 21:30:00,83624,120
2015-08-05 21:45:00,83624,103
2015-08-05 22:00:00,83624,102
2015-08-05 22:15:00,83624,109
2015-08-05 22:30:00,83624,89
2015-08-05 22:45:00,83624,105
2015-08-05 23:00:00,83624,69
2015-08-05 23:15:00,83624,75
2015-08-05 23:30:00,83624,58
2015-08-05 23:45:00,83624,55
2015-08-06 00:00:00,83624,62
2015-08-06 00:15:00,83624,53
2015-08-06 00:30:00,83624,31
2015-08-06 00:45:00,83624,33
2015-08-06 01:00:00,83624,28
2015-08-06 01:15:00,83624,28
2015-08-06 01:30:00,83624,25
2015-08-06 01:45:00,83624,15
2015-08-06 02:00:00,83624,15
2015-08-06 02:15:00,83624,21
2015-08-06 02:30:00,83624,16
2015-08-06 02:45:00,83624,14
2015-08-06 03:00:00,83624,17
2015-08-06 03:15:00,83624,14
2015-08-06 03:30:00,83624,18
2015-08-06 03:45:00,83624,18
2015-08-06 04:00:00,83624,20
2015-08-06 04:15:00,83624,20
2015-08-06 04:30:00,83624,15
2015-08-06 04:45:00,83624,15
2015-08-06 05:00:00,83624,18
2015-08-06 05:15:00,83624,26
2015-08-06 05:30:00,83624,30
2015-08-06 05:45:00,83624,39
2015-08-06 06:00:00,83624,60
2015-08-06 06:15:00,83624,80
2015-08-06 06:30:00,83624,70
2015-08-06 06:45:00,83624,92
2015-08-06 07:00:00,83624,99
2015-08-06 07:15:00,83624,95
2015-08-06 07:30:00,83624,91
2015-08-06 07:45:00,83624,110
2015-08-06 08:00:00,83624,129
2015-08-06 08:15:00,83624,99
2015-08-06 08:30:00,83624,127
2015-08-06 08:45:00,83624,123
2015-08-06 09:00:00,83624,113
2015-08-06 09:15:00,83624,123
2015-08-06 09:30:00,83624,126
2015-08-06 09:45:00,83624,138
2015-08-06 10:00:00,83624,95
2015-08-06 10:15:00,83624,122
2015-08-06 10:30:00,83624,109
2015-08-06 10:45:00,83624,132
2015-08-06 11:00:00,83624,116
2015-08-06 11:15:00,83624,114
2015-08-06 11:30:00,83624,132
2015-08-06 11:45:00,83624,110
2015-08-06 12:00:00,83624,110
2015-08-06 12:15:00,83624,101
2015-08-06 12:30:00,83624,133
2015-08-06 12:45:00,83624,128
2015-08-06 13:00:00,83624,113
2015-08-06 13:15:00,83624,124
2015-08-06 13:30:00,83624,120
2015-08-06 13:45:00,83624,119
2015-08-06 14:00:00,83624,116
2015-08-06 14:15:00,83624,117
2015-08-06 14:30:00,83624,92
2015-08-06 14:45:00,83624,119
2015-08-06 15:00:00,83624,116
2015-08-06 15:15:00,83624,127
2015-08-06 15:30:00,83624,149
2015-08-06 15:45:00,83624,128
2015-08-06 16:00:00,83624,145
2015-08-06 16:15:00,83624,160
2015-08-06 16:30:00,83624,155
2015-08-06 16:45:00,83624,168
2015-08-06 17:00:00,83624,164
2015-08-06 17:15:00,83624,165
2015-08-06 17:30:00,83624,179
2015-08-06 17:45:00,83624,173
2015-08-06 18:00:00,83624,168
2015-08-06 18:15:00,83624,193
2015-08-06 18:30:00,83624,201
2015-08-06 18:45:00,83624,194
2015-08-06 19:00:00,83624,198
2015-08-06 19:15:00,83624,154
2015-08-06 19:30:00,83624,88
2015-08-06 19:45:00,83624,100
2015-08-06 20:00:00,83624,127
2015-08-06 20:15:00,83624,135
2015-08-06 20:30:00,83624,142
2015-08-06 20:45:00,83624,129
2015-08-06 21:00:00,83624,142
2015-08-06 21:15:00,83624,119
2015-08-06 21:30:00,83624,110
2015-08-06 21:45:00,83624,103
2015-08-06 22:00:00,83624,96
2015-08-06 22:15:00,83624,100
2015-08-06 22:30:00,83624,80
2015-08-06 22:45:00,83624,89
2015-08-06 23:00:00,83624,68
2015-08-06 23:15:00,83624,69
2015-08-06 23:30:00,83624,56
2015-08-06 23:45:00,83624,54
2015-08-07 00:00:00,83624,42
2015-08-07 00:15:00,83624,50
2015-08-07 00:30:00,83624,53
2015-08-07 00:45:00,83624,38
2015-08-07 01:00:00,83624,43
2015-08-07 01:15:00,83624,36
2015-08-07 01:30:00,83624,28
2015-08-07 01:45:00,83624,20
2015-08-07 02:00:00,83624,22
2015-08-07 02:15:00,83624,27
2015-08-07 02:30:00,83624,24
2015-08-07 02:45:00,83624,14
2015-08-07 03:00:00,83624,22
2015-08-07 03:15:00,83624,18
2015-08-07 03:30:00,83624,14
2015-08-07 03:45:00,83624,12
2015-08-07 04:00:00,83624,16
2015-08-07 04:15:00,83624,29
2015-08-07 04:30:00,83624,24
2015-08-07 04:45:00,83624,16
2015-08-07 05:00:00,83624,35
2015-08-07 05:15:00,83624,32
2015-08-07 05:30:00,83624,44
2015-08-07 05:45:00,83624,34
2015-08-07 06:00:00,83624,49
2015-08-07 06:15:00,83624,85
2015-08-07 06:30:00,83624,92
2015-08-07 06:45:00,83624,97
2015-08-07 07:00:00,83624,101
2015-08-07 07:15:00,83624,112
2015-08-07 07:30:00,83624,112
2015-08-07 07:45:00,83624,117
2015-08-07 08:00:00,83624,129
2015-08-07 08:15:00,83624,124
2015-08-07 08:30:00,83624,126
2015-08-07 08:45:00,83624,132
2015-08-07 09:00:00,83624,125
2015-08-07 09:15:00,83624,132
2015-08-07 09:30:00,83624,125
2015-08-07 09:45:00,83624,140
2015-08-07 10:00:00,83624,131
2015-08-07 10:15:00,83624,133
2015-08-07 10:30:00,83624,135
2015-08-07 10:45:00,83624,139
2015-08-07 11:00:00,83624,129
2015-08-07 11:15:00,83624,125
2015-08-07 11:30:00,83624,127
2015-08-07 11:45:00,83624,132
2015-08-07 12:00:00,83624,123
2015-08-07 12:15:00,83624,132
2015-08-07 12:30:00,83624,122
2015-08-07 12:45:00,83624,124
2015-08-07 13:00:00,83624,120
2015-08-07 13:15:00,83624,120
2015-08-07 13:30:00,83624,119
2015-08-07 13:45:00,83624,106
2015-08-07 14:00:00,83624,127
2015-08-07 14:15:00,83624,111
2015-08-07 14:30:00,83624,136
2015-08-07 14:45:00,83624,137
2015-08-07 15:00:00,83624,123
2015-08-07 15:15:00,83624,170
2015-08-07 15:30:00,83624,140
2015-08-07 15:45:00,83624,170
2015-08-07 16:00:00,83624,164
2015-08-07 16:15:00,83624,145
2015-08-07 16:30:00,83624,159
2015-08-07 16:45:00,83624,161
2015-08-07 17:00:00,83624,152
2015-08-07 17:15:00,83624,180
2015-08-07 17:30:00,83624,168
2015-08-07 17:45:00,83624,167
2015-08-07 18:00:00,83624,169
2015-08-07 18:15:00,83624,193
2015-08-07 18:30:00,83624,209
2015-08-07 18:45:00,83624,185
2015-08-07 19:00:00,83624,183
2015-08-07 19:15:00,83624,156
2015-08-07 19:30:00,83624,185
2015-08-07 19:45:00,83624,159
2015-08-07 20:00:00,83624,143
2015-08-07 20:15:00,83624,173
2015-08-07 20:30:00,83624,135
2015-08-07 20:45:00,83624,155
2015-08-07 21:00:00,83624,141
2015-08-07 21:15:00,83624,149
2015-08-07 21:30:00,83624,118
2015-08-07 21:45:00,83624,116
2015-08-07 22:00:00,83624,107
2015-08-07 22:15:00,83624,123
2015-08-07 22:30:00,83624,101
2015-08-07 22:45:00,83624,124
2015-08-07 23:00:00,83624,122
2015-08-07 23:15:00,83624,95
2015-08-07 23:30:00,83624,62
2015-08-07 23:45:00,83624,58
2015-08-08 00:00:00,83624,52
2015-08-08 00:15:00,83624,28
2015-08-08 00:30:00,83624,53
2015-08-08 00:45:00,83624,46
2015-08-08 01:00:00,83624,28
2015-08-08 01:15:00,83624,38
2015-08-08 01:30:00,83624,34
2015-08-08 01:45:00,83624,18
2015-08-08 02:00:00,83624,30
2015-08-08 02:15:00,83624,31
2015-08-08 02:30:00,83624,31
2015-08-08 02:45:00,83624,24
2015-08-08 03:00:00,83624,25
2015-08-08 03:15:00,83624,17
2015-08-08 03:30:00,83624,15
2015-08-08 03:45:00,83624,16
2015-08-08 04:00:00,83624,11
2015-08-08 04:15:00,83624,24
2015-08-08 04:30:00,83624,30
2015-08-08 04:45:00,83624,35
2015-08-08 05:00:00,83624,23
2015-08-08 05:15:00,83624,30
2015-08-08 05:30:00,83624,28
2015-08-08 05:45:00,83624,36
2015-08-08 06:00:00,83624,43
2015-08-08 06:15:00,83624,40
2015-08-08 06:30:00,83624,52
2015-08-08 06:45:00,83624,59
2015-08-08 07:00:00,83624,74
2015-08-08 07:15:00,83624,49
2015-08-08 07:30:00,83624,85
2015-08-08 07:45:00,83624,95
2015-08-08 08:00:00,83624,90
2015-08-08 08:15:00,83624,98
2015-08-08 08:30:00,83624,98
2015-08-08 08:45:00,83624,80
2015-08-08 09:00:00,83624,111
2015-08-08 09:15:00,83624,97
2015-08-08 09:30:00,83624,78
2015-08-08 09:45:00,83624,117
2015-08-08 10:00:00,83624,123
2015-08-08 10:15:00,83624,118
2015-08-08 10:30:00,83624,127
2015-08-08 10:45:00,83624,130
2015-08-08 11:00:00,83624,149
2015-08-08 11:15:00,83624,128
2015-08-08 11:30:00,83624,135
2015-08-08 11:45:00,83624,144
2015-08-08 12:00:00,83624,131
2015-08-08 12:15:00,83624,135
2015-08-08 12:30:00,83624,123
2015-08-08 12:45:00,83624,160
2015-08-08 13:00:00,83624,160
2015-08-08 13:15:00,83624,174
2015-08-08 13:30:00,83624,155
2015-08-08 13:45:00,83624,171
2015-08-08 14:00:00,83624,155
2015-08-08 14:15:00,83624,170
2015-08-08 14:30:00,83624,175
2015-08-08 14:45:00,83624,166
2015-08-08 15:00:00,83624,170
2015-08-08 15:15:00,83624,163
2015-08-08 15:30:00,83624,164
2015-08-08 15:45:00,83624,178
2015-08-08 16:00:00,83624,178
2015-08-08 16:15:00,83624,166
2015-08-08 16:30:00,83624,186
2015-08-08 16:45:00,83624,185
2015-08-08 17:00:00,83624,187
2015-08-08 17:15:00,83624,166
2015-08-08 17:30:00,83624,171
2015-08-08 17:45:00,83624,159
2015-08-08 18:00:00,83624,192
2015-08-08 18:15:00,83624,191
2015-08-08 18:30:00,83624,143
2015-08-08 18:45:00,83624,187
2015-08-08 19:00:00,83624,180
2015-08-08 19:15:00,83624,163
2015-08-08 19:30:00,83624,144
2015-08-08 19:45:00,83624,140
2015-08-08 20:00:00,83624,158
2015-08-08 20:15:00,83624,154
2015-08-08 20:30:00,83624,167
2015-08-08 20:45:00,83624,170
2015-08-08 21:00:00,83624,157
2015-08-08 21:15:00,83624,159
2015-08-08 21:30:00,83624,173
2015-08-08 21:45:00,83624,166
2015-08-08 22:00:00,83624,141
2015-08-08 22:15:00,83624,158
2015-08-08 22:30:00,83624,141
2015-08-08 22:45:00,83624,124
2015-08-08 23:00:00,83624,131
2015-08-08 23:15:00,83624,124
2015-08-08 23:30:00,83624,90
2015-08-08 23:45:00,83624,107
2015-08-09 00:00:00,83624,62
2015-08-09 00:15:00,83624,49
2015-08-09 00:30:00,83624,58
2015-08-09 00:45:00,83624,45
2015-08-09 01:00:00,83624,31
2015-08-09 01:15:00,83624,37
2015-08-09 01:30:00,83624,31
2015-08-09 01:45:00,83624,45
2015-08-09 02:00:00,83624,41
2015-08-09 02:15:00,83624,40
2015-08-09 02:30:00,83624,26
2015-08-09 02:45:00,83624,20
2015-08-09 03:00:00,83624,16
2015-08-09 03:15:00,83624,19
2015-08-09 03:30:00,83624,16
2015-08-09 03:45:00,83624,37
2015-08-09 04:00:00,83624,31
2015-08-09 04:15:00,83624,25
2015-08-09 04:30:00,83624,35
2015-08-09 04:45:00,83624,30
2015-08-09 05:00:00,83624,33
2015-08-09 05:15:00,83624,36
2015-08-09 05:30:00,83624,37
2015-08-09 05:45:00,83624,28
2015-08-09 06:00:00,83624,37
2015-08-09 06:15:00,83624,29
2015-08-09 06:30:00,83624,36
2015-08-09 06:45:00,83624,40
2015-08-09 07:00:00,83624,47
2015-08-09 07:15:00,83624,41
2015-08-09 07:30:00,83624,55
2015-08-09 07:45:00,83624,57
2015-08-09 08:00:00,83624,58
2015-08-09 08:15:00,83624,55
2015-08-09 08:30:00,83624,55
2015-08-09 08:45:00,83624,97
2015-08-09 09:00:00,83624,82
2015-08-09 09:15:00,83624,99
2015-08-09 09:30:00,83624,111
2015-08-09 09:45:00,83624,90
2015-08-09 10:00:00,83624,108
2015-08-09 10:15:00,83624,141
2015-08-09 10:30:00,83624,151
2015-08-09 10:45:00,83624,152
2015-08-09 11:00:00,83624,149
2015-08-09 11:15:00,83624,131
2015-08-09 11:30:00,83624,151
2015-08-09 11:45:00,83624,170
2015-08-09 12:00:00,83624,162
2015-08-09 12:15:00,83624,156
2015-08-09 12:30:00,83624,171
2015-08-09 12:45:00,83624,148
2015-08-09 13:00:00,83624,169
2015-08-09 13:15:00,83624,167
2015-08-09 13:30:00,83624,152
2015-08-09 13:45:00,83624,151
2015-08-09 14:00:00,83624,158
2015-08-09 14:15:00,83624,171
2015-08-09 14:30:00,83624,179
2015-08-09 14:45:00,83624,169
2015-08-09 15:00:00,83624,198
2015-08-09 15:15:00,83624,180
2015-08-09 15:30:00,83624,166
2015-08-09 15:45:00,83624,169
2015-08-09 16:00:00,83624,209
2015-08-09 16:15:00,83624,191
2015-08-09 16:30:00,83624,191
2015-08-09 16:45:00,83624,178
2015-08-09 17:00:00,83624,172
2015-08-09 17:15:00,83624,165
2015-08-09 17:30:00,83624,162
2015-08-09 17:45:00,83624,156
2015-08-09 18:00:00,83624,136
2015-08-09 18:15:00,83624,165
2015-08-09 18:30:00,83624,175
2015-08-09 18:45:00,83624,124
2015-08-09 19:00:00,83624,183
2015-08-09 19:15:00,83624,111
2015-08-09 19:30:00,83624,152
2015-08-09 19:45:00,83624,170
2015-08-09 20:00:00,83624,108
2015-08-09 20:15:00,83624,150
2015-08-09 20:30:00,83624,137
2015-08-09 20:45:00,83624,143
2015-08-09 21:00:00,83624,103
2015-08-09 21:15:00,83624,142
2015-08-09 21:30:00,83624,97
2015-08-09 21:45:00,83624,129
2015-08-09 22:00:00,83624,121
2015-08-09 22:15:00,83624,109
2015-08-09 22:30:00,83624,126
2015-08-09 22:45:00,83624,111
2015-08-09 23:00:00,83624,61
2015-08-09 23:15:00,83624,69
2015-08-09 23:30:00,83624,62
2015-08-09 23:45:00,83624,52
2015-08-10 00:00:00,83624,53
2015-08-10 00:15:00,83624,61
2015-08-10 00:30:00,83624,42
2015-08-10 00:45:00,83624,37
2015-08-10 01:00:00,83624,32
2015-08-10 01:15:00,83624,27
2015-08-10 01:30:00,83624,26
2015-08-10 01:45:00,83624,25
2015-08-10 02:00:00,83624,17
2015-08-10 02:15:00,83624,18
2015-08-10 02:30:00,83624,14
2015-08-10 02:45:00,83624,17
2015-08-10 03:00:00,83624,14
2015-08-10 03:15:00,83624,18
2015-08-10 03:30:00,83624,24
2015-08-10 03:45:00,83624,16
2015-08-10 04:00:00,83624,16
2015-08-10 04:15:00,83624,30
2015-08-10 04:30:00,83624,30
2015-08-10 04:45:00,83624,22
2015-08-10 05:00:00,83624,40
2015-08-10 05:15:00,83624,29
2015-08-10 05:30:00,83624,41
2015-08-10 05:45:00,83624,31
2015-08-10 06:00:00,83624,42
2015-08-10 06:15:00,83624,55
2015-08-10 06:30:00,83624,68
2015-08-10 06:45:00,83624,85
2015-08-10 07:00:00,83624,80
2015-08-10 07:15:00,83624,79
2015-08-10 07:30:00,83624,97
2015-08-10 07:45:00,83624,109
2015-08-10 08:00:00,83624,118
2015-08-10 08:15:00,83624,98
2015-08-10 08:30:00,83624,121
2015-08-10 08:45:00,83624,112
2015-08-10 09:00:00,83624,123
2015-08-10 09:15:00,83624,117
2015-08-10 09:30:00,83624,98
2015-08-10 09:45:00,83624,109
2015-08-10 10:00:00,83624,92
2015-08-10 10:15:00,83624,119
2015-08-10 10:30:00,83624,90
2015-08-10 10:45:00,83624,96
2015-08-10 11:00:00,83624,79
2015-08-10 11:15:00,83624,94
2015-08-10 11:30:00,83624,109
2015-08-10 11:45:00,83624,94
2015-08-10 12:00:00,83624,103
2015-08-10 12:15:00,83624,107
2015-08-10 12:30:00,83624,81
2015-08-10 12:45:00,83624,113
2015-08-10 13:00:00,83624,108
2015-08-10 13:15:00,83624,112
2015-08-10 13:30:00,83624,107
2015-08-10 13:45:00,83624,106
2015-08-10 14:00:00,83624,123
2015-08-10 14:15:00,83624,109
2015-08-10 14:30:00,83624,113
2015-08-10 14:45:00,83624,134
2015-08-10 15:00:00,83624,147
2015-08-10 15:15:00,83624,125
2015-08-10 15:30:00,83624,139
2015-08-10 15:45:00,83624,110
2015-08-10 16:00:00,83624,163
2015-08-10 16:15:00,83624,147
2015-08-10 16:30:00,83624,168
2015-08-10 16:45:00,83624,165
2015-08-10 17:00:00,83624,177
2015-08-10 17:15:00,83624,177
2015-08-10 17:30:00,83624,221
2015-08-10 17:45:00,83624,221
2015-08-10 18:00:00,83624,199
2015-08-10 18:15:00,83624,186
2015-08-10 18:30:00,83624,175
2015-08-10 18:45:00,83624,175
2015-08-10 19:00:00,83624,189
2015-08-10 19:15:00,83624,170
2015-08-10 19:30:00,83624,173
2015-08-10 19:45:00,83624,132
2015-08-10 20:00:00,83624,123
2015-08-10 20:15:00,83624,139
2015-08-10 20:30:00,83624,181
2015-08-10 20:45:00,83624,151
2015-08-10 21:00:00,83624,115
2015-08-10 21:15:00,83624,106
2015-08-10 21:30:00,83624,110
2015-08-10 21:45:00,83624,109
2015-08-10 22:00:00,83624,122
2015-08-10 22:15:00,83624,111
2015-08-10 22:30:00,83624,97
2015-08-10 22:45:00,83624,63
2015-08-10 23:00:00,83624,64
2015-08-10 23:15:00,83624,60
2015-08-10 23:30:00,83624,46
2015-08-10 23:45:00,83624,37
2015-08-11 00:00:00,83624,36
2015-08-11 00:15:00,83624,35
2015-08-11 00:30:00,83624,38
2015-08-11 00:45:00,83624,38
2015-08-11 01:00:00,83624,27
2015-08-11 01:15:00,83624,28
2015-08-11 01:30:00,83624,20
2015-08-11 01:45:00,83624,30
2015-08-11 02:00:00,83624,16
2015-08-11 02:15:00,83624,19
2015-08-11 02:30:00,83624,10
2015-08-11 02:45:00,83624,14
2015-08-11 03:00:00,83624,8
2015-08-11 03:15:00,83624,14
2015-08-11 03:30:00,83624,11
2015-08-11 03:45:00,83624,11
2015-08-11 04:00:00,83624,12
2015-08-11 04:15:00,83624,22
2015-08-11 04:30:00,83624,21
2015-08-11 04:45:00,83624,26
2015-08-11 05:00:00,83624,25
2015-08-11 05:15:00,83624,38
2015-08-11 05:30:00,83624,36
2015-08-11 05:45:00,83624,25
2015-08-11 06:00:00,83624,39
2015-08-11 06:15:00,83624,45
2015-08-11 06:30:00,83624,63
2015-08-11 06:45:00,83624,77
2015-08-11 07:00:00,83624,75
2015-08-11 07:15:00,83624,92
2015-08-11 07:30:00,83624,107
2015-08-11 07:45:00,83624,103
2015-08-11 08:00:00,83624,121
2015-08-11 08:15:00,83624,126
2015-08-11 08:30:00,83624,128
2015-08-11 08:45:00,83624,117
2015-08-11 09:00:00,83624,114
2015-08-11 09:15:00,83624,101
2015-08-11 09:30:00,83624,128
2015-08-11 09:45:00,83624,101
2015-08-11 10:00:00,83624,102
2015-08-11 10:15:00,83624,119
2015-08-11 10:30:00,83624,91
2015-08-11 10:45:00,83624,100
2015-08-11 11:00:00,83624,83
2015-08-11 11:15:00,83624,94
2015-08-11 11:30:00,83624,98
2015-08-11 11:45:00,83624,87
2015-08-11 12:00:00,83624,85
2015-08-11 12:15:00,83624,103
2015-08-11 12:30:00,83624,109
2015-08-11 12:45:00,83624,108
2015-08-11 13:00:00,83624,111
2015-08-11 13:15:00,83624,110
2015-08-11 13:30:00,83624,104
2015-08-11 13:45:00,83624,94
2015-08-11 14:00:00,83624,83
2015-08-11 14:15:00,83624,121
2015-08-11 14:30:00,83624,131
2015-08-11 14:45:00,83624,157
2015-08-11 15:00:00,83624,130
2015-08-11 15:15:00,83624,116
2015-08-11 15:30:00,83624,146
2015-08-11 15:45:00,83624,122
2015-08-11 16:00:00,83624,151
2015-08-11 16:15:00,83624,124
2015-08-11 16:30:00,83624,138
2015-08-11 16:45:00,83624,167
2015-08-11 17:00:00,83624,147
2015-08-11 17:15:00,83624,161
2015-08-11 17:30:00,83624,168
2015-08-11 17:45:00,83624,159
2015-08-11 18:00:00,83624,190
2015-08-11 18:15:00,83624,168
2015-08-11 18:30:00,83624,179
2015-08-11 18:45:00,83624,165
2015-08-11 19:00:00,83624,176
2015-08-11 19:15:00,83624,173
2015-08-11 19:30:00,83624,148
2015-08-11 19:45:00,83624,137
2015-08-11 20:00:00,83624,118
2015-08-11 20:15:00,83624,122
2015-08-11 20:30:00,83624,109
2015-08-11 20:45:00,83624,129
2015-08-11 21:00:00,83624,106
2015-08-11 21:15:00,83624,99
2015-08-11 21:30:00,83624,86
2015-08-11 21:45:00,83624,100
2015-08-11 22:00:00,83624,85
2015-08-11 22:15:00,83624,112
2015-08-11 22:30:00,83624,127
2015-08-11 22:45:00,83624,87
2015-08-11 23:00:00,83624,66
2015-08-11 23:15:00,83624,53
2015-08-11 23:30:00,83624,44
2015-08-11 23:45:00,83624,31
2015-08-12 00:00:00,83624,43
2015-08-12 00:15:00,83624,44
2015-08-12 00:30:00,83624,37
2015-08-12 00:45:00,83624,31
2015-08-12 01:00:00,83624,24
2015-08-12 01:15:00,83624,27
2015-08-12 01:30:00,83624,20
2015-08-12 01:45:00,83624,21
2015-08-12 02:00:00,83624,16
2015-08-12 02:15:00,83624,23
2015-08-12 02:30:00,83624,17
2015-08-12 02:45:00,83624,12
2015-08-12 03:00:00,83624,15
2015-08-12 03:15:00,83624,8
2015-08-12 03:30:00,83624,15
2015-08-12 03:45:00,83624,10
2015-08-12 04:00:00,83624,25
2015-08-12 04:15:00,83624,12
2015-08-12 04:30:00,83624,19
2015-08-12 04:45:00,83624,23
2015-08-12 05:00:00,83624,20
2015-08-12 05:15:00,83624,32
2015-08-12 05:30:00,83624,31
2015-08-12 05:45:00,83624,37
2015-08-12 06:00:00,83624,48
2015-08-12 06:15:00,83624,45
2015-08-12 06:30:00,83624,77
2015-08-12 06:45:00,83624,71
2015-08-12 07:00:00,83624,79
2015-08-12 07:15:00,83624,99
2015-08-12 07:30:00,83624,88
2015-08-12 07:45:00,83624,118
2015-08-12 08:00:00,83624,127
2015-08-12 08:15:00,83624,117
2015-08-12 08:30:00,83624,105
2015-08-12 08:45:00,83624,115
2015-08-12 09:00:00,83624,148
2015-08-12 09:15:00,83624,109
2015-08-12 09:30:00,83624,100
2015-08-12 09:45:00,83624,128
2015-08-12 10:00:00,83624,127
2015-08-12 10:15:00,83624,79
2015-08-12 10:30:00,83624,114
2015-08-12 10:45:00,83624,87
2015-08-12 11:00:00,83624,112
2015-08-12 11:15:00,83624,95
2015-08-12 11:30:00,83624,99
2015-08-12 11:45:00,83624,95
2015-08-12 12:00:00,83624,102
2015-08-12 12:15:00,83624,116
2015-08-12 12:30:00,83624,116
2015-08-12 12:45:00,83624,110
2015-08-12 13:00:00,83624,106
2015-08-12 13:15:00,83624,103
2015-08-12 13:30:00,83624,131
2015-08-12 13:45:00,83624,103
2015-08-12 14:00:00,83624,122
2015-08-12 14:15:00,83624,107
2015-08-12 14:30:00,83624,120
2015-08-12 14:45:00,83624,141
2015-08-12 15:00:00,83624,141
2015-08-12 15:15:00,83624,126
2015-08-12 15:30:00,83624,136
2015-08-12 15:45:00,83624,124
2015-08-12 16:00:00,83624,144
2015-08-12 16:15:00,83624,139
2015-08-12 16:30:00,83624,160
2015-08-12 16:45:00,83624,166
2015-08-12 17:00:00,83624,157
2015-08-12 17:15:00,83624,187
2015-08-12 17:30:00,83624,179
2015-08-12 17:45:00,83624,199
2015-08-12 18:00:00,83624,168
2015-08-12 18:15:00,83624,186
2015-08-12 18:30:00,83624,190
2015-08-12 18:45:00,83624,189
2015-08-12 19:00:00,83624,151
2015-08-12 19:15:00,83624,181
2015-08-12 19:30:00,83624,150
2015-08-12 19:45:00,83624,136
2015-08-12 20:00:00,83624,133
2015-08-12 20:15:00,83624,122
2015-08-12 20:30:00,83624,127
2015-08-12 20:45:00,83624,132
2015-08-12 21:00:00,83624,118
2015-08-12 21:15:00,83624,118
2015-08-12 21:30:00,83624,92
2015-08-12 21:45:00,83624,91
2015-08-12 22:00:00,83624,125
2015-08-12 22:15:00,83624,124
2015-08-12 22:30:00,83624,113
2015-08-12 22:45:00,83624,117
2015-08-12 23:00:00,83624,60
2015-08-12 23:15:00,83624,90
2015-08-12 23:30:00,83624,50
2015-08-12 23:45:00,83624,48
2015-08-13 00:00:00,83624,38
2015-08-13 00:15:00,83624,49
2015-08-13 00:30:00,83624,25
2015-08-13 00:45:00,83624,33
2015-08-13 01:00:00,83624,30
2015-08-13 01:15:00,83624,31
2015-08-13 01:30:00,83624,27
2015-08-13 01:45:00,83624,20
2015-08-13 02:00:00,83624,21
2015-08-13 02:15:00,83624,17
2015-08-13 02:30:00,83624,15
2015-08-13 02:45:00,83624,14
2015-08-13 03:00:00,83624,15
2015-08-13 03:15:00,83624,21
2015-08-13 03:30:00,83624,12
2015-08-13 03:45:00,83624,20
2015-08-13 04:00:00,83624,20
2015-08-13 04:15:00,83624,9
2015-08-13 04:30:00,83624,18
2015-08-13 04:45:00,83624,16
2015-08-13 05:00:00,83624,23
2015-08-13 05:15:00,83624,27
2015-08-13 05:30:00,83624,28
2015-08-13 05:45:00,83624,29
2015-08-13 06:00:00,83624,52
2015-08-13 06:15:00,83624,69
2015-08-13 06:30:00,83624,80
2015-08-13 06:45:00,83624,85
2015-08-13 07:00:00,83624,75
2015-08-13 07:15:00,83624,85
2015-08-13 07:30:00,83624,120
2015-08-13 07:45:00,83624,128
2015-08-13 08:00:00,83624,129
2015-08-13 08:15:00,83624,128
2015-08-13 08:30:00,83624,122
2015-08-13 08:45:00,83624,116
2015-08-13 09:00:00,83624,112
2015-08-13 09:15:00,83624,102
2015-08-13 09:30:00,83624,113
2015-08-13 09:45:00,83624,96
2015-08-13 10:00:00,83624,122
2015-08-13 10:15:00,83624,115
2015-08-13 10:30:00,83624,121
2015-08-13 10:45:00,83624,114
2015-08-13 11:00:00,83624,109
2015-08-13 11:15:00,83624,142
2015-08-13 11:30:00,83624,146
2015-08-13 11:45:00,83624,133
2015-08-13 12:00:00,83624,140
2015-08-13 12:15:00,83624,120
2015-08-13 12:30:00,83624,108
2015-08-13 12:45:00,83624,123
2015-08-13 13:00:00,83624,128
2015-08-13 13:15:00,83624,125
2015-08-13 13:30:00,83624,109
2015-08-13 13:45:00,83624,121
2015-08-13 14:00:00,83624,103
2015-08-13 14:15:00,83624,114
2015-08-13 14:30:00,83624,126
2015-08-13 14:45:00,83624,120
2015-08-13 15:00:00,83624,138
2015-08-13 15:15:00,83624,155
2015-08-13 15:30:00,83624,151
2015-08-13 15:45:00,83624,165
2015-08-13 16:00:00,83624,165
2015-08-13 16:15:00,83624,162
2015-08-13 16:30:00,83624,178
2015-08-13 16:45:00,83624,147
2015-08-13 17:00:00,83624,141
2015-08-13 17:15:00,83624,170
2015-08-13 17:30:00,83624,152
2015-08-13 17:45:00,83624,152
2015-08-13 18:00:00,83624,147
2015-08-13 18:15:00,83624,145
2015-08-13 18:30:00,83624,158
2015-08-13 18:45:00,83624,154
2015-08-13 19:00:00,83624,164
2015-08-13 19:15:00,83624,167
2015-08-13 19:30:00,83624,155
2015-08-13 19:45:00,83624,145
2015-08-13 20:00:00,83624,114
2015-08-13 20:15:00,83624,130
2015-08-13 20:30:00,83624,133
2015-08-13 20:45:00,83624,144
2015-08-13 21:00:00,83624,119
2015-08-13 21:15:00,83624,111
2015-08-13 21:30:00,83624,96
2015-08-13 21:45:00,83624,67
2015-08-13 22:00:00,83624,79
2015-08-13 22:15:00,83624,95
2015-08-13 22:30:00,83624,62
2015-08-13 22:45:00,83624,85
2015-08-13 23:00:00,83624,63
2015-08-13 23:15:00,83624,66
2015-08-13 23:30:00,83624,61
2015-08-13 23:45:00,83624,54
2015-08-14 00:00:00,83624,43
2015-08-14 00:15:00,83624,61
2015-08-14 00:30:00,83624,26
2015-08-14 00:45:00,83624,35
2015-08-14 01:00:00,83624,35
2015-08-14 01:15:00,83624,23
2015-08-14 01:30:00,83624,32
2015-08-14 01:45:00,83624,22
2015-08-14 02:00:00,83624,18
2015-08-14 02:15:00,83624,16
2015-08-14 02:30:00,83624,20
2015-08-14 02:45:00,83624,11
2015-08-14 03:00:00,83624,13
2015-08-14 03:15:00,83624,7
2015-08-14 03:30:00,83624,11
2015-08-14 03:45:00,83624,12
2015-08-14 04:00:00,83624,20
2015-08-14 04:15:00,83624,14
2015-08-14 04:30:00,83624,12
2015-08-14 04:45:00,83624,17
2015-08-14 05:00:00,83624,32
2015-08-14 05:15:00,83624,28
2015-08-14 05:30:00,83624,37
2015-08-14 05:45:00,83624,29
2015-08-14 06:00:00,83624,42
2015-08-14 06:15:00,83624,61
2015-08-14 06:30:00,83624,75
2015-08-14 06:45:00,83624,84
2015-08-14 07:00:00,83624,80
2015-08-14 07:15:00,83624,82
2015-08-14 07:30:00,83624,98
2015-08-14 07:45:00,83624,100
2015-08-14 08:00:00,83624,118
2015-08-14 08:15:00,83624,109
2015-08-14 08:30:00,83624,116
2015-08-14 08:45:00,83624,109
2015-08-14 09:00:00,83624,152
2015-08-14 09:15:00,83624,104
2015-08-14 09:30:00,83624,92
2015-08-14 09:45:00,83624,95
2015-08-14 10:00:00,83624,106
2015-08-14 10:15:00,83624,110
2015-08-14 10:30:00,83624,99
2015-08-14 10:45:00,83624,84
2015-08-14 11:00:00,83624,102
2015-08-14 11:15:00,83624,115
2015-08-14 11:30:00,83624,126
2015-08-14 11:45:00,83624,111
2015-08-14 12:00:00,83624,105
2015-08-14 12:15:00,83624,105
2015-08-14 12:30:00,83624,124
2015-08-14 12:45:00,83624,113
2015-08-14 13:00:00,83624,114
2015-08-14 13:15:00,83624,104
2015-08-14 13:30:00,83624,104
2015-08-14 13:45:00,83624,108
2015-08-14 14:00:00,83624,125
2015-08-14 14:15:00,83624,126
2015-08-14 14:30:00,83624,135
2015-08-14 14:45:00,83624,124
2015-08-14 15:00:00,83624,129
2015-08-14 15:15:00,83624,137
2015-08-14 15:30:00,83624,135
2015-08-14 15:45:00,83624,137
2015-08-14 16:00:00,83624,134
2015-08-14 16:15:00,83624,162
2015-08-14 16:30:00,83624,151
2015-08-14 16:45:00,83624,137
2015-08-14 17:00:00,83624,147
2015-08-14 17:15:00,83624,175
2015-08-14 17:30:00,83624,161
2015-08-14 17:45:00,83624,167
2015-08-14 18:00:00,83624,139
2015-08-14 18:15:00,83624,171
2015-08-14 18:30:00,83624,204
2015-08-14 18:45:00,83624,173
2015-08-14 19:00:00,83624,201
2015-08-14 19:15:00,83624,182
2015-08-14 19:30:00,83624,182
2015-08-14 19:45:00,83624,163
2015-08-14 20:00:00,83624,152
2015-08-14 20:15:00,83624,156
2015-08-14 20:30:00,83624,176
2015-08-14 20:45:00,83624,153
2015-08-14 21:00:00,83624,158
2015-08-14 21:15:00,83624,135
2015-08-14 21:30:00,83624,153
2015-08-14 21:45:00,83624,123
2015-08-14 22:00:00,83624,122
2015-08-14 22:15:00,83624,94
2015-08-14 22:30:00,83624,132
2015-08-14 22:45:00,83624,117
2015-08-14 23:00:00,83624,100
2015-08-14 23:15:00,83624,105
2015-08-14 23:30:00,83624,97
2015-08-14 23:45:00,83624,63
2015-08-15 00:00:00,83624,36
2015-08-15 00:15:00,83624,30
2015-08-15 00:30:00,83624,29
2015-08-15 00:45:00,83624,30
2015-08-15 01:00:00,83624,24
2015-08-15 01:15:00,83624,29
2015-08-15 01:30:00,83624,23
2015-08-15 01:45:00,83624,25
2015-08-15 02:00:00,83624,23
2015-08-15 02:15:00,83624,17
2015-08-15 02:30:00,83624,20
2015-08-15 02:45:00,83624,28
2015-08-15 03:00:00,83624,23
2015-08-15 03:15:00,83624,23
2015-08-15 03:30:00,83624,25
2015-08-15 03:45:00,83624,26
2015-08-15 04:00:00,83624,16
2015-08-15 04:15:00,83624,14
2015-08-15 04:30:00,83624,26
2015-08-15 04:45:00,83624,20
2015-08-15 05:00:00,83624,28
2015-08-15 05:15:00,83624,32
2015-08-15 05:30:00,83624,31
2015-08-15 05:45:00,83624,23
2015-08-15 06:00:00,83624,29
2015-08-15 06:15:00,83624,43
2015-08-15 06:30:00,83624,47
2015-08-15 06:45:00,83624,48
2015-08-15 07:00:00,83624,58
2015-08-15 07:15:00,83624,72
2015-08-15 07:30:00,83624,54
2015-08-15 07:45:00,83624,74
2015-08-15 08:00:00,83624,81
2015-08-15 08:15:00,83624,95
2015-08-15 08:30:00,83624,89
2015-08-15 08:45:00,83624,97
2015-08-15 09:00:00,83624,99
2015-08-15 09:15:00,83624,95
2015-08-15 09:30:00,83624,87
2015-08-15 09:45:00,83624,80
2015-08-15 10:00:00,83624,100
2015-08-15 10:15:00,83624,90
2015-08-15 10:30:00,83624,118
2015-08-15 10:45:00,83624,134
2015-08-15 11:00:00,83624,116
2015-08-15 11:15:00,83624,119
2015-08-15 11:30:00,83624,134
2015-08-15 11:45:00,83624,147
2015-08-15 12:00:00,83624,126
2015-08-15 12:15:00,83624,133
2015-08-15 12:30:00,83624,146
2015-08-15 12:45:00,83624,140
2015-08-15 13:00:00,83624,142
2015-08-15 13:15:00,83624,142
2015-08-15 13:30:00,83624,143
2015-08-15 13:45:00,83624,161
2015-08-15 14:00:00,83624,165
2015-08-15 14:15:00,83624,152
2015-08-15 14:30:00,83624,165
2015-08-15 14:45:00,83624,162
2015-08-15 15:00:00,83624,169
2015-08-15 15:15:00,83624,182
2015-08-15 15:30:00,83624,152
2015-08-15 15:45:00,83624,162
2015-08-15 16:00:00,83624,161
2015-08-15 16:15:00,83624,169
2015-08-15 16:30:00,83624,178
2015-08-15 16:45:00,83624,181
2015-08-15 17:00:00,83624,169
2015-08-15 17:15:00,83624,184
2015-08-15 17:30:00,83624,182
2015-08-15 17:45:00,83624,180
2015-08-15 18:00:00,83624,166
2015-08-15 18:15:00,83624,164
2015-08-15 18:30:00,83624,158
2015-08-15 18:45:00,83624,147
2015-08-15 19:00:00,83624,166
2015-08-15 19:15:00,83624,143
2015-08-15 19:30:00,83624,171
2015-08-15 19:45:00,83624,160
2015-08-15 20:00:00,83624,177
2015-08-15 20:15:00,83624,141
2015-08-15 20:30:00,83624,150
2015-08-15 20:45:00,83624,151
2015-08-15 21:00:00,83624,154
2015-08-15 21:15:00,83624,165
2015-08-15 21:30:00,83624,175
2015-08-15 21:45:00,83624,170
2015-08-15 22:00:00,83624,172
2015-08-15 22:15:00,83624,185
2015-08-15 22:30:00,83624,142
2015-08-15 22:45:00,83624,152
2015-08-15 23:00:00,83624,165
2015-08-15 23:15:00,83624,131
2015-08-15 23:30:00,83624,126
2015-08-15 23:45:00,83624,119
2015-08-16 00:00:00,83624,96
2015-08-16 00:15:00,83624,57
2015-08-16 00:30:00,83624,71
2015-08-16 00:45:00,83624,47
2015-08-16 01:00:00,83624,41
2015-08-16 01:15:00,83624,46
2015-08-16 01:30:00,83624,38
2015-08-16 01:45:00,83624,26
2015-08-16 02:00:00,83624,34
2015-08-16 02:15:00,83624,30
2015-08-16 02:30:00,83624,46
2015-08-16 02:45:00,83624,38
2015-08-16 03:00:00,83624,34
2015-08-16 03:15:00,83624,21
2015-08-16 03:30:00,83624,17
2015-08-16 03:45:00,83624,9
2015-08-16 04:00:00,83624,17
2015-08-16 04:15:00,83624,17
2015-08-16 04:30:00,83624,28
2015-08-16 04:45:00,83624,38
2015-08-16 05:00:00,83624,22
2015-08-16 05:15:00,83624,30
2015-08-16 05:30:00,83624,27
2015-08-16 05:45:00,83624,26
2015-08-16 06:00:00,83624,32
2015-08-16 06:15:00,83624,39
2015-08-16 06:30:00,83624,38
2015-08-16 06:45:00,83624,44
2015-08-16 07:00:00,83624,35
2015-08-16 07:15:00,83624,37
2015-08-16 07:30:00,83624,46
2015-08-16 07:45:00,83624,49
2015-08-16 08:00:00,83624,49
2015-08-16 08:15:00,83624,71
2015-08-16 08:30:00,83624,61
2015-08-16 08:45:00,83624,58
2015-08-16 09:00:00,83624,65
2015-08-16 09:15:00,83624,62
2015-08-16 09:30:00,83624,95
2015-08-16 09:45:00,83624,97
2015-08-16 10:00:00,83624,109
2015-08-16 10:15:00,83624,98
2015-08-16 10:30:00,83624,121
2015-08-16 10:45:00,83624,148
2015-08-16 11:00:00,83624,126
2015-08-16 11:15:00,83624,151
2015-08-16 11:30:00,83624,158
2015-08-16 11:45:00,83624,156
2015-08-16 12:00:00,83624,153
2015-08-16 12:15:00,83624,166
2015-08-16 12:30:00,83624,163
2015-08-16 12:45:00,83624,159
2015-08-16 13:00:00,83624,155
2015-08-16 13:15:00,83624,161
2015-08-16 13:30:00,83624,158
2015-08-16 13:45:00,83624,158
2015-08-16 14:00:00,83624,149
2015-08-16 14:15:00,83624,126
2015-08-16 14:30:00,83624,146
2015-08-16 14:45:00,83624,146
2015-08-16 15:00:00,83624,140
2015-08-16 15:15:00,83624,174
2015-08-16 15:30:00,83624,156
2015-08-16 15:45:00,83624,139
2015-08-16 16:00:00,83624,166
2015-08-16 16:15:00,83624,150
2015-08-16 16:30:00,83624,149
2015-08-16 16:45:00,83624,152
2015-08-16 17:00:00,83624,144
2015-08-16 17:15:00,83624,154
2015-08-16 17:30:00,83624,149
2015-08-16 17:45:00,83624,186
2015-08-16 18:00:00,83624,149
2015-08-16 18:15:00,83624,150
2015-08-16 18:30:00,83624,141
2015-08-16 18:45:00,83624,131
2015-08-16 19:00:00,83624,140
2015-08-16 19:15:00,83624,159
2015-08-16 19:30:00,83624,155
2015-08-16 19:45:00,83624,173
2015-08-16 20:00:00,83624,146
2015-08-16 20:15:00,83624,143
2015-08-16 20:30:00,83624,170
2015-08-16 20:45:00,83624,146
2015-08-16 21:00:00,83624,158
2015-08-16 21:15:00,83624,137
2015-08-16 21:30:00,83624,148
2015-08-16 21:45:00,83624,150
2015-08-16 22:00:00,83624,136
2015-08-16 22:15:00,83624,111
2015-08-16 22:30:00,83624,122
2015-08-16 22:45:00,83624,115
2015-08-16 23:00:00,83624,94
2015-08-16 23:15:00,83624,102
2015-08-16 23:30:00,83624,85
2015-08-16 23:45:00,83624,56
2015-08-17 00:00:00,83624,47
2015-08-17 00:15:00,83624,47
2015-08-17 00:30:00,83624,44
2015-08-17 00:45:00,83624,32
2015-08-17 01:00:00,83624,40
2015-08-17 01:15:00,83624,33
2015-08-17 01:30:00,83624,34
2015-08-17 01:45:00,83624,24
2015-08-17 02:00:00,83624,29
2015-08-17 02:15:00,83624,22
2015-08-17 02:30:00,83624,16
2015-08-17 02:45:00,83624,16
2015-08-17 03:00:00,83624,16
2015-08-17 03:15:00,83624,13
2015-08-17 03:30:00,83624,14
2015-08-17 03:45:00,83624,15
2015-08-17 04:00:00,83624,18
2015-08-17 04:15:00,83624,18
2015-08-17 04:30:00,83624,20
2015-08-17 04:45:00,83624,27
2015-08-17 05:00:00,83624,32
2015-08-17 05:15:00,83624,42
2015-08-17 05:30:00,83624,33
2015-08-17 05:45:00,83624,44
2015-08-17 06:00:00,83624,47
2015-08-17 06:15:00,83624,41
2015-08-17 06:30:00,83624,66
2015-08-17 06:45:00,83624,66
2015-08-17 07:00:00,83624,80
2015-08-17 07:15:00,83624,106
2015-08-17 07:30:00,83624,98
2015-08-17 07:45:00,83624,112
2015-08-17 08:00:00,83624,134
2015-08-17 08:15:00,83624,144
2015-08-17 08:30:00,83624,119
2015-08-17 08:45:00,83624,122
2015-08-17 09:00:00,83624,130
2015-08-17 09:15:00,83624,131
2015-08-17 09:30:00,83624,89
2015-08-17 09:45:00,83624,102
2015-08-17 10:00:00,83624,91
2015-08-17 10:15:00,83624,102
2015-08-17 10:30:00,83624,96
2015-08-17 10:45:00,83624,96
2015-08-17 11:00:00,83624,87
2015-08-17 11:15:00,83624,91
2015-08-17 11:30:00,83624,107
2015-08-17 11:45:00,83624,107
2015-08-17 12:00:00,83624,99
2015-08-17 12:15:00,83624,116
2015-08-17 12:30:00,83624,128
2015-08-17 12:45:00,83624,104
2015-08-17 13:00:00,83624,114
2015-08-17 13:15:00,83624,112
2015-08-17 13:30:00,83624,139
2015-08-17 13:45:00,83624,127
2015-08-17 14:00:00,83624,105
2015-08-17 14:15:00,83624,116
2015-08-17 14:30:00,83624,124
2015-08-17 14:45:00,83624,134
2015-08-17 15:00:00,83624,128
2015-08-17 15:15:00,83624,129
2015-08-17 15:30:00,83624,129
2015-08-17 15:45:00,83624,118
2015-08-17 16:00:00,83624,144
2015-08-17 16:15:00,83624,152
2015-08-17 16:30:00,83624,140
2015-08-17 16:45:00,83624,135
2015-08-17 17:00:00,83624,148
2015-08-17 17:15:00,83624,144
2015-08-17 17:30:00,83624,154
2015-08-17 17:45:00,83624,165
2015-08-17 18:00:00,83624,173
2015-08-17 18:15:00,83624,138
2015-08-17 18:30:00,83624,159
2015-08-17 18:45:00,83624,160
2015-08-17 19:00:00,83624,120
2015-08-17 19:15:00,83624,144
2015-08-17 19:30:00,83624,156
2015-08-17 19:45:00,83624,127
2015-08-17 20:00:00,83624,116
2015-08-17 20:15:00,83624,110
2015-08-17 20:30:00,83624,122
2015-08-17 20:45:00,83624,109
2015-08-17 21:00:00,83624,118
2015-08-17 21:15:00,83624,101
2015-08-17 21:30:00,83624,106
2015-08-17 21:45:00,83624,95
2015-08-17 22:00:00,83624,83
2015-08-17 22:15:00,83624,82
2015-08-17 22:30:00,83624,80
2015-08-17 22:45:00,83624,75
2015-08-17 23:00:00,83624,73
2015-08-17 23:15:00,83624,61
2015-08-17 23:30:00,83624,64
2015-08-17 23:45:00,83624,56
2015-08-18 00:00:00,83624,52
2015-08-18 00:15:00,83624,34
2015-08-18 00:30:00,83624,29
2015-08-18 00:45:00,83624,32
2015-08-18 01:00:00,83624,27
2015-08-18 01:15:00,83624,29
2015-08-18 01:30:00,83624,22
2015-08-18 01:45:00,83624,23
2015-08-18 02:00:00,83624,23
2015-08-18 02:15:00,83624,19
2015-08-18 02:30:00,83624,11
2015-08-18 02:45:00,83624,15
2015-08-18 03:00:00,83624,14
2015-08-18 03:15:00,83624,8
2015-08-18 03:30:00,83624,13
2015-08-18 03:45:00,83624,12
2015-08-18 04:00:00,83624,9
2015-08-18 04:15:00,83624,12
2015-08-18 04:30:00,83624,18
2015-08-18 04:45:00,83624,29
2015-08-18 05:00:00,83624,29
2015-08-18 05:15:00,83624,36
2015-08-18 05:30:00,83624,47
2015-08-18 05:45:00,83624,28
2015-08-18 06:00:00,83624,40
2015-08-18 06:15:00,83624,57
2015-08-18 06:30:00,83624,66
2015-08-18 06:45:00,83624,76
2015-08-18 07:00:00,83624,85
2015-08-18 07:15:00,83624,81
2015-08-18 07:30:00,83624,77
2015-08-18 07:45:00,83624,105
2015-08-18 08:00:00,83624,95
2015-08-18 08:15:00,83624,111
2015-08-18 08:30:00,83624,119
2015-08-18 08:45:00,83624,152
2015-08-18 09:00:00,83624,133
2015-08-18 09:15:00,83624,94
2015-08-18 09:30:00,83624,102
2015-08-18 09:45:00,83624,105
2015-08-18 10:00:00,83624,114
2015-08-18 10:15:00,83624,118
2015-08-18 10:30:00,83624,91
2015-08-18 10:45:00,83624,96
2015-08-18 11:00:00,83624,86
2015-08-18 11:15:00,83624,87
2015-08-18 11:30:00,83624,110
2015-08-18 11:45:00,83624,113
2015-08-18 12:00:00,83624,90
2015-08-18 12:15:00,83624,104
2015-08-18 12:30:00,83624,105
2015-08-18 12:45:00,83624,110
2015-08-18 13:00:00,83624,108
2015-08-18 13:15:00,83624,115
2015-08-18 13:30:00,83624,95
2015-08-18 13:45:00,83624,111
2015-08-18 14:00:00,83624,92
2015-08-18 14:15:00,83624,117
2015-08-18 14:30:00,83624,114
2015-08-18 14:45:00,83624,113
2015-08-18 15:00:00,83624,124
2015-08-18 15:15:00,83624,141
2015-08-18 15:30:00,83624,111
2015-08-18 15:45:00,83624,135
2015-08-18 16:00:00,83624,139
2015-08-18 16:15:00,83624,136
2015-08-18 16:30:00,83624,135
2015-08-18 16:45:00,83624,127
2015-08-18 17:00:00,83624,162
2015-08-18 17:15:00,83624,182
2015-08-18 17:30:00,83624,162
2015-08-18 17:45:00,83624,161
2015-08-18 18:00:00,83624,168
2015-08-18 18:15:00,83624,180
2015-08-18 18:30:00,83624,182
2015-08-18 18:45:00,83624,166
2015-08-18 19:00:00,83624,193
2015-08-18 19:15:00,83624,182
2015-08-18 19:30:00,83624,163
2015-08-18 19:45:00,83624,166
2015-08-18 20:00:00,83624,145
2015-08-18 20:15:00,83624,127
2015-08-18 20:30:00,83624,107
2015-08-18 20:45:00,83624,124
2015-08-18 21:00:00,83624,109
2015-08-18 21:15:00,83624,89
2015-08-18 21:30:00,83624,109
2015-08-18 21:45:00,83624,91
2015-08-18 22:00:00,83624,85
2015-08-18 22:15:00,83624,88
2015-08-18 22:30:00,83624,73
2015-08-18 22:45:00,83624,74
2015-08-18 23:00:00,83624,86
2015-08-18 23:15:00,83624,79
2015-08-18 23:30:00,83624,59
2015-08-18 23:45:00,83624,50
2015-08-19 00:00:00,83624,36
2015-08-19 00:15:00,83624,30
2015-08-19 00:30:00,83624,26
2015-08-19 00:45:00,83624,31
2015-08-19 01:00:00,83624,26
2015-08-19 01:15:00,83624,29
2015-08-19 01:30:00,83624,25
2015-08-19 01:45:00,83624,21
2015-08-19 02:00:00,83624,9
2015-08-19 02:15:00,83624,12
2015-08-19 02:30:00,83624,16
2015-08-19 02:45:00,83624,14
2015-08-19 03:00:00,83624,21
2015-08-19 03:15:00,83624,10
2015-08-19 03:30:00,83624,14
2015-08-19 03:45:00,83624,12
2015-08-19 04:00:00,83624,15
2015-08-19 04:15:00,83624,14
2015-08-19 04:30:00,83624,14
2015-08-19 04:45:00,83624,20
2015-08-19 05:00:00,83624,28
2015-08-19 05:15:00,83624,29
2015-08-19 05:30:00,83624,52
2015-08-19 05:45:00,83624,36
2015-08-19 06:00:00,83624,67
2015-08-19 06:15:00,83624,78
2015-08-19 06:30:00,83624,67
2015-08-19 06:45:00,83624,87
2015-08-19 07:00:00,83624,80
2015-08-19 07:15:00,83624,108
2015-08-19 07:30:00,83624,108
2015-08-19 07:45:00,83624,109
2015-08-19 08:00:00,83624,108
2015-08-19 08:15:00,83624,109
2015-08-19 08:30:00,83624,105
2015-08-19 08:45:00,83624,108
2015-08-19 09:00:00,83624,85
2015-08-19 09:15:00,83624,68
2015-08-19 09:30:00,83624,93
2015-08-19 09:45:00,83624,77
2015-08-19 10:00:00,83624,99
2015-08-19 10:15:00,83624,88
2015-08-19 10:30:00,83624,95
2015-08-19 10:45:00,83624,102
2015-08-19 11:00:00,83624,94
2015-08-19 11:15:00,83624,109
2015-08-19 11:30:00,83624,106
2015-08-19 11:45:00,83624,98
2015-08-19 12:00:00,83624,103
2015-08-19 12:15:00,83624,99
2015-08-19 12:30:00,83624,76
2015-08-19 12:45:00,83624,99
2015-08-19 13:00:00,83624,113
2015-08-19 13:15:00,83624,96
2015-08-19 13:30:00,83624,90
2015-08-19 13:45:00,83624,78
2015-08-19 14:00:00,83624,90
2015-08-19 14:15:00,83624,85
2015-08-19 14:30:00,83624,98
2015-08-19 14:45:00,83624,96
2015-08-19 15:00:00,83624,103
2015-08-19 15:15:00,83624,103
2015-08-19 15:30:00,83624,119
2015-08-19 15:45:00,83624,105
2015-08-19 16:00:00,83624,123
2015-08-19 16:15:00,83624,136
2015-08-19 16:30:00,83624,121
2015-08-19 16:45:00,83624,137
2015-08-19 17:00:00,83624,130
2015-08-19 17:15:00,83624,141
2015-08-19 17:30:00,83624,137
2015-08-19 17:45:00,83624,150
2015-08-19 18:00:00,83624,133
2015-08-19 18:15:00,83624,150
2015-08-19 18:30:00,83624,161
2015-08-19 18:45:00,83624,144
2015-08-19 19:00:00,83624,126
2015-08-19 19:15:00,83624,144
2015-08-19 19:30:00,83624,144
2015-08-19 19:45:00,83624,157
2015-08-19 20:00:00,83624,132
2015-08-19 20:15:00,83624,120
2015-08-19 20:30:00,83624,142
2015-08-19 20:45:00,83624,131
2015-08-19 21:00:00,83624,124
2015-08-19 21:15:00,83624,107
2015-08-19 21:30:00,83624,108
2015-08-19 21:45:00,83624,101
2015-08-19 22:00:00,83624,123
2015-08-19 22:15:00,83624,113
2015-08-19 22:30:00,83624,120
2015-08-19 22:45:00,83624,98
2015-08-19 23:00:00,83624,96
2015-08-19 23:15:00,83624,72
2015-08-19 23:30:00,83624,58
2015-08-19 23:45:00,83624,60
2015-08-20 00:00:00,83624,51
2015-08-20 00:15:00,83624,37
2015-08-20 00:30:00,83624,25
2015-08-20 00:45:00,83624,25
2015-08-20 01:00:00,83624,20
2015-08-20 01:15:00,83624,19
2015-08-20 01:30:00,83624,28
2015-08-20 01:45:00,83624,25
2015-08-20 02:00:00,83624,23
2015-08-20 02:15:00,83624,18
2015-08-20 02:30:00,83624,19
2015-08-20 02:45:00,83624,20
2015-08-20 03:00:00,83624,21
2015-08-20 03:15:00,83624,14
2015-08-20 03:30:00,83624,10
2015-08-20 03:45:00,83624,12
2015-08-20 04:00:00,83624,11
2015-08-20 04:15:00,83624,13
2015-08-20 04:30:00,83624,15
2015-08-20 04:45:00,83624,25
2015-08-20 05:00:00,83624,33
2015-08-20 05:15:00,83624,38
2015-08-20 05:30:00,83624,39
2015-08-20 05:45:00,83624,51
2015-08-20 06:00:00,138,11
2015-08-20 06:00:00,83624,19
2015-08-20 06:15:00,138,77
2015-08-20 06:15:00,83624,26
2015-08-20 06:30:00,138,107
2015-08-20 06:30:00,83624,39
2015-08-20 06:45:00,138,112
2015-08-20 06:45:00,83624,43
2015-08-20 07:00:00,138,114
2015-08-20 07:00:00,83624,51
2015-08-20 07:15:00,138,112
2015-08-20 07:15:00,83624,49
2015-08-20 07:30:00,138,137
2015-08-20 07:30:00,83624,52
2015-08-20 07:45:00,138,149
2015-08-20 07:45:00,83624,70
2015-08-20 08:00:00,138,136
2015-08-20 08:00:00,83624,66
2015-08-20 08:15:00,138,173
2015-08-20 08:15:00,83624,58
2015-08-20 08:30:00,138,172
2015-08-20 08:30:00,83624,54
2015-08-20 08:45:00,138,204
2015-08-20 08:45:00,83624,78
2015-08-20 09:00:00,138,217
2015-08-20 09:00:00,83624,73
2015-08-20 09:15:00,138,224
2015-08-20 09:15:00,83624,54
2015-08-20 09:30:00,138,214
2015-08-20 09:30:00,83624,83
2015-08-20 09:45:00,138,254
2015-08-20 09:45:00,83624,60
2015-08-20 10:00:00,138,264
2015-08-20 10:00:00,83624,61
2015-08-20 10:15:00,138,245
2015-08-20 10:15:00,83624,35
2015-08-20 10:30:00,138,274
2015-08-20 10:30:00,83624,57
2015-08-20 10:45:00,138,307
2015-08-20 10:45:00,83624,38
2015-08-20 11:00:00,138,291
2015-08-20 11:00:00,83624,48
2015-08-20 11:15:00,138,264
2015-08-20 11:15:00,83624,60
2015-08-20 11:30:00,138,265
2015-08-20 11:30:00,83624,62
2015-08-20 11:45:00,138,296
2015-08-20 11:45:00,83624,61
2015-08-20 12:00:00,138,296
2015-08-20 12:00:00,83624,70
2015-08-20 12:15:00,138,284
2015-08-20 12:15:00,83624,53
2015-08-20 12:30:00,138,273
2015-08-20 12:30:00,83624,44
2015-08-20 12:45:00,138,286
2015-08-20 12:45:00,83624,61
2015-08-20 13:00:00,138,299
2015-08-20 13:00:00,83624,52
2015-08-20 13:15:00,138,299
2015-08-20 13:15:00,83624,49
2015-08-20 13:30:00,138,297
2015-08-20 13:30:00,83624,42
2015-08-20 13:45:00,138,331
2015-08-20 13:45:00,83624,60
2015-08-20 14:00:00,138,348
2015-08-20 14:00:00,83624,51
2015-08-20 14:15:00,138,326
2015-08-20 14:15:00,83624,70
2015-08-20 14:30:00,138,331
2015-08-20 14:30:00,83624,56
2015-08-20 14:45:00,138,323
2015-08-20 14:45:00,83624,56
2015-08-20 15:00:00,138,351
2015-08-20 15:00:00,83624,62
2015-08-20 15:15:00,138,306
2015-08-20 15:15:00,83624,61
2015-08-20 15:30:00,138,317
2015-08-20 15:30:00,83624,58
2015-08-20 15:45:00,138,356
2015-08-20 15:45:00,83624,69
2015-08-20 16:00:00,138,369
2015-08-20 16:00:00,83624,64
2015-08-20 16:15:00,138,350
2015-08-20 16:15:00,83624,64
2015-08-20 16:30:00,138,295
2015-08-20 16:30:00,83624,58
2015-08-20 16:45:00,138,290
2015-08-20 16:45:00,83624,64
2015-08-20 17:00:00,138,323
2015-08-20 17:00:00,83624,78
2015-08-20 17:15:00,138,290
2015-08-20 17:15:00,83624,73
2015-08-20 17:30:00,138,340
2015-08-20 17:30:00,83624,79
2015-08-20 17:45:00,138,346
2015-08-20 17:45:00,83624,89
2015-08-20 18:00:00,138,321
2015-08-20 18:00:00,83624,102
2015-08-20 18:15:00,138,355
2015-08-20 18:15:00,83624,82
2015-08-20 18:30:00,138,320
2015-08-20 18:30:00,83624,94
2015-08-20 18:45:00,138,349
2015-08-20 18:45:00,83624,88
2015-08-20 19:00:00,138,318
2015-08-20 19:00:00,83624,99
2015-08-20 19:15:00,138,277
2015-08-20 19:15:00,83624,55
2015-08-20 19:30:00,138,288
2015-08-20 19:30:00,83624,110
2015-08-20 19:45:00,138,278
2015-08-20 19:45:00,83624,65
2015-08-20 20:00:00,138,301
2015-08-20 20:00:00,83624,69
2015-08-20 20:15:00,138,213
2015-08-20 20:15:00,83624,69
2015-08-20 20:30:00,138,213
2015-08-20 20:30:00,83624,57
2015-08-20 20:45:00,138,199
2015-08-20 20:45:00,83624,51
2015-08-20 21:00:00,138,234
2015-08-20 21:00:00,83624,57
2015-08-20 21:15:00,138,241
2015-08-20 21:15:00,83624,33
2015-08-20 21:30:00,138,243
2015-08-20 21:30:00,83624,38
2015-08-20 21:45:00,138,276
2015-08-20 21:45:00,83624,40
2015-08-20 22:00:00,138,243
2015-08-20 22:00:00,83624,44
2015-08-20 22:15:00,138,235
2015-08-20 22:15:00,83624,47
2015-08-20 22:30:00,138,264
2015-08-20 22:30:00,83624,30
2015-08-20 22:45:00,138,278
2015-08-20 22:45:00,83624,40
2015-08-20 23:00:00,138,301
2015-08-20 23:00:00,83624,28
2015-08-20 23:15:00,138,256
2015-08-20 23:15:00,83624,27
2015-08-20 23:30:00,138,269
2015-08-20 23:30:00,83624,30
2015-08-20 23:45:00,138,250
2015-08-20 23:45:00,83624,16
2015-08-21 00:00:00,138,207
2015-08-21 00:00:00,83624,15
2015-08-21 00:15:00,138,237
2015-08-21 00:15:00,83624,21
2015-08-21 00:30:00,138,223
2015-08-21 00:30:00,83624,49
2015-08-21 00:45:00,138,210
2015-08-21 00:45:00,83624,15
2015-08-21 01:00:00,138,189
2015-08-21 01:00:00,83624,17
2015-08-21 01:15:00,138,176
2015-08-21 01:15:00,83624,19
2015-08-21 01:30:00,138,190
2015-08-21 01:30:00,83624,19
2015-08-21 01:45:00,138,150
2015-08-21 01:45:00,83624,12
2015-08-21 02:00:00,138,170
2015-08-21 02:00:00,83624,7
2015-08-21 02:15:00,138,160
2015-08-21 02:15:00,83624,21
2015-08-21 02:30:00,138,148
2015-08-21 02:30:00,83624,8
2015-08-21 02:45:00,138,124
2015-08-21 02:45:00,83624,13
2015-08-21 03:00:00,138,124
2015-08-21 03:00:00,83624,7
2015-08-21 03:15:00,138,108
2015-08-21 03:15:00,83624,7
2015-08-21 03:30:00,138,108
2015-08-21 03:30:00,83624,5
2015-08-21 03:45:00,138,105
2015-08-21 03:45:00,83624,6
2015-08-21 04:00:00,138,111
2015-08-21 04:00:00,83624,6
2015-08-21 04:15:00,138,84
2015-08-21 04:15:00,83624,8
2015-08-21 04:30:00,138,91
2015-08-21 04:30:00,83624,14
2015-08-21 04:45:00,138,86
2015-08-21 04:45:00,83624,11
2015-08-21 05:00:00,138,83
2015-08-21 05:00:00,83624,10
2015-08-21 05:15:00,138,67
2015-08-21 05:15:00,83624,18
2015-08-21 05:30:00,138,57
2015-08-21 05:30:00,83624,13
2015-08-21 05:45:00,138,63
2015-08-21 05:45:00,83624,18
2015-08-21 06:00:00,138,57
2015-08-21 06:00:00,83624,14
2015-08-21 06:15:00,138,56
2015-08-21 06:15:00,83624,28
2015-08-21 06:30:00,138,57
2015-08-21 06:30:00,83624,31
2015-08-21 06:45:00,138,82
2015-08-21 06:45:00,83624,31
2015-08-21 07:00:00,138,71
2015-08-21 07:00:00,83624,28
2015-08-21 07:15:00,138,83
2015-08-21 07:15:00,83624,35
2015-08-21 07:30:00,138,73
2015-08-21 07:30:00,83624,49
2015-08-21 07:45:00,138,93
2015-08-21 07:45:00,83624,64
2015-08-21 08:00:00,138,103
2015-08-21 08:00:00,83624,55
2015-08-21 08:15:00,138,119
2015-08-21 08:15:00,83624,58
2015-08-21 08:30:00,138,114
2015-08-21 08:30:00,83624,58
2015-08-21 08:45:00,138,143
2015-08-21 08:45:00,83624,60
2015-08-21 09:00:00,138,132
2015-08-21 09:00:00,83624,53
2015-08-21 09:15:00,138,144
2015-08-21 09:15:00,83624,58
2015-08-21 09:30:00,138,186
2015-08-21 09:30:00,83624,54
2015-08-21 09:45:00,138,189
2015-08-21 09:45:00,83624,73
2015-08-21 10:00:00,138,187
2015-08-21 10:00:00,83624,64
2015-08-21 10:15:00,138,224
2015-08-21 10:15:00,83624,51
2015-08-21 10:30:00,138,226
2015-08-21 10:30:00,83624,67
2015-08-21 10:45:00,138,233
2015-08-21 10:45:00,83624,61
2015-08-21 11:00:00,138,250
2015-08-21 11:00:00,83624,47
2015-08-21 11:15:00,138,239
2015-08-21 11:15:00,83624,37
2015-08-21 11:30:00,138,255
2015-08-21 11:30:00,83624,50
2015-08-21 11:45:00,138,246
2015-08-21 11:45:00,83624,70
2015-08-21 12:00:00,138,274
2015-08-21 12:00:00,83624,54
2015-08-21 12:15:00,138,272
2015-08-21 12:15:00,83624,41
2015-08-21 12:30:00,138,276
2015-08-21 12:30:00,83624,51
2015-08-21 12:45:00,138,282
2015-08-21 12:45:00,83624,64
2015-08-21 13:00:00,138,277
2015-08-21 13:00:00,83624,56
2015-08-21 13:15:00,138,285
2015-08-21 13:15:00,83624,45
2015-08-21 13:30:00,138,256
2015-08-21 13:30:00,83624,53
2015-08-21 13:45:00,138,296
2015-08-21 13:45:00,83624,57
2015-08-21 14:00:00,138,284
2015-08-21 14:00:00,83624,49
2015-08-21 14:15:00,138,288
2015-08-21 14:15:00,83624,66
2015-08-21 14:30:00,138,292
2015-08-21 14:30:00,83624,72
2015-08-21 14:45:00,138,315
2015-08-21 14:45:00,83624,78
2015-08-21 15:00:00,138,314
2015-08-21 15:00:00,83624,54
2015-08-21 15:15:00,138,313
2015-08-21 15:15:00,83624,70
2015-08-21 15:30:00,138,321
2015-08-21 15:30:00,83624,75
2015-08-21 15:45:00,138,315
2015-08-21 15:45:00,83624,47
2015-08-21 16:00:00,138,327
2015-08-21 16:00:00,83624,74
2015-08-21 16:15:00,138,330
2015-08-21 16:15:00,83624,87
2015-08-21 16:30:00,138,273
2015-08-21 16:30:00,83624,77
2015-08-21 16:45:00,138,256
2015-08-21 16:45:00,83624,88
2015-08-21 17:00:00,138,234
2015-08-21 17:00:00,83624,82
2015-08-21 17:15:00,138,289
2015-08-21 17:15:00,83624,101
2015-08-21 17:30:00,138,261
2015-08-21 17:30:00,83624,102
2015-08-21 17:45:00,138,266
2015-08-21 17:45:00,83624,93
2015-08-21 18:00:00,138,276
2015-08-21 18:00:00,83624,112
2015-08-21 18:15:00,138,272
2015-08-21 18:15:00,83624,96
2015-08-21 18:30:00,138,262
2015-08-21 18:30:00,83624,100
2015-08-21 18:45:00,138,253
2015-08-21 18:45:00,83624,85
2015-08-21 19:00:00,138,292
2015-08-21 19:00:00,83624,90
2015-08-21 19:15:00,138,284
2015-08-21 19:15:00,83624,119
2015-08-21 19:30:00,138,236
2015-08-21 19:30:00,83624,87
2015-08-21 19:45:00,138,241
2015-08-21 19:45:00,83624,96
2015-08-21 20:00:00,138,216
2015-08-21 20:00:00,83624,84
2015-08-21 20:15:00,138,229
2015-08-21 20:15:00,83624,121
2015-08-21 20:30:00,138,241
2015-08-21 20:30:00,83624,137
2015-08-21 20:45:00,138,199
2015-08-21 20:45:00,83624,115
2015-08-21 21:00:00,138,243
2015-08-21 21:00:00,83624,34
2015-08-21 21:15:00,138,247
2015-08-21 21:30:00,138,251
2015-08-21 21:45:00,138,274
2015-08-21 22:00:00,138,220
2015-08-21 22:15:00,138,228
2015-08-21 22:30:00,138,242
2015-08-21 22:45:00,138,232
2015-08-21 23:00:00,138,197
2015-08-21 23:15:00,138,198
2015-08-21 23:30:00,138,218
2015-08-21 23:45:00,138,160
2015-08-22 00:00:00,138,148
2015-08-22 00:15:00,138,133
2015-08-22 00:30:00,138,123
2015-08-22 00:45:00,138,94
2015-08-22 01:00:00,138,99
2015-08-22 01:15:00,138,97
2015-08-22 01:30:00,138,90
2015-08-22 01:45:00,138,79
2015-08-22 02:00:00,138,53
2015-08-22 02:15:00,138,44
2015-08-22 02:30:00,138,52
2015-08-22 02:45:00,138,34
2015-08-22 03:00:00,138,47
2015-08-22 03:15:00,138,40
2015-08-22 03:30:00,138,35
2015-08-22 03:45:00,138,45
2015-08-22 04:00:00,138,35
2015-08-22 04:15:00,138,47
2015-08-22 04:30:00,138,31
2015-08-22 04:45:00,138,59
2015-08-22 05:00:00,138,46
2015-08-22 05:15:00,138,52
2015-08-22 05:30:00,138,75
2015-08-22 05:45:00,138,107
2015-08-22 06:00:00,138,125
2015-08-22 06:15:00,138,157
2015-08-22 06:30:00,138,214
2015-08-22 06:45:00,138,234
2015-08-22 07:00:00,138,275
2015-08-22 07:15:00,138,271
2015-08-22 07:30:00,138,276
2015-08-22 07:45:00,138,284
2015-08-22 08:00:00,138,287
2015-08-22 08:15:00,138,302
2015-08-22 08:30:00,138,297
2015-08-22 08:45:00,138,278
2015-08-22 09:00:00,138,304
2015-08-22 09:15:00,138,290
2015-08-22 09:30:00,138,309
2015-08-22 09:45:00,138,271
2015-08-22 10:00:00,138,253
2015-08-22 10:15:00,138,246
2015-08-22 10:30:00,138,247
2015-08-22 10:45:00,138,261
2015-08-22 11:00:00,138,261
2015-08-22 11:15:00,138,275
2015-08-22 11:30:00,138,259
2015-08-22 11:45:00,138,268
2015-08-22 12:00:00,138,249
2015-08-22 12:15:00,138,280
2015-08-22 12:30:00,138,269
2015-08-22 12:45:00,138,262
2015-08-22 13:00:00,138,253
2015-08-22 13:15:00,138,261
2015-08-22 13:30:00,138,254
2015-08-22 13:45:00,138,219
2015-08-22 14:00:00,138,220
2015-08-22 14:15:00,138,246
2015-08-22 14:30:00,138,265
2015-08-22 14:45:00,138,304
2015-08-22 15:00:00,138,274
2015-08-22 15:15:00,138,265
2015-08-22 15:30:00,138,277
2015-08-22 15:45:00,138,304
2015-08-22 16:00:00,138,302
2015-08-22 16:15:00,138,297
2015-08-22 16:30:00,138,259
2015-08-22 16:45:00,138,284
2015-08-22 17:00:00,138,280
2015-08-22 17:15:00,138,316
2015-08-22 17:30:00,138,331
2015-08-22 17:45:00,138,304
2015-08-22 18:00:00,138,334
2015-08-22 18:15:00,138,340
2015-08-22 18:30:00,138,357
2015-08-22 18:45:00,138,341
2015-08-22 19:00:00,138,432
2015-08-22 19:15:00,138,399
2015-08-22 19:30:00,138,397
2015-08-22 19:45:00,138,352
2015-08-22 20:00:00,138,406
2015-08-22 20:15:00,138,331
2015-08-22 20:30:00,138,278
2015-08-22 20:45:00,138,298
2015-08-22 21:00:00,138,322
2015-08-22 21:15:00,138,332
2015-08-22 21:30:00,138,342
2015-08-22 21:45:00,138,309
2015-08-22 22:00:00,138,345
2015-08-22 22:15:00,138,310
2015-08-22 22:30:00,138,296
2015-08-22 22:45:00,138,271
2015-08-22 23:00:00,138,279
2015-08-22 23:15:00,138,224
2015-08-22 23:30:00,138,227
2015-08-22 23:45:00,138,212
2015-08-23 00:00:00,138,243
2015-08-23 00:15:00,138,176
2015-08-23 00:30:00,138,151
2015-08-23 00:45:00,138,130
2015-08-23 01:00:00,138,102
2015-08-23 01:15:00,138,107
2015-08-23 01:30:00,138,93
2015-08-23 01:45:00,138,90
2015-08-23 02:00:00,138,71
2015-08-23 02:15:00,138,53
2015-08-23 02:30:00,138,59
2015-08-23 02:45:00,138,52
2015-08-23 03:00:00,138,50
2015-08-23 03:15:00,138,51
2015-08-23 03:30:00,138,50
2015-08-23 03:45:00,138,43
2015-08-23 04:00:00,138,35
2015-08-23 04:15:00,138,50
2015-08-23 04:30:00,138,50
2015-08-23 04:45:00,138,50
2015-08-23 05:00:00,138,58
2015-08-23 05:15:00,138,62
2015-08-23 05:30:00,138,69
2015-08-23 05:45:00,138,114
2015-08-23 06:00:00,138,146
2015-08-23 06:15:00,138,168
2015-08-23 06:30:00,138,221
2015-08-23 06:45:00,138,264
2015-08-23 07:00:00,138,275
2015-08-23 07:15:00,138,303
2015-08-23 07:30:00,138,298
2015-08-23 07:45:00,138,291
2015-08-23 08:00:00,138,271
2015-08-23 08:15:00,138,309
2015-08-23 08:30:00,138,261
2015-08-23 08:45:00,138,282
2015-08-23 09:00:00,138,266
2015-08-23 09:15:00,138,303
2015-08-23 09:30:00,138,282
2015-08-23 09:45:00,138,275
2015-08-23 10:00:00,138,329
2015-08-23 10:15:00,138,323
2015-08-23 10:30:00,138,303
2015-08-23 10:45:00,138,334
2015-08-23 11:00:00,138,273
2015-08-23 11:15:00,138,280
2015-08-23 11:30:00,138,285
2015-08-23 11:45:00,138,265
2015-08-23 12:00:00,138,248
2015-08-23 12:15:00,138,273
2015-08-23 12:30:00,138,279
2015-08-23 12:45:00,138,279
2015-08-23 13:00:00,138,263
2015-08-23 13:15:00,138,262
2015-08-23 13:30:00,138,270
2015-08-23 13:45:00,138,274
2015-08-23 14:00:00,138,283
2015-08-23 14:15:00,138,283
2015-08-23 14:30:00,138,294
2015-08-23 14:45:00,138,301
2015-08-23 15:00:00,138,291
2015-08-23 15:15:00,138,271
2015-08-23 15:30:00,138,274
2015-08-23 15:45:00,138,281
2015-08-23 16:00:00,138,279
2015-08-23 16:15:00,138,301
2015-08-23 16:30:00,138,292
2015-08-23 16:45:00,138,309
2015-08-23 17:00:00,138,281
2015-08-23 17:15:00,138,285
2015-08-23 17:30:00,138,277
2015-08-23 17:45:00,138,294
2015-08-23 18:00:00,138,293
2015-08-23 18:15:00,138,337
2015-08-23 18:30:00,138,322
2015-08-23 18:45:00,138,333
2015-08-23 19:00:00,138,386
2015-08-23 19:15:00,138,366
2015-08-23 19:30:00,138,409
2015-08-23 19:45:00,138,391
2015-08-23 20:00:00,138,363
2015-08-23 20:15:00,138,306
2015-08-23 20:30:00,138,318
2015-08-23 20:45:00,138,301
2015-08-23 21:00:00,138,339
2015-08-23 21:15:00,138,372
2015-08-23 21:30:00,138,346
2015-08-23 21:45:00,138,357
2015-08-23 22:00:00,138,419
2015-08-23 22:15:00,138,426
2015-08-23 22:30:00,138,373
2015-08-23 22:45:00,138,355
2015-08-23 23:00:00,138,330
2015-08-23 23:15:00,138,295
2015-08-23 23:30:00,138,288
2015-08-23 23:45:00,138,250
2015-08-24 00:00:00,138,278
2015-08-24 00:15:00,138,211
2015-08-24 00:30:00,138,211
2015-08-24 00:45:00,138,167
2015-08-24 01:00:00,138,144
2015-08-24 01:15:00,138,152
2015-08-24 01:30:00,138,104
2015-08-24 01:45:00,138,85
2015-08-24 02:00:00,138,92
2015-08-24 02:15:00,138,61
2015-08-24 02:30:00,138,67
2015-08-24 02:45:00,138,62
2015-08-24 03:00:00,138,60
2015-08-24 03:15:00,138,50
2015-08-24 03:30:00,138,53
2015-08-24 03:45:00,138,48
2015-08-24 04:00:00,138,55
2015-08-24 04:15:00,138,56
2015-08-24 04:30:00,138,53
2015-08-24 04:45:00,138,50
2015-08-24 05:00:00,138,77
2015-08-24 05:15:00,138,64
2015-08-24 05:30:00,138,83
2015-08-24 05:45:00,138,102
2015-08-24 06:00:00,138,146
2015-08-24 06:15:00,138,164
2015-08-24 06:30:00,138,201
2015-08-24 06:45:00,138,224
2015-08-24 07:00:00,138,258
2015-08-24 07:15:00,138,272
2015-08-24 07:30:00,138,269
2015-08-24 07:45:00,138,282
2015-08-24 08:00:00,138,306
2015-08-24 08:15:00,138,293
2015-08-24 08:30:00,138,282
2015-08-24 08:45:00,138,300
2015-08-24 09:00:00,138,281
2015-08-24 09:15:00,138,273
2015-08-24 09:30:00,138,276
2015-08-24 09:45:00,138,303
2015-08-24 10:00:00,138,279
2015-08-24 10:15:00,138,183
2015-08-24 10:30:00,138,265
2015-08-24 10:45:00,138,263
2015-08-24 11:00:00,138,277
2015-08-24 11:15:00,138,263
2015-08-24 11:30:00,138,289
2015-08-24 11:45:00,138,274
2015-08-24 12:00:00,138,273
2015-08-24 12:15:00,138,270
2015-08-24 12:30:00,138,236
2015-08-24 12:45:00,138,279
2015-08-24 13:00:00,138,269
2015-08-24 13:15:00,138,260
2015-08-24 13:30:00,138,241
2015-08-24 13:45:00,138,217
2015-08-24 14:00:00,138,281
2015-08-24 14:15:00,138,306
2015-08-24 14:30:00,138,286
2015-08-24 14:45:00,138,247
2015-08-24 15:00:00,138,282
2015-08-24 15:15:00,138,294
2015-08-24 15:30:00,138,267
2015-08-24 15:45:00,138,272
2015-08-24 16:00:00,138,287
2015-08-24 16:15:00,138,262
2015-08-24 16:30:00,138,298
2015-08-24 16:45:00,138,280
2015-08-24 17:00:00,138,265
2015-08-24 17:15:00,138,296
2015-08-24 17:30:00,138,276
2015-08-24 17:45:00,138,271
2015-08-24 18:00:00,138,289
2015-08-24 18:15:00,138,342
2015-08-24 18:30:00,138,310
2015-08-24 18:45:00,138,304
2015-08-24 19:00:00,138,334
2015-08-24 19:15:00,138,335
2015-08-24 19:30:00,138,345
2015-08-24 19:45:00,138,367
2015-08-24 20:00:00,138,372
2015-08-24 20:15:00,138,347
2015-08-24 20:30:00,138,304
2015-08-24 20:45:00,138,288
2015-08-24 21:00:00,138,390
2015-08-24 21:15:00,138,366
2015-08-24 21:30:00,138,335
2015-08-24 21:45:00,138,344
2015-08-24 22:00:00,138,306
2015-08-24 22:15:00,138,296
2015-08-24 22:30:00,138,277
2015-08-24 22:45:00,138,275
2015-08-24 23:00:00,138,357
2015-08-24 23:15:00,138,328
2015-08-24 23:30:00,138,343
2015-08-24 23:45:00,138,284
2015-08-25 00:00:00,138,261
2015-08-25 00:15:00,138,255
2015-08-25 00:30:00,138,224
2015-08-25 00:45:00,138,172
2015-08-25 01:00:00,138,157
2015-08-25 01:15:00,138,141
2015-08-25 01:30:00,138,129
2015-08-25 01:45:00,138,111
2015-08-25 02:00:00,138,110
2015-08-25 02:15:00,138,87
2015-08-25 02:30:00,138,81
2015-08-25 02:45:00,138,55
2015-08-25 03:00:00,138,72
2015-08-25 03:15:00,138,48
2015-08-25 03:30:00,138,41
2015-08-25 03:45:00,138,53
2015-08-25 04:00:00,138,41
2015-08-25 04:15:00,138,58
2015-08-25 04:30:00,138,48
2015-08-25 04:45:00,138,53
2015-08-25 05:00:00,138,59
2015-08-25 05:15:00,138,78
2015-08-25 05:30:00,138,105
2015-08-25 05:45:00,138,120
2015-08-25 06:00:00,138,133
2015-08-25 06:15:00,138,169
2015-08-25 06:30:00,138,207
2015-08-25 06:45:00,138,253
2015-08-25 07:00:00,138,253
2015-08-25 07:15:00,138,266
2015-08-25 07:30:00,138,298
2015-08-25 07:45:00,138,276
2015-08-25 08:00:00,138,268
2015-08-25 08:15:00,138,301
2015-08-25 08:30:00,138,297
2015-08-25 08:45:00,138,262
2015-08-25 09:00:00,138,302
2015-08-25 09:15:00,138,296
2015-08-25 09:30:00,138,274
2015-08-25 09:45:00,138,258
2015-08-25 10:00:00,138,280
2015-08-25 10:15:00,138,270
2015-08-25 10:30:00,138,280
2015-08-25 10:45:00,138,279
2015-08-25 11:00:00,138,286
2015-08-25 11:15:00,138,245
2015-08-25 11:30:00,138,279
2015-08-25 11:45:00,138,261
2015-08-25 12:00:00,138,265
2015-08-25 12:15:00,138,276
2015-08-25 12:30:00,138,243
2015-08-25 12:45:00,138,215
2015-08-25 13:00:00,138,255
2015-08-25 13:15:00,138,274
2015-08-25 13:30:00,138,278
2015-08-25 13:45:00,138,272
2015-08-25 14:00:00,138,296
2015-08-25 14:15:00,138,281
2015-08-25 14:30:00,138,279
2015-08-25 14:45:00,138,248
2015-08-25 15:00:00,138,270
2015-08-25 15:15:00,138,280
2015-08-25 15:30:00,138,288
2015-08-25 15:45:00,138,252
2015-08-25 16:00:00,138,262
2015-08-25 16:15:00,138,279
2015-08-25 16:30:00,138,277
2015-08-25 16:45:00,138,261
2015-08-25 17:00:00,138,240
2015-08-25 17:15:00,138,271
2015-08-25 17:30:00,138,306
2015-08-25 17:45:00,138,286
2015-08-25 18:00:00,138,299
2015-08-25 18:15:00,138,322
2015-08-25 18:30:00,138,297
2015-08-25 18:45:00,138,346
2015-08-25 19:00:00,138,361
2015-08-25 19:15:00,138,391
2015-08-25 19:30:00,138,364
2015-08-25 19:45:00,138,336
2015-08-25 20:00:00,138,341
2015-08-25 20:15:00,138,318
2015-08-25 20:30:00,138,267
2015-08-25 20:45:00,138,296
2015-08-25 21:00:00,138,236
2015-08-25 21:15:00,138,262
2015-08-25 21:30:00,138,328
2015-08-25 21:45:00,138,347
2015-08-25 22:00:00,138,334
2015-08-25 22:15:00,138,325
2015-08-25 22:30:00,138,340
2015-08-25 22:45:00,138,327
2015-08-25 23:00:00,138,328
2015-08-25 23:15:00,138,325
2015-08-25 23:30:00,138,309
2015-08-25 23:45:00,138,260
2015-08-26 00:00:00,138,255
2015-08-26 00:15:00,138,292
2015-08-26 00:30:00,138,229
2015-08-26 00:45:00,138,229
2015-08-26 01:00:00,138,183
2015-08-26 01:15:00,138,184
2015-08-26 01:30:00,138,175
2015-08-26 01:45:00,138,132
2015-08-26 02:00:00,138,109
2015-08-26 02:15:00,138,129
2015-08-26 02:30:00,138,114
2015-08-26 02:45:00,138,86
2015-08-26 03:00:00,138,96
2015-08-26 03:15:00,138,65
2015-08-26 03:30:00,138,73
2015-08-26 03:45:00,138,86
2015-08-26 04:00:00,138,74
2015-08-26 04:15:00,138,64
2015-08-26 04:30:00,138,64
2015-08-26 04:45:00,138,68
2015-08-26 05:00:00,138,95
2015-08-26 05:15:00,138,86
2015-08-26 05:30:00,138,128
2015-08-26 05:45:00,138,157
2015-08-26 06:00:00,138,165
2015-08-26 06:15:00,138,188
2015-08-26 06:30:00,138,203
2015-08-26 06:45:00,138,216
2015-08-26 07:00:00,138,248
2015-08-26 07:15:00,138,290
2015-08-26 07:30:00,138,288
2015-08-26 07:45:00,138,269
2015-08-26 08:00:00,138,301
2015-08-26 08:15:00,138,275
2015-08-26 08:30:00,138,291
2015-08-26 08:45:00,138,305
2015-08-26 09:00:00,138,251
2015-08-26 09:15:00,138,282
2015-08-26 09:30:00,138,286
2015-08-26 09:45:00,138,265
2015-08-26 10:00:00,138,280
2015-08-26 10:15:00,138,216
2015-08-26 10:30:00,138,248
2015-08-26 10:45:00,138,252
2015-08-26 11:00:00,138,254
2015-08-26 11:15:00,138,267
2015-08-26 11:30:00,138,260
2015-08-26 11:45:00,138,266
2015-08-26 12:00:00,138,266
2015-08-26 12:15:00,138,256
2015-08-26 12:30:00,138,280
2015-08-26 12:45:00,138,282
2015-08-26 13:00:00,138,283
2015-08-26 13:15:00,138,267
2015-08-26 13:30:00,138,251
2015-08-26 13:45:00,138,269
2015-08-26 14:00:00,138,252
2015-08-26 14:15:00,138,265
2015-08-26 14:30:00,138,254
2015-08-26 14:45:00,138,249
2015-08-26 15:00:00,138,275
2015-08-26 15:15:00,138,275
2015-08-26 15:30:00,138,274
2015-08-26 15:45:00,138,270
2015-08-26 16:00:00,138,274
2015-08-26 16:15:00,138,307
2015-08-26 16:30:00,138,309
2015-08-26 16:45:00,138,285
2015-08-26 17:00:00,138,311
2015-08-26 17:15:00,138,294
2015-08-26 17:30:00,138,258
2015-08-26 17:45:00,138,327
2015-08-26 18:00:00,138,301
2015-08-26 18:15:00,138,312
2015-08-26 18:30:00,138,332
2015-08-26 18:45:00,138,334
2015-08-26 19:00:00,138,348
2015-08-26 19:15:00,138,352
2015-08-26 19:30:00,138,340
2015-08-26 19:45:00,138,343
2015-08-26 20:00:00,138,302
2015-08-26 20:15:00,138,267
2015-08-26 20:30:00,138,231
2015-08-26 20:45:00,138,255
2015-08-26 21:00:00,138,238
2015-08-26 21:15:00,138,267
2015-08-26 21:30:00,138,279
2015-08-26 21:45:00,138,311
2015-08-26 22:00:00,138,295
2015-08-26 22:15:00,138,295
2015-08-26 22:30:00,138,302
2015-08-26 22:45:00,138,277
2015-08-26 23:00:00,138,289
2015-08-26 23:15:00,138,306
2015-08-26 23:30:00,138,255
2015-08-26 23:45:00,138,256
2015-09-27 00:00:00,72887,274
2015-09-27 00:15:00,72887,279
2015-09-27 00:30:00,72887,269
2015-09-27 00:45:00,72887,241
2015-09-27 01:00:00,72887,239
2015-09-27 01:15:00,72887,242
2015-09-27 01:30:00,72887,177
2015-09-27 01:45:00,72887,223
2015-09-27 02:00:00,72887,157
2015-09-27 02:15:00,72887,153
2015-09-27 02:30:00,72887,167
2015-09-27 02:45:00,72887,136
2015-09-27 03:00:00,72887,147
2015-09-27 03:15:00,72887,144
2015-09-27 03:30:00,72887,142
2015-09-27 03:45:00,72887,136
2015-09-27 04:00:00,72887,158
2015-09-27 04:15:00,72887,197
2015-09-27 04:30:00,72887,184
2015-09-27 04:45:00,72887,135
2015-09-27 05:00:00,72887,122
2015-09-27 05:15:00,72887,127
2015-09-27 05:30:00,72887,97
2015-09-27 05:45:00,72887,95
2015-09-27 06:00:00,72887,102
2015-09-27 06:15:00,72887,114
2015-09-27 06:30:00,72887,121
2015-09-27 06:45:00,72887,97
2015-09-27 07:00:00,72887,111
2015-09-27 07:15:00,72887,99
2015-09-27 07:30:00,72887,102
2015-09-27 07:45:00,72887,96
2015-09-27 08:00:00,72887,100
2015-09-27 08:15:00,72887,121
2015-09-27 08:30:00,72887,122
2015-09-27 08:45:00,72887,147
2015-09-27 09:00:00,72887,158
2015-09-27 09:15:00,72887,161
2015-09-27 09:30:00,72887,191
2015-09-27 09:45:00,72887,173
2015-09-27 10:00:00,72887,186
2015-09-27 10:15:00,72887,205
2015-09-27 10:30:00,72887,208
2015-09-27 10:45:00,72887,242
2015-09-27 11:00:00,72887,227
2015-09-27 11:15:00,72887,265
2015-09-27 11:30:00,72887,256
2015-09-27 11:45:00,72887,310
2015-09-27 12:00:00,72887,284
2015-09-27 12:15:00,72887,298
2015-09-27 12:30:00,72887,292
2015-09-27 12:45:00,72887,274
2015-09-27 13:00:00,72887,238
2015-09-27 13:15:00,72887,312
2015-09-27 13:30:00,72887,295
2015-09-27 13:45:00,72887,320
2015-09-27 14:00:00,72887,315
2015-09-27 14:15:00,72887,298
2015-09-27 14:30:00,72887,308
2015-09-27 14:45:00,72887,304
2015-09-27 15:00:00,72887,310
2015-09-27 15:15:00,72887,307
2015-09-27 15:30:00,72887,305
2015-09-27 15:45:00,72887,334
2015-09-27 16:00:00,72887,299
2015-09-27 16:15:00,72887,345
2015-09-27 16:30:00,72887,339
2015-09-27 16:45:00,72887,350
2015-09-27 17:00:00,72887,321
2015-09-27 17:15:00,72887,311
2015-09-27 17:30:00,72887,273
2015-09-27 17:45:00,72887,284
2015-09-27 18:00:00,72887,244
2015-09-27 18:15:00,72887,300
2015-09-27 18:30:00,72887,267
2015-09-27 18:45:00,72887,282
2015-09-27 19:00:00,72887,249
2015-09-27 19:15:00,72887,331
2015-09-27 19:30:00,72887,327
2015-09-27 19:45:00,72887,303
2015-09-27 20:00:00,72887,291
2015-09-27 20:15:00,72887,257
2015-09-27 20:30:00,72887,274
2015-09-27 20:45:00,72887,297
2015-09-27 21:00:00,72887,275
2015-09-27 21:15:00,72887,261
2015-09-27 21:30:00,72887,242
2015-09-27 21:45:00,72887,244
2015-09-27 22:00:00,72887,241
2015-09-27 22:15:00,72887,250
2015-09-27 22:30:00,72887,223
2015-09-27 22:45:00,72887,200
2015-09-27 23:00:00,72887,205
2015-09-27 23:15:00,72887,187
2015-09-27 23:30:00,72887,166
2015-09-27 23:45:00,72887,170
2018-01-16 00:00:00,83624,27
2018-01-16 00:15:00,83624,23
2018-01-16 00:30:00,83624,33
2018-01-16 00:45:00,83624,16
2018-01-16 01:00:00,83624,24
2018-01-16 01:15:00,83624,15
2018-01-16 01:30:00,83624,15
2018-01-16 01:45:00,83624,11
2018-01-16 02:00:00,83624,13
2018-01-16 02:15:00,83624,12
2018-01-16 02:30:00,83624,14
2018-01-16 02:45:00,83624,15
2018-01-16 03:00:00,83624,16
2018-01-16 03:15:00,83624,22
2018-01-16 03:30:00,83624,10
2018-01-16 03:45:00,83624,13
2018-01-16 04:00:00,83624,18
2018-01-16 04:15:00,83624,17
2018-01-16 04:30:00,83624,22
2018-01-16 04:45:00,83624,38
2018-01-16 05:00:00,83624,29
2018-01-16 05:15:00,83624,42
2018-01-16 05:30:00,83624,76
2018-01-16 05:45:00,83624,61
2018-01-16 06:00:00,83624,92
2018-01-16 06:15:00,83624,115
2018-01-16 06:30:00,83624,102
2018-01-16 06:45:00,83624,132
2018-01-16 07:00:00,83624,163
2018-01-16 07:15:00,83624,167
2018-01-16 07:30:00,83624,193
2018-01-16 07:45:00,83624,171
2018-01-16 08:00:00,83624,150
2018-01-16 08:15:00,83624,134
2018-01-16 08:30:00,83624,133
2018-01-16 08:45:00,83624,119
2018-01-16 09:00:00,83624,117
2018-01-16 09:15:00,83624,99
2018-01-16 09:30:00,83624,104
2018-01-16 09:45:00,83624,120
2018-01-16 10:00:00,83624,102
2018-01-16 10:15:00,83624,113
2018-01-16 10:30:00,83624,107
2018-01-16 10:45:00,83624,103
2018-01-16 11:00:00,83624,110
2018-01-16 11:15:00,83624,111
2018-01-16 11:30:00,83624,108
2018-01-16 11:45:00,83624,91
2018-01-16 12:00:00,83624,123
2018-01-16 12:15:00,83624,89
2018-01-16 12:30:00,83624,104
2018-01-16 12:45:00,83624,117
2018-01-16 13:00:00,83624,118
2018-01-16 13:15:00,83624,97
2018-01-16 13:30:00,83624,129
2018-01-16 13:45:00,83624,141
2018-01-16 14:00:00,83624,140
2018-01-16 14:15:00,83624,158
2018-01-16 14:30:00,83624,128
2018-01-16 14:45:00,83624,110
2018-01-16 15:00:00,83624,132
2018-01-16 15:15:00,83624,126
2018-01-16 15:30:00,83624,162
2018-01-16 15:45:00,83624,164
2018-01-16 16:00:00,83624,133
2018-01-16 16:15:00,83624,170
2018-01-16 16:30:00,83624,168
2018-01-16 16:45:00,83624,154
2018-01-16 17:00:00,83624,152
2018-01-16 17:15:00,83624,153
2018-01-16 17:30:00,83624,167
2018-01-16 17:45:00,83624,161
2018-01-16 18:00:00,83624,157
2018-01-16 18:15:00,83624,149
2018-01-16 18:30:00,83624,144
2018-01-16 18:45:00,83624,105
2018-01-16 19:00:00,83624,110
2018-01-16 19:15:00,83624,98
2018-01-16 19:30:00,83624,89
2018-01-16 19:45:00,83624,90
2018-01-16 20:00:00,83624,90
2018-01-16 20:15:00,83624,53
2018-01-16 20:30:00,83624,40
2018-01-16 20:45:00,83624,70
2018-01-16 21:00:00,83624,62
2018-01-16 21:15:00,83624,56
2018-01-16 21:30:00,83624,62
2018-01-16 21:45:00,83624,41
2018-01-16 22:00:00,83624,59
2018-01-16 22:15:00,83624,41
2018-01-16 22:30:00,83624,31
2018-01-16 22:45:00,83624,37
2018-01-16 23:00:00,83624,42
2018-01-16 23:15:00,83624,30
2018-01-16 23:30:00,83624,31
2018-01-16 23:45:00,83624,28
2018-01-17 00:00:00,83624,22
2018-01-17 00:15:00,83624,34
2018-01-17 00:30:00,83624,18
2018-01-17 00:45:00,83624,24
2018-01-17 01:00:00,83624,23
2018-01-17 01:15:00,83624,24
2018-01-17 01:30:00,83624,17
2018-01-17 01:45:00,83624,13
2018-01-17 02:00:00,83624,21
2018-01-17 02:15:00,83624,15
2018-01-17 02:30:00,83624,17
2018-01-17 02:45:00,83624,18
2018-01-17 03:00:00,83624,16
2018-01-17 03:15:00,83624,9
2018-01-17 03:30:00,83624,15
2018-01-17 03:45:00,83624,18
2018-01-17 04:00:00,83624,23
2018-01-17 04:15:00,83624,17
2018-01-17 04:30:00,83624,22
2018-01-17 04:45:00,83624,24
2018-01-17 05:00:00,83624,53
2018-01-17 05:15:00,83624,47
2018-01-17 05:30:00,83624,67
2018-01-17 05:45:00,83624,62
2018-01-17 06:00:00,83624,91
2018-01-17 06:15:00,83624,107
2018-01-17 06:30:00,83624,104
2018-01-17 06:45:00,83624,133
2018-01-17 07:00:00,83624,156
2018-01-17 07:15:00,83624,155
2018-01-17 07:30:00,83624,178
2018-01-17 07:45:00,83624,155
2018-01-17 08:00:00,83624,140
2018-01-17 08:15:00,83624,134
2018-01-17 08:30:00,83624,123
2018-01-17 08:45:00,83624,121
2018-01-17 09:00:00,83624,102
2018-01-17 09:15:00,83624,107
2018-01-17 09:30:00,83624,94
2018-01-17 09:45:00,83624,91
2018-01-17 10:00:00,83624,82
2018-01-17 10:15:00,83624,96
2018-01-17 10:30:00,83624,94
2018-01-17 10:45:00,83624,85
2018-01-17 11:00:00,83624,79
2018-01-17 11:15:00,83624,94
2018-01-17 11:30:00,83624,114
2018-01-17 11:45:00,83624,88
2018-01-17 12:00:00,83624,80
2018-01-17 12:15:00,83624,89
2018-01-17 12:30:00,83624,106
2018-01-17 12:45:00,83624,103
2018-01-17 13:00:00,83624,95
2018-01-17 13:15:00,83624,106
2018-01-17 13:30:00,83624,133
2018-01-17 13:45:00,83624,150
2018-01-17 14:00:00,83624,130
2018-01-17 14:15:00,83624,113
2018-01-17 14:30:00,83624,161
2018-01-17 14:45:00,83624,139
2018-01-17 15:00:00,83624,150
2018-01-17 15:15:00,83624,140
2018-01-17 15:30:00,83624,152
2018-01-17 15:45:00,83624,135
2018-01-17 16:00:00,83624,158
2018-01-17 16:15:00,83624,152
2018-01-17 16:30:00,83624,179
2018-01-17 16:45:00,83624,167
2018-01-17 17:00:00,83624,154
2018-01-17 17:15:00,83624,145
2018-01-17 17:30:00,83624,163
2018-01-17 17:45:00,83624,154
2018-01-17 18:00:00,83624,135
2018-01-17 18:15:00,83624,129
2018-01-17 18:30:00,83624,111
2018-01-17 18:45:00,83624,128
2018-01-17 19:00:00,83624,120
2018-01-17 19:15:00,83624,91
2018-01-17 19:30:00,83624,76
2018-01-17 19:45:00,83624,95
2018-01-17 20:00:00,83624,73
2018-01-17 20:15:00,83624,91
2018-01-17 20:30:00,83624,81
2018-01-17 20:45:00,83624,65
2018-01-17 21:00:00,83624,56
2018-01-17 21:15:00,83624,68
2018-01-17 21:30:00,83624,68
2018-01-17 21:45:00,83624,47
2018-01-17 22:00:00,83624,61
2018-01-17 22:15:00,83624,57
2018-01-17 22:30:00,83624,41
2018-01-17 22:45:00,83624,46
2018-01-17 23:00:00,83624,38
2018-01-17 23:15:00,83624,35
2018-01-17 23:30:00,83624,24
2018-01-17 23:45:00,83624,28
2018-01-18 00:00:00,83624,27
2018-01-18 00:15:00,83624,22
2018-01-18 00:30:00,83624,24
2018-01-18 00:45:00,83624,18
2018-01-18 01:00:00,83624,21
2018-01-18 01:15:00,83624,21
2018-01-18 01:30:00,83624,18
2018-01-18 01:45:00,83624,14
2018-01-18 02:00:00,83624,14
2018-01-18 02:15:00,83624,16
2018-01-18 02:30:00,83624,14
2018-01-18 02:45:00,83624,14
2018-01-18 03:00:00,83624,13
2018-01-18 03:15:00,83624,19
2018-01-18 03:30:00,83624,10
2018-01-18 03:45:00,83624,23
2018-01-18 04:00:00,83624,21
2018-01-18 04:15:00,83624,16
2018-01-18 04:30:00,83624,27
2018-01-18 04:45:00,83624,30
2018-01-18 05:00:00,83624,38
2018-01-18 05:15:00,83624,50
2018-01-18 05:30:00,83624,56
2018-01-18 05:45:00,83624,62
2018-01-18 06:00:00,83624,117
2018-01-18 06:15:00,83624,112
2018-01-18 06:30:00,83624,110
2018-01-18 06:45:00,83624,126
2018-01-18 07:00:00,83624,173
2018-01-18 07:15:00,83624,174
2018-01-18 07:30:00,83624,180
2018-01-18 07:45:00,83624,191
2018-01-18 08:00:00,83624,127
2018-01-18 08:15:00,83624,160
2018-01-18 08:30:00,83624,158
2018-01-18 08:45:00,83624,146
2018-01-18 09:00:00,83624,113
2018-01-18 09:15:00,83624,124
2018-01-18 09:30:00,83624,131
2018-01-18 09:45:00,83624,123
2018-01-18 10:00:00,83624,123
2018-01-18 10:15:00,83624,113
2018-01-18 10:30:00,83624,105
2018-01-18 10:45:00,83624,94
2018-01-18 11:00:00,83624,86
2018-01-18 11:15:00,83624,110
2018-01-18 11:30:00,83624,113
2018-01-18 11:45:00,83624,101
2018-01-18 12:00:00,83624,102
2018-01-18 12:15:00,83624,94
2018-01-18 12:30:00,83624,93
2018-01-18 12:45:00,83624,116
2018-01-18 13:00:00,83624,107
2018-01-18 13:15:00,83624,115
2018-01-18 13:30:00,83624,115
2018-01-18 13:45:00,83624,139
2018-01-18 14:00:00,83624,118
2018-01-18 14:15:00,83624,140
2018-01-18 14:30:00,83624,167
2018-01-18 14:45:00,83624,134
2018-01-18 15:00:00,83624,130
2018-01-18 15:15:00,83624,134
2018-01-18 15:30:00,83624,149
2018-01-18 15:45:00,83624,155
2018-01-18 16:00:00,83624,190
2018-01-18 16:15:00,83624,158
2018-01-18 16:30:00,83624,188
2018-01-18 16:45:00,83624,162
2018-01-18 17:00:00,83624,155
2018-01-18 17:15:00,83624,173
2018-01-18 17:30:00,83624,179
2018-01-18 17:45:00,83624,151
2018-01-18 18:00:00,83624,166
2018-01-18 18:15:00,83624,120
2018-01-18 18:30:00,83624,148
2018-01-18 18:45:00,83624,124
2018-01-18 19:00:00,83624,108
2018-01-18 19:15:00,83624,92
2018-01-18 19:30:00,83624,100
2018-01-18 19:45:00,83624,98
2018-01-18 20:00:00,83624,89
2018-01-18 20:15:00,83624,89
2018-01-18 20:30:00,83624,80
2018-01-18 20:45:00,83624,62
2018-01-18 21:00:00,83624,63
2018-01-18 21:15:00,83624,58
2018-01-18 21:30:00,83624,55
2018-01-18 21:45:00,83624,64
2018-01-18 22:00:00,83624,57
2018-01-18 22:15:00,83624,35
2018-01-18 22:30:00,83624,55
2018-01-18 22:45:00,83624,69
2018-01-18 23:00:00,83624,43
2018-01-18 23:15:00,83624,34
2018-01-18 23:30:00,83624,34
2018-01-18 23:45:00,83624,32
2018-01-19 00:00:00,83624,40
2018-01-19 00:15:00,83624,41
2018-01-19 00:30:00,83624,22
2018-01-19 00:45:00,83624,34
2018-01-19 01:00:00,83624,22
2018-01-19 01:15:00,83624,15
2018-01-19 01:30:00,83624,15
2018-01-19 01:45:00,83624,15
2018-01-19 02:00:00,83624,18
2018-01-19 02:15:00,83624,16
2018-01-19 02:30:00,83624,15
2018-01-19 02:45:00,83624,15
2018-01-19 03:00:00,83624,12
2018-01-19 03:15:00,83624,18
2018-01-19 03:30:00,83624,22
2018-01-19 03:45:00,83624,18
2018-01-19 04:00:00,83624,19
2018-01-19 04:15:00,83624,18
2018-01-19 04:30:00,83624,29
2018-01-19 04:45:00,83624,26
2018-01-19 05:00:00,83624,35
2018-01-19 05:15:00,83624,55
2018-01-19 05:30:00,83624,61
2018-01-19 05:45:00,83624,69
2018-01-19 06:00:00,83624,107
2018-01-19 06:15:00,83624,110
2018-01-19 06:30:00,83624,129
2018-01-19 06:45:00,83624,157
2018-01-19 07:00:00,83624,166
2018-01-19 07:15:00,83624,169
2018-01-19 07:30:00,83624,200
2018-01-19 07:45:00,83624,163
2018-01-19 08:00:00,83624,146
2018-01-19 08:15:00,83624,166
2018-01-19 08:30:00,83624,136
2018-01-19 08:45:00,83624,126
2018-01-19 09:00:00,83624,120
2018-01-19 09:15:00,83624,105
2018-01-19 09:30:00,83624,111
2018-01-19 09:45:00,83624,112
2018-01-19 10:00:00,83624,110
2018-01-19 10:15:00,83624,123
2018-01-19 10:30:00,83624,106
2018-01-19 10:45:00,83624,103
2018-01-19 11:00:00,83624,89
2018-01-19 11:15:00,83624,86
2018-01-19 11:30:00,83624,115
2018-01-19 11:45:00,83624,104
2018-01-19 12:00:00,83624,108
2018-01-19 12:15:00,83624,86
2018-01-19 12:30:00,83624,100
2018-01-19 12:45:00,83624,102
2018-01-19 13:00:00,83624,126
2018-01-19 13:15:00,83624,135
2018-01-19 13:30:00,83624,126
2018-01-19 13:45:00,83624,152
2018-01-19 14:00:00,83624,150
2018-01-19 14:15:00,83624,153
2018-01-19 14:30:00,83624,149
2018-01-19 14:45:00,83624,113
2018-01-19 15:00:00,83624,140
2018-01-19 15:15:00,83624,154
2018-01-19 15:30:00,83624,157
2018-01-19 15:45:00,83624,158
2018-01-19 16:00:00,83624,182
2018-01-19 16:15:00,83624,187
2018-01-19 16:30:00,83624,176
2018-01-19 16:45:00,83624,180
2018-01-19 17:00:00,83624,185
2018-01-19 17:15:00,83624,167
2018-01-19 17:30:00,83624,168
2018-01-19 17:45:00,83624,174
2018-01-19 18:00:00,83624,144
2018-01-19 18:15:00,83624,144
2018-01-19 18:30:00,83624,162
2018-01-19 18:45:00,83624,116
2018-01-19 19:00:00,83624,124
2018-01-19 19:15:00,83624,131
2018-01-19 19:30:00,83624,108
2018-01-19 19:45:00,83624,103
2018-01-19 20:00:00,83624,92
2018-01-19 20:15:00,83624,95
2018-01-19 20:30:00,83624,78
2018-01-19 20:45:00,83624,106
2018-01-19 21:00:00,83624,74
2018-01-19 21:15:00,83624,75
2018-01-19 21:30:00,83624,82
2018-01-19 21:45:00,83624,68
2018-01-19 22:00:00,83624,58
2018-01-19 22:15:00,83624,55
2018-01-19 22:30:00,83624,48
2018-01-19 22:45:00,83624,52
2018-01-19 23:00:00,83624,52
2018-01-19 23:15:00,83624,50
2018-01-19 23:30:00,83624,50
2018-01-19 23:45:00,83624,44
2018-03-06 00:00:00,138,92
2018-03-06 00:15:00,138,104
2018-03-06 00:30:00,138,93
2018-03-06 00:45:00,138,89
2018-03-06 01:00:00,138,64
2018-03-06 01:15:00,138,82
2018-03-06 01:30:00,138,63
2018-03-06 01:45:00,138,62
2018-03-06 02:00:00,138,68
2018-03-06 02:15:00,138,67
2018-03-06 02:30:00,138,64
2018-03-06 02:45:00,138,89
2018-03-06 03:00:00,138,74
2018-03-06 03:15:00,138,70
2018-03-06 03:30:00,138,84
2018-03-06 03:45:00,138,47
2018-03-06 04:00:00,138,64
2018-03-06 04:15:00,138,70
2018-03-06 04:30:00,138,63
2018-03-06 04:45:00,138,54
2018-03-06 05:00:00,138,68
2018-03-06 05:15:00,138,80
2018-03-06 05:30:00,138,81
2018-03-06 05:45:00,138,67
2018-03-06 06:00:00,138,4
2018-03-06 06:15:00,138,13
2018-03-06 06:30:00,138,92
2018-03-06 06:45:00,138,112
2018-03-06 07:00:00,138,101
2018-03-06 07:15:00,138,97
2018-03-06 07:30:00,138,82
2018-03-06 07:45:00,138,115
2018-03-06 08:00:00,138,93
2018-03-06 08:15:00,138,76
2018-03-06 08:30:00,138,122
2018-03-06 08:45:00,138,115
2018-03-06 09:00:00,138,106
2018-03-06 09:15:00,138,108
2018-03-06 09:30:00,138,107
2018-03-06 09:45:00,138,88
2018-03-06 10:00:00,138,124
2018-03-06 10:15:00,138,126
2018-03-06 10:30:00,138,131
2018-03-06 10:45:00,138,114
2018-03-06 11:00:00,138,123
2018-03-06 11:15:00,138,125
2018-03-06 11:30:00,138,137
2018-03-06 11:45:00,138,122
2018-03-06 12:00:00,138,150
2018-03-06 12:15:00,138,135
2018-03-06 12:30:00,138,138
2018-03-06 12:45:00,138,114
2018-03-06 13:00:00,138,138
2018-03-06 13:15:00,138,151
2018-03-06 13:30:00,138,138
2018-03-06 13:45:00,138,147
2018-03-06 14:00:00,138,139
2018-03-06 14:15:00,138,152
2018-03-06 14:30:00,138,133
2018-03-06 14:45:00,138,138
2018-03-06 15:00:00,138,144
2018-03-06 15:15:00,138,136
2018-03-06 15:30:00,138,148
2018-03-06 15:45:00,138,128
2018-03-06 16:00:00,138,131
2018-03-06 16:15:00,138,166
2018-03-06 16:30:00,138,128
2018-03-06 16:45:00,138,160
2018-03-06 17:00:00,138,154
2018-03-06 17:15:00,138,142
2018-03-06 17:30:00,138,125
2018-03-06 17:45:00,138,116
2018-03-06 18:00:00,138,175
2018-03-06 18:15:00,138,149
2018-03-06 18:30:00,138,151
2018-03-06 18:45:00,138,159
2018-03-06 19:00:00,138,118
2018-03-06 19:15:00,138,130
2018-03-06 19:30:00,138,124
2018-03-06 19:45:00,138,133
2018-03-06 20:00:00,138,151
2018-03-06 20:15:00,138,131
2018-03-06 20:30:00,138,108
2018-03-06 20:45:00,138,0
2018-03-06 21:00:00,138,0
2018-03-06 21:15:00,138,0
2018-03-06 21:30:00,138,0
2018-03-06 21:45:00,138,11
2018-03-06 22:00:00,138,131
2018-03-06 22:15:00,138,141
2018-03-06 22:30:00,138,136
2018-03-06 22:45:00,138,105
2018-03-06 23:00:00,138,130
2018-03-06 23:15:00,138,104
2018-03-06 23:30:00,138,110
2018-03-06 23:45:00,138,109
2018-03-07 00:00:00,138,104
2018-03-07 00:15:00,138,110
2018-03-07 00:30:00,138,134
2018-03-07 00:45:00,138,145
2018-03-07 01:00:00,138,116
2018-03-07 01:15:00,138,79
2018-03-07 01:30:00,138,103
2018-03-07 01:45:00,138,98
2018-03-07 02:00:00,138,100
2018-03-07 02:15:00,138,83
2018-03-07 02:30:00,138,108
2018-03-07 02:45:00,138,86
2018-03-07 03:00:00,138,88
2018-03-07 03:15:00,138,80
2018-03-07 03:30:00,138,92
2018-03-07 03:45:00,138,63
2018-03-07 04:00:00,138,67
2018-03-07 04:15:00,138,62
2018-03-07 04:30:00,138,57
2018-03-07 04:45:00,138,55
2018-03-07 05:00:00,138,61
2018-03-07 05:15:00,138,64
2018-03-07 05:30:00,138,76
2018-03-07 05:45:00,138,41
2018-03-07 06:00:00,138,53
2018-03-07 06:15:00,138,69
2018-03-07 06:30:00,138,64
2018-03-07 06:45:00,138,77
2018-03-07 07:00:00,138,60
2018-03-07 07:15:00,138,79
2018-03-07 07:30:00,138,71
2018-03-07 07:45:00,138,79
2018-03-07 08:00:00,138,77
2018-03-07 08:15:00,138,91
2018-03-07 08:30:00,138,100
2018-03-07 08:45:00,138,89
2018-03-07 09:00:00,138,90
2018-03-07 09:15:00,138,103
2018-03-07 09:30:00,138,110
2018-03-07 09:45:00,138,81
2018-03-07 10:00:00,138,96
2018-03-07 10:15:00,138,107
2018-03-07 10:30:00,138,96
2018-03-07 10:45:00,138,106
2018-03-07 11:00:00,138,123
2018-03-07 11:15:00,138,129
2018-03-07 11:30:00,138,123
2018-03-07 11:45:00,138,119
2018-03-07 12:00:00,138,136
2018-03-07 12:15:00,138,134
2018-03-07 12:30:00,138,145
2018-03-07 12:45:00,138,117
2018-03-07 13:00:00,138,131
2018-03-07 13:15:00,138,141
2018-03-07 13:30:00,138,124
2018-03-07 13:45:00,138,141
2018-03-07 14:00:00,138,112
2018-03-07 14:15:00,138,126
2018-03-07 14:30:00,138,107
2018-03-07 14:45:00,138,137
2018-03-07 15:00:00,138,99
2018-03-07 15:15:00,138,112
2018-03-07 15:30:00,138,126
2018-03-07 15:45:00,138,131
2018-03-07 16:00:00,138,121
2018-03-07 16:15:00,138,129
2018-03-07 16:30:00,138,117
2018-03-07 16:45:00,138,114
2018-03-07 17:00:00,138,123
2018-03-07 17:15:00,138,144
2018-03-07 17:30:00,138,168
2018-03-07 17:45:00,138,126
2018-03-07 18:00:00,138,119
2018-03-07 18:15:00,138,124
2018-03-07 18:30:00,138,121
2018-03-07 18:45:00,138,111
2018-03-07 19:00:00,138,118
2018-03-07 19:15:00,138,132
2018-03-07 19:30:00,138,101
2018-03-07 19:45:00,138,98
2018-03-07 20:00:00,138,96
2018-03-07 20:15:00,138,95
2018-03-07 20:30:00,138,90
2018-03-07 20:45:00,138,97
2018-03-07 21:00:00,138,82
2018-03-07 21:15:00,138,65
2018-03-07 21:30:00,138,96
2018-03-07 21:45:00,138,85
2018-03-07 22:00:00,138,82
2018-03-07 22:15:00,138,83
2018-03-07 22:30:00,138,75
2018-03-07 22:45:00,138,54
2018-03-07 23:00:00,138,76
2018-03-07 23:15:00,138,73
2018-03-07 23:30:00,138,76
2018-03-07 23:45:00,138,78
2018-03-08 00:00:00,138,58
2018-03-08 00:15:00,138,44
2018-03-08 00:30:00,138,45
2018-03-08 00:45:00,138,36
2018-03-08 01:00:00,138,54
2018-03-08 01:15:00,138,38
2018-03-08 01:30:00,138,41
2018-03-08 01:45:00,138,32
2018-03-08 02:00:00,138,23
2018-03-08 02:15:00,138,34
2018-03-08 02:30:00,138,38
2018-03-08 02:45:00,138,47
2018-03-08 03:00:00,138,40
2018-03-08 03:15:00,138,41
2018-03-08 03:30:00,138,59
2018-03-08 03:45:00,138,77
2018-03-08 04:00:00,138,69
2018-03-08 04:15:00,138,89
2018-03-08 04:30:00,138,136
2018-03-08 04:45:00,138,114
2018-03-08 05:00:00,138,129
2018-03-08 05:15:00,138,144
2018-03-08 05:30:00,138,132
2018-03-08 05:45:00,138,148
2018-03-08 06:00:00,138,127
2018-03-08 06:15:00,138,152
2018-03-08 06:30:00,138,141
2018-03-08 06:45:00,138,123
2018-03-08 07:00:00,138,132
2018-03-08 07:15:00,138,139
2018-03-08 07:30:00,138,106
2018-03-08 07:45:00,138,121
2018-03-08 08:00:00,138,126
2018-03-08 08:15:00,138,156
2018-03-08 08:30:00,138,138
2018-03-08 08:45:00,138,146
2018-03-08 09:00:00,138,116
2018-03-08 09:15:00,138,116
2018-03-08 09:30:00,138,110
2018-03-08 09:45:00,138,116
2018-03-08 10:00:00,138,86
2018-03-08 10:15:00,138,106
2018-03-08 10:30:00,138,131
2018-03-08 10:45:00,138,126
2018-03-08 11:00:00,138,117
2018-03-08 11:15:00,138,112
2018-03-08 11:30:00,138,106
2018-03-08 11:45:00,138,103
2018-03-08 12:00:00,138,119
2018-03-08 12:15:00,138,120
2018-03-08 12:30:00,138,111
2018-03-08 12:45:00,138,121
2018-03-08 13:00:00,138,114
2018-03-08 13:15:00,138,128
2018-03-08 13:30:00,138,97
2018-03-08 13:45:00,138,128
2018-03-08 14:00:00,138,102
2018-03-08 14:15:00,138,130
2018-03-08 14:30:00,138,125
2018-03-08 14:45:00,138,101
2018-03-08 15:00:00,138,114
2018-03-08 15:15:00,138,152
2018-03-08 15:30:00,138,113
2018-03-08 15:45:00,138,132
2018-03-08 16:00:00,138,116
2018-03-08 16:15:00,138,129
2018-03-08 16:30:00,138,128
2018-03-08 16:45:00,138,130
2018-03-08 17:00:00,138,129
2018-03-08 17:15:00,138,118
2018-03-08 17:30:00,138,144
2018-03-08 17:45:00,138,94
2018-03-08 18:00:00,138,129
2018-03-08 18:15:00,138,122
2018-03-08 18:30:00,138,120
2018-03-08 18:45:00,138,103
2018-03-08 19:00:00,138,109
2018-03-08 19:15:00,138,105
2018-03-08 19:30:00,138,172
2018-03-08 19:45:00,138,157
2018-03-08 20:00:00,138,167
2018-03-08 20:15:00,138,113
2018-03-08 20:30:00,138,72
2018-03-08 20:45:00,138,94
2018-03-08 21:00:00,138,97
2018-03-08 21:15:00,138,95
2018-03-08 21:30:00,138,97
2018-03-08 21:45:00,138,90
2018-03-08 22:00:00,138,86
2018-03-08 22:15:00,138,63
2018-03-08 22:30:00,138,80
2018-03-08 22:45:00,138,60
2018-03-08 23:00:00,138,69
2018-03-08 23:15:00,138,50
2018-03-08 23:30:00,138,50
2018-03-08 23:45:00,138,49
2018-03-09 00:00:00,138,57
2018-03-09 00:15:00,138,38
2018-03-09 00:30:00,138,45
2018-03-09 00:45:00,138,39
2018-03-09 01:00:00,138,31
2018-03-09 01:15:00,138,50
2018-03-09 01:30:00,138,40
2018-03-09 01:45:00,138,38
2018-03-09 02:00:00,138,27
2018-03-09 02:15:00,138,39
2018-03-09 02:30:00,138,37
2018-03-09 02:45:00,138,45
2018-03-09 03:00:00,138,41
2018-03-09 03:15:00,138,43
2018-03-09 03:30:00,138,35
2018-03-09 03:45:00,138,57
2018-03-09 04:00:00,138,73
2018-03-09 04:15:00,138,95
2018-03-09 04:30:00,138,137
2018-03-09 04:45:00,138,131
2018-03-09 05:00:00,138,153
2018-03-09 05:15:00,138,169
2018-03-09 05:30:00,138,137
2018-03-09 05:45:00,138,118
2018-03-09 06:00:00,138,135
2018-03-09 06:15:00,138,154
2018-03-09 06:30:00,138,142
2018-03-09 06:45:00,138,143
2018-03-09 07:00:00,138,128
2018-03-09 07:15:00,138,125
2018-03-09 07:30:00,138,138
2018-03-09 07:45:00,138,113
2018-03-09 08:00:00,138,131
2018-03-09 08:15:00,138,109
2018-03-09 08:30:00,138,139
2018-03-09 08:45:00,138,149
2018-03-09 09:00:00,138,123
2018-03-09 09:15:00,138,134
2018-03-09 09:30:00,138,90
2018-03-09 09:45:00,138,107
2018-03-09 10:00:00,138,125
2018-03-09 10:15:00,138,131
2018-03-09 10:30:00,138,111
2018-03-09 10:45:00,138,115
2018-03-09 11:00:00,138,81
2018-03-09 11:15:00,138,83
2018-03-09 11:30:00,138,116
2018-03-09 11:45:00,138,125
2018-03-09 12:00:00,138,119
2018-03-09 12:15:00,138,106
2018-03-09 12:30:00,138,121
2018-03-09 12:45:00,138,119
2018-03-09 13:00:00,138,133
2018-03-09 13:15:00,138,123
2018-03-09 13:30:00,138,148
2018-03-09 13:45:00,138,141
2018-03-09 14:00:00,138,112
2018-03-09 14:15:00,138,158
2018-03-09 14:30:00,138,117
2018-03-09 14:45:00,138,122
2018-03-09 15:00:00,138,123
2018-03-09 15:15:00,138,168
2018-03-09 15:30:00,138,143
2018-03-09 15:45:00,138,141
2018-03-09 16:00:00,138,146
2018-03-09 16:15:00,138,154
2018-03-09 16:30:00,138,133
2018-03-09 16:45:00,138,160
2018-03-09 17:00:00,138,123
2018-03-09 17:15:00,138,139
2018-03-09 17:30:00,138,141
2018-03-09 17:45:00,138,175
2018-03-09 18:00:00,138,109
2018-03-09 18:15:00,138,142
2018-03-09 18:30:00,138,136
2018-03-09 18:45:00,138,165
2018-03-09 19:00:00,138,111
2018-03-09 19:15:00,138,143
2018-03-09 19:30:00,138,112
2018-03-09 19:45:00,138,105
2018-03-09 20:00:00,138,100
2018-03-09 20:15:00,138,117
2018-03-09 20:30:00,138,108
2018-03-09 20:45:00,138,105
2018-03-09 21:00:00,138,104
2018-03-09 21:15:00,138,92
2018-03-09 21:30:00,138,101
2018-03-09 21:45:00,138,80
2018-03-09 22:00:00,138,83
2018-03-09 22:15:00,138,83
2018-03-09 22:30:00,138,82
2018-03-09 22:45:00,138,74
2018-03-09 23:00:00,138,79
2018-03-09 23:15:00,138,71
2018-03-09 23:30:00,138,51
2018-03-09 23:45:00,138,49
2018-03-10 00:00:00,138,42
2018-03-10 00:15:00,138,49
2018-03-10 00:30:00,138,46
2018-03-10 00:45:00,138,52
2018-03-10 01:00:00,138,42
2018-03-10 01:15:00,138,28
2018-03-10 01:30:00,138,29
2018-03-10 01:45:00,138,16
2018-03-10 02:00:00,138,8
2018-03-10 02:15:00,138,9
2018-03-10 02:30:00,138,17
2018-03-10 02:45:00,138,16
2018-03-10 03:00:00,138,20
2018-03-10 03:15:00,138,24
2018-03-10 03:30:00,138,17
2018-03-10 03:45:00,138,26
2018-03-10 04:00:00,138,15
2018-03-10 04:15:00,138,27
2018-03-10 04:30:00,138,46
2018-03-10 04:45:00,138,47
2018-03-10 05:00:00,138,69
2018-03-10 05:15:00,138,26
2018-03-10 05:30:00,138,30
2018-03-10 05:45:00,138,38
2018-03-10 06:00:00,138,32
2018-03-10 06:15:00,138,30
2018-03-10 06:30:00,138,47
2018-03-10 06:45:00,138,49
2018-03-10 07:00:00,138,46
2018-03-10 07:15:00,138,30
2018-03-10 07:30:00,138,34
2018-03-10 07:45:00,138,45
2018-03-10 08:00:00,138,57
2018-03-10 08:15:00,138,51
2018-03-10 08:30:00,138,63
2018-03-10 08:45:00,138,54
2018-03-10 09:00:00,138,55
2018-03-10 09:15:00,138,70
2018-03-10 09:30:00,138,53
2018-03-10 09:45:00,138,69
2018-03-10 10:00:00,138,56
2018-03-10 10:15:00,138,77
2018-03-10 10:30:00,138,59
2018-03-10 10:45:00,138,53
2018-03-10 11:00:00,138,70
2018-03-10 11:15:00,138,82
2018-03-10 11:30:00,138,53
2018-03-10 11:45:00,138,42
2018-03-10 12:00:00,138,54
2018-03-10 12:15:00,138,24
2018-03-10 12:30:00,138,4
2018-03-10 12:45:00,138,5
2018-03-10 13:00:00,138,11
2018-03-10 13:15:00,138,11
2018-03-10 13:30:00,138,4
2018-03-10 13:45:00,138,5
2018-03-10 14:00:00,138,4
2018-03-10 14:15:00,138,8
2018-03-10 14:30:00,138,6
2018-03-10 14:45:00,138,10
2018-03-10 15:00:00,138,14
2018-03-10 15:15:00,138,5
2018-03-10 15:30:00,138,5
2018-03-10 15:45:00,138,4
2018-03-10 16:00:00,138,5
2018-03-10 16:15:00,138,9
2018-03-10 16:30:00,138,5
2018-03-10 16:45:00,138,10
2018-03-10 17:00:00,138,15
2018-03-10 17:15:00,138,23
2018-03-10 17:30:00,138,11
2018-03-10 17:45:00,138,7
2018-03-10 18:00:00,138,5
2018-03-10 18:15:00,138,10
2018-03-10 18:30:00,138,11
2018-03-10 18:45:00,138,4
2018-03-10 19:00:00,138,8
2018-03-10 19:15:00,138,7
2018-03-10 19:30:00,138,1
2018-03-10 19:45:00,138,2
2018-03-10 20:00:00,138,1
2018-03-10 20:15:00,138,1
2018-03-10 20:30:00,138,1
2018-03-10 20:45:00,138,2
2018-03-10 21:00:00,138,0
2018-03-10 21:15:00,138,2
2018-03-10 21:30:00,138,1
2018-03-10 21:45:00,138,0
2018-03-10 22:00:00,138,1
2018-03-10 22:15:00,138,2
2018-03-10 22:30:00,138,1
2018-03-10 22:45:00,138,0
2018-03-10 23:00:00,138,1
2018-03-10 23:15:00,138,0
2018-03-10 23:30:00,138,1
2018-03-10 23:45:00,138,0
2018-03-11 00:00:00,138,1
2018-03-11 00:15:00,138,0
2018-03-11 00:30:00,138,1
2018-03-11 00:45:00,138,1
2018-03-11 01:00:00,138,2
2018-03-11 01:15:00,138,0
2018-03-11 01:30:00,138,0
2018-03-11 01:45:00,138,0
2018-03-11 02:00:00,138,0
2018-03-11 02:15:00,138,1
2018-03-11 02:30:00,138,0
2018-03-11 02:45:00,138,0
2018-03-11 03:00:00,138,0
2018-03-11 03:15:00,138,2
2018-03-11 03:30:00,138,0
2018-03-11 03:45:00,138,5
2018-03-11 04:00:00,138,0
2018-03-11 04:15:00,138,1
2018-03-11 04:30:00,138,0
2018-03-11 04:45:00,138,1
2018-03-11 05:00:00,138,0
2018-03-11 05:15:00,138,1
2018-03-11 05:30:00,138,0
2018-03-11 05:45:00,138,0
2018-03-11 06:00:00,138,2
2018-03-11 06:15:00,138,1
2018-03-11 06:30:00,138,2
2018-03-11 06:45:00,138,0
2018-03-11 07:00:00,138,4
2018-03-11 07:15:00,138,0
2018-03-11 07:30:00,138,1
2018-03-11 07:45:00,138,0
2018-03-11 08:00:00,138,2
2018-03-11 08:15:00,138,0
2018-03-11 08:30:00,138,2
2018-03-11 08:45:00,138,1
2018-03-11 09:00:00,138,1
2018-03-11 09:15:00,138,7
2018-03-11 09:30:00,138,4
2018-03-11 09:45:00,138,2
2018-03-11 10:00:00,138,2
2018-03-11 10:15:00,138,4
2018-03-11 10:30:00,138,3
2018-03-11 10:45:00,138,8
2018-03-11 11:00:00,138,7
2018-03-11 11:15:00,138,4
2018-03-11 11:30:00,138,1
2018-03-11 11:45:00,138,0
2018-03-11 12:00:00,138,0
2018-03-11 12:15:00,138,0
2018-03-11 12:30:00,138,0
2018-03-11 12:45:00,138,1
2018-03-11 13:00:00,138,0
2018-03-11 13:15:00,138,0
2018-03-11 13:30:00,138,0
2018-03-11 13:45:00,138,1
2018-03-11 14:00:00,138,0
2018-03-11 14:15:00,138,4
2018-03-11 14:30:00,138,4
2018-03-11 14:45:00,138,1
2018-03-11 15:00:00,138,6
2018-03-11 15:15:00,138,1
2018-03-11 15:30:00,138,0
2018-03-11 15:45:00,138,2
2018-03-11 16:00:00,138,1
2018-03-11 16:15:00,138,3
2018-03-11 16:30:00,138,3
2018-03-11 16:45:00,138,14
2018-03-11 17:00:00,138,0
2018-03-11 17:15:00,138,3
2018-03-11 17:30:00,138,0
2018-03-11 17:45:00,138,3
2018-03-11 18:00:00,138,1
2018-03-11 18:15:00,138,0
2018-03-11 18:30:00,138,10
2018-03-11 18:45:00,138,0
2018-03-11 19:00:00,138,0
2018-03-11 19:15:00,138,0
2018-03-11 19:30:00,138,0
2018-03-11 19:45:00,138,0
2018-03-11 20:00:00,138,0
2018-03-11 20:15:00,138,0
2018-03-11 20:30:00,138,0
2018-03-11 20:45:00,138,0
2018-03-11 21:00:00,138,0
2018-03-11 21:15:00,138,0
2018-03-11 21:30:00,138,0
2018-03-11 21:45:00,138,0
2018-03-11 22:00:00,138,0
2018-03-11 22:15:00,138,0
2018-03-11 22:30:00,138,0
2018-03-11 22:45:00,138,0
2018-03-11 23:00:00,138,0
2018-03-11 23:15:00,138,0
2018-03-11 23:30:00,138,0
2018-03-11 23:45:00,138,11
2018-03-12 00:00:00,138,53
2018-03-12 00:15:00,138,57
2018-03-12 00:30:00,138,61
2018-03-12 00:45:00,138,59
2018-03-12 01:00:00,138,67
2018-03-12 01:15:00,138,65
2018-03-12 01:30:00,138,59
2018-03-12 01:45:00,138,61
2018-03-12 02:00:00,138,76
2018-03-12 02:15:00,138,60
2018-03-12 02:30:00,138,59
2018-03-12 02:45:00,138,54
2018-03-12 03:00:00,138,59
2018-03-12 03:15:00,138,77
2018-03-12 03:30:00,138,78
2018-03-12 03:45:00,138,80
2018-03-12 04:00:00,138,84
2018-03-12 04:15:00,138,117
2018-03-12 04:30:00,138,107
2018-03-12 04:45:00,138,117
2018-03-12 05:00:00,138,133
2018-03-12 05:15:00,138,146
2018-03-12 05:30:00,138,118
2018-03-12 05:45:00,138,161
2018-03-12 06:00:00,138,162
2018-03-12 06:15:00,138,136
2018-03-12 06:30:00,138,133
2018-03-12 06:45:00,138,145
2018-03-12 07:00:00,138,132
2018-03-12 07:15:00,138,119
2018-03-12 07:30:00,138,152
2018-03-12 07:45:00,138,130
2018-03-12 08:00:00,138,113
2018-03-12 08:15:00,138,163
2018-03-12 08:30:00,138,120
2018-03-12 08:45:00,138,145
2018-03-12 09:00:00,138,125
2018-03-12 09:15:00,138,137
2018-03-12 09:30:00,138,113
2018-03-12 09:45:00,138,105
2018-03-12 10:00:00,138,123
2018-03-12 10:15:00,138,111
2018-03-12 10:30:00,138,127
2018-03-12 10:45:00,138,99
2018-03-12 11:00:00,138,112
2018-03-12 11:15:00,138,135
2018-03-12 11:30:00,138,116
2018-03-12 11:45:00,138,104
2018-03-12 12:00:00,138,111
2018-03-12 12:15:00,138,112
2018-03-12 12:30:00,138,132
2018-03-12 12:45:00,138,119
2018-03-12 13:00:00,138,115
2018-03-12 13:15:00,138,119
2018-03-12 13:30:00,138,133
2018-03-12 13:45:00,138,114
2018-03-12 14:00:00,138,138
2018-03-12 14:15:00,138,119
2018-03-12 14:30:00,138,135
2018-03-12 14:45:00,138,126
2018-03-12 15:00:00,138,159
2018-03-12 15:15:00,138,125
2018-03-12 15:30:00,138,127
2018-03-12 15:45:00,138,124
2018-03-12 16:00:00,138,138
2018-03-12 16:15:00,138,132
2018-03-12 16:30:00,138,139
2018-03-12 16:45:00,138,127
2018-03-12 17:00:00,138,129
2018-03-12 17:15:00,138,128
2018-03-12 17:30:00,138,104
2018-03-12 17:45:00,138,136
2018-03-12 18:00:00,138,122
2018-03-12 18:15:00,138,141
2018-03-12 18:30:00,138,149
2018-03-12 18:45:00,138,136
2018-03-12 19:00:00,138,129
2018-03-12 19:15:00,138,155
2018-03-12 19:30:00,138,147
2018-03-12 19:45:00,138,136
2018-03-12 20:00:00,138,133
2018-03-12 20:15:00,138,120
2018-03-12 20:30:00,138,137
2018-03-12 20:45:00,138,134
2018-03-12 21:00:00,138,145
2018-03-12 21:15:00,138,131
2018-03-12 21:30:00,138,104
2018-03-12 21:45:00,138,143
2018-03-12 22:00:00,138,145
2018-03-12 22:15:00,138,81
2018-03-12 22:30:00,138,123
2018-03-12 22:45:00,138,117
2018-03-12 23:00:00,138,91
2018-03-12 23:15:00,138,112
2018-03-12 23:30:00,138,95
2018-03-12 23:45:00,138,86
2018-03-13 00:00:00,138,90
2018-03-13 00:15:00,138,105
2018-03-13 00:30:00,138,82
2018-03-13 00:45:00,138,93
2018-03-13 01:00:00,138,84
2018-03-13 01:15:00,138,89
2018-03-13 01:30:00,138,85
2018-03-13 01:45:00,138,75
2018-03-13 02:00:00,138,60
2018-03-13 02:15:00,138,71
2018-03-13 02:30:00,138,68
2018-03-13 02:45:00,138,71
2018-03-13 03:00:00,138,72
2018-03-13 03:15:00,138,67
2018-03-13 03:30:00,138,61
2018-03-13 03:45:00,138,78
2018-03-13 04:00:00,138,58
2018-03-13 04:15:00,138,55
2018-03-13 04:30:00,138,61
2018-03-13 04:45:00,138,58
2018-03-13 05:00:00,138,70
2018-03-13 05:15:00,138,99
2018-03-13 05:30:00,138,95
2018-03-13 05:45:00,138,78
2018-03-13 06:00:00,138,84
2018-03-13 06:15:00,138,99
2018-03-13 06:30:00,138,106
2018-03-13 06:45:00,138,85
2018-03-13 07:00:00,138,96
2018-03-13 07:15:00,138,90
2018-03-13 07:30:00,138,82
2018-03-13 07:45:00,138,110
2018-03-13 08:00:00,138,90
2018-03-13 08:15:00,138,104
2018-03-13 08:30:00,138,99
2018-03-13 08:45:00,138,110
2018-03-13 09:00:00,138,92
2018-03-13 09:15:00,138,106
2018-03-13 09:30:00,138,126
2018-03-13 09:45:00,138,130
2018-03-13 10:00:00,138,124
2018-03-13 10:15:00,138,106
2018-03-13 10:30:00,138,107
2018-03-13 10:45:00,138,106
2018-03-13 11:00:00,138,120
2018-03-13 11:15:00,138,126
2018-03-13 11:30:00,138,139
2018-03-13 11:45:00,138,122
2018-03-13 12:00:00,138,136
2018-03-13 12:15:00,138,133
2018-03-13 12:30:00,138,143
2018-03-13 12:45:00,138,128
2018-03-13 13:00:00,138,148
2018-03-13 13:15:00,138,131
2018-03-13 13:30:00,138,121
2018-03-13 13:45:00,138,126
2018-03-13 14:00:00,138,129
2018-03-13 14:15:00,138,135
2018-03-13 14:30:00,138,114
2018-03-13 14:45:00,138,129
2018-03-13 15:00:00,138,131
2018-03-13 15:15:00,138,140
2018-03-13 15:30:00,138,123
2018-03-13 15:45:00,138,23
2018-03-13 16:00:00,138,143
2018-03-13 16:15:00,138,142
2018-03-13 16:30:00,138,143
2018-03-13 16:45:00,138,121
2018-03-13 17:00:00,138,125
2018-03-13 17:15:00,138,130
2018-03-13 17:30:00,138,133
2018-03-13 17:45:00,138,142
2018-03-13 18:00:00,138,156
2018-03-13 18:15:00,138,113
2018-03-13 18:30:00,138,124
2018-03-13 18:45:00,138,131
2018-03-13 19:00:00,138,125
2018-03-13 19:15:00,138,132
2018-03-13 19:30:00,138,128
2018-03-13 19:45:00,138,133
2018-03-13 20:00:00,138,145
2018-03-13 20:15:00,138,129
2018-03-13 20:30:00,138,127
2018-03-13 20:45:00,138,119
2018-03-13 21:00:00,138,131
2018-03-13 21:15:00,138,147
2018-03-13 21:30:00,138,116
2018-03-13 21:45:00,138,124
2018-03-13 22:00:00,138,140
2018-03-13 22:15:00,138,104
2018-03-13 22:30:00,138,121
2018-03-13 22:45:00,138,118
2018-03-13 23:00:00,138,155
2018-03-13 23:15:00,138,156
2018-03-13 23:30:00,138,135
2018-03-13 23:45:00,138,104
2018-03-14 00:00:00,138,124
2018-03-14 00:15:00,138,102
2018-03-14 00:30:00,138,113
2018-03-14 00:45:00,138,89
2018-03-14 01:00:00,138,95
2018-03-14 01:15:00,138,77
2018-03-14 01:30:00,138,84
2018-03-14 01:45:00,138,89
2018-03-14 02:00:00,138,0
2018-03-14 02:15:00,138,0
2018-03-14 02:30:00,138,0
2018-03-14 02:45:00,138,0
2018-03-14 03:00:00,138,74
2018-03-14 03:15:00,138,92
2018-03-14 03:30:00,138,68
2018-03-14 03:45:00,138,82
2018-03-14 04:00:00,138,54
2018-03-14 04:15:00,138,48
2018-03-14 04:30:00,138,67
2018-03-14 04:45:00,138,47
2018-03-14 05:00:00,138,62
2018-03-14 05:15:00,138,67
2018-03-14 05:30:00,138,57
2018-03-14 05:45:00,138,56
2018-03-14 06:00:00,138,49
2018-03-14 06:15:00,138,59
2018-03-14 06:30:00,138,67
2018-03-14 06:45:00,138,76
2018-03-14 07:00:00,138,82
2018-03-14 07:15:00,138,57
2018-03-14 07:30:00,138,63
2018-03-14 07:45:00,138,62
2018-03-14 08:00:00,138,65
2018-03-14 08:15:00,138,64
2018-03-14 08:30:00,138,80
2018-03-14 08:45:00,138,77
2018-03-14 09:00:00,138,70
2018-03-14 09:15:00,138,80
2018-03-14 09:30:00,138,84
2018-03-14 09:45:00,138,92
2018-03-14 10:00:00,138,105
2018-03-14 10:15:00,138,75
2018-03-14 10:30:00,138,96
2018-03-14 10:45:00,138,81
2018-03-14 11:00:00,138,99
2018-03-14 11:15:00,138,89
2018-03-14 11:30:00,138,96
2018-03-14 11:45:00,138,109
2018-03-14 12:00:00,138,97
2018-03-14 12:15:00,138,101
2018-03-14 12:30:00,138,113
2018-03-14 12:45:00,138,134
2018-03-14 13:00:00,138,108
2018-03-14 13:15:00,138,130
2018-03-14 13:30:00,138,130
2018-03-14 13:45:00,138,140
2018-03-14 14:00:00,138,116
2018-03-14 14:15:00,138,118
2018-03-14 14:30:00,138,119
2018-03-14 14:45:00,138,144
2018-03-14 15:00:00,138,131
2018-03-14 15:15:00,138,112
2018-03-14 15:30:00,138,146
2018-03-14 15:45:00,138,158
2018-03-14 16:00:00,138,142
2018-03-14 16:15:00,138,117
2018-03-14 16:30:00,138,124
2018-03-14 16:45:00,138,135
2018-03-14 17:00:00,138,133
2018-03-14 17:15:00,138,118
2018-03-14 17:30:00,138,133
2018-03-14 17:45:00,138,120
2018-03-14 18:00:00,138,102
2018-03-14 18:15:00,138,122
2018-03-14 18:30:00,138,133
2018-03-14 18:45:00,138,119
2018-03-14 19:00:00,138,108
2018-03-14 19:15:00,138,124
2018-03-14 19:30:00,138,111
2018-03-14 19:45:00,138,104
2018-03-14 20:00:00,138,100
2018-03-14 20:15:00,138,107
2018-03-14 20:30:00,138,133
2018-03-14 20:45:00,138,88
2018-03-14 21:00:00,138,84
2018-03-14 21:15:00,138,96
2018-03-14 21:30:00,138,105
2018-03-14 21:45:00,138,67
2018-03-14 22:00:00,138,82
2018-03-14 22:15:00,138,77
2018-03-14 22:30:00,138,58
2018-03-14 22:45:00,138,54
2018-03-14 23:00:00,138,58
2018-03-14 23:15:00,138,61
2018-03-14 23:30:00,138,42
2018-03-14 23:45:00,138,64
2018-03-15 00:00:00,138,56
2018-03-15 00:15:00,138,44
2018-03-15 00:30:00,138,29
2018-03-15 00:45:00,138,30
2018-03-15 01:00:00,138,31
2018-03-15 01:15:00,138,40
2018-03-15 01:30:00,138,43
2018-03-15 01:45:00,138,32
2018-03-15 02:00:00,138,38
2018-03-15 02:15:00,138,28
2018-03-15 02:30:00,138,35
2018-03-15 02:45:00,138,52
2018-03-15 03:00:00,138,51
2018-03-15 03:15:00,138,53
2018-03-15 03:30:00,138,51
2018-03-15 03:45:00,138,51
2018-03-15 04:00:00,138,62
2018-03-15 04:15:00,138,82
2018-03-15 04:30:00,138,112
2018-03-15 04:45:00,138,131
2018-03-15 05:00:00,138,123
2018-03-15 05:15:00,138,165
2018-03-15 05:30:00,138,121
2018-03-15 05:45:00,138,147
2018-03-15 06:00:00,138,131
2018-03-15 06:15:00,138,133
2018-03-15 06:30:00,138,137
2018-03-15 06:45:00,138,141
2018-03-15 07:00:00,138,155
2018-03-15 07:15:00,138,128
2018-03-15 07:30:00,138,118
2018-03-15 07:45:00,138,116
2018-03-15 08:00:00,138,100
2018-03-15 08:15:00,138,158
2018-03-15 08:30:00,138,126
2018-03-15 08:45:00,138,119
2018-03-15 09:00:00,138,131
2018-03-15 09:15:00,138,127
2018-03-15 09:30:00,138,114
2018-03-15 09:45:00,138,99
2018-03-15 10:00:00,138,108
2018-03-15 10:15:00,138,110
2018-03-15 10:30:00,138,109
2018-03-15 10:45:00,138,92
2018-03-15 11:00:00,138,100
2018-03-15 11:15:00,138,110
2018-03-15 11:30:00,138,123
2018-03-15 11:45:00,138,92
2018-03-15 12:00:00,138,124
2018-03-15 12:15:00,138,99
2018-03-15 12:30:00,138,107
2018-03-15 12:45:00,138,116
2018-03-15 13:00:00,138,115
2018-03-15 13:15:00,138,131
2018-03-15 13:30:00,138,119
2018-03-15 13:45:00,138,107
2018-03-15 14:00:00,138,123
2018-03-15 14:15:00,138,130
2018-03-15 14:30:00,138,124
2018-03-15 14:45:00,138,100
2018-03-15 15:00:00,138,138
2018-03-15 15:15:00,138,116
2018-03-15 15:30:00,138,141
2018-03-15 15:45:00,138,128
2018-03-15 16:00:00,138,134
2018-03-15 16:15:00,138,134
2018-03-15 16:30:00,138,133
2018-03-15 16:45:00,138,109
2018-03-15 17:00:00,138,126
2018-03-15 17:15:00,138,115
2018-03-15 17:30:00,138,123
2018-03-15 17:45:00,138,112
2018-03-15 18:00:00,138,126
2018-03-15 18:15:00,138,114
2018-03-15 18:30:00,138,112
2018-03-15 18:45:00,138,93
2018-03-15 19:00:00,138,125
2018-03-15 19:15:00,138,125
2018-03-15 19:30:00,138,128
2018-03-15 19:45:00,138,124
2018-03-15 20:00:00,138,113
2018-03-15 20:15:00,138,96
2018-03-15 20:30:00,138,95
2018-03-15 20:45:00,138,106
2018-03-15 21:00:00,138,80
2018-03-15 21:15:00,138,83
2018-03-15 21:30:00,138,91
2018-03-15 21:45:00,138,129
2018-03-15 22:00:00,138,169
2018-03-15 22:15:00,138,153
2018-03-15 22:30:00,138,103
2018-03-15 22:45:00,138,67
2018-03-15 23:00:00,138,83
2018-03-15 23:15:00,138,66
2018-03-15 23:30:00,138,75
2018-03-15 23:45:00,138,60
2018-03-16 00:00:00,138,46
2018-03-16 00:15:00,138,49
2018-03-16 00:30:00,138,36
2018-03-16 00:45:00,138,46
2018-03-16 01:00:00,138,35
2018-03-16 01:15:00,138,29
2018-03-16 01:30:00,138,44
2018-03-16 01:45:00,138,50
2018-03-16 02:00:00,138,29
2018-03-16 02:15:00,138,45
2018-03-16 02:30:00,138,40
2018-03-16 02:45:00,138,40
2018-03-16 03:00:00,138,45
2018-03-16 03:15:00,138,33
2018-03-16 03:30:00,138,46
2018-03-16 03:45:00,138,36
2018-03-16 04:00:00,138,54
2018-03-16 04:15:00,138,73
2018-03-16 04:30:00,138,137
2018-03-16 04:45:00,138,132
2018-03-16 05:00:00,138,158
2018-03-16 05:15:00,138,166
2018-03-16 05:30:00,138,117
2018-03-16 05:45:00,138,128
2018-03-16 06:00:00,138,118
2018-03-16 06:15:00,138,161
2018-03-16 06:30:00,138,138
2018-03-16 06:45:00,138,137
2018-03-16 07:00:00,138,143
2018-03-16 07:15:00,138,131
2018-03-16 07:30:00,138,129
2018-03-16 07:45:00,138,129
2018-03-16 08:00:00,138,115
2018-03-16 08:15:00,138,132
2018-03-16 08:30:00,138,131
2018-03-16 08:45:00,138,134
2018-03-16 09:00:00,138,136
2018-03-16 09:15:00,138,136
2018-03-16 09:30:00,138,120
2018-03-16 09:45:00,138,92
2018-03-16 10:00:00,138,115
2018-03-16 10:15:00,138,116
2018-03-16 10:30:00,138,108
2018-03-16 10:45:00,138,105
2018-03-16 11:00:00,138,123
2018-03-16 11:15:00,138,115
2018-03-16 11:30:00,138,113
2018-03-16 11:45:00,138,125
2018-03-16 12:00:00,138,119
2018-03-16 12:15:00,138,113
2018-03-16 12:30:00,138,119
2018-03-16 12:45:00,138,113
2018-03-16 13:00:00,138,114
2018-03-16 13:15:00,138,109
2018-03-16 13:30:00,138,110
2018-03-16 13:45:00,138,140
2018-03-16 14:00:00,138,116
2018-03-16 14:15:00,138,117
2018-03-16 14:30:00,138,117
2018-03-16 14:45:00,138,128
2018-03-16 15:00:00,138,135
2018-03-16 15:15:00,138,146
2018-03-16 15:30:00,138,112
2018-03-16 15:45:00,138,122
2018-03-16 16:00:00,138,111
2018-03-16 16:15:00,138,141
2018-03-16 16:30:00,138,132
2018-03-16 16:45:00,138,121
2018-03-16 17:00:00,138,140
2018-03-16 17:15:00,138,135
2018-03-16 17:30:00,138,158
2018-03-16 17:45:00,138,119
2018-03-16 18:00:00,138,133
2018-03-16 18:15:00,138,106
2018-03-16 18:30:00,138,150
2018-03-16 18:45:00,138,92
2018-03-16 19:00:00,138,124
2018-03-16 19:15:00,138,100
2018-03-16 19:30:00,138,112
2018-03-16 19:45:00,138,102
2018-03-16 20:00:00,138,105
2018-03-16 20:15:00,138,111
2018-03-16 20:30:00,138,116
2018-03-16 20:45:00,138,111
2018-03-16 21:00:00,138,123
2018-03-16 21:15:00,138,82
2018-03-16 21:30:00,138,85
2018-03-16 21:45:00,138,100
2018-03-16 22:00:00,138,78
2018-03-16 22:15:00,138,80
2018-03-16 22:30:00,138,94
2018-03-16 22:45:00,138,67
2018-03-16 23:00:00,138,60
2018-03-16 23:15:00,138,63
2018-03-16 23:30:00,138,68
2018-03-16 23:45:00,138,74
2018-03-17 00:00:00,138,67
2018-03-17 00:15:00,138,61
2018-03-17 00:30:00,138,59
2018-03-17 00:45:00,138,43
2018-03-17 01:00:00,138,46
2018-03-17 01:15:00,138,32
2018-03-17 01:30:00,138,45
2018-03-17 01:45:00,138,44
2018-03-17 02:00:00,138,42
2018-03-17 02:15:00,138,39
2018-03-17 02:30:00,138,51
2018-03-17 02:45:00,138,27
2018-03-17 03:00:00,138,53
2018-03-17 03:15:00,138,72
2018-03-17 03:30:00,138,60
2018-03-17 03:45:00,138,52
2018-03-17 04:00:00,138,68
2018-03-17 04:15:00,138,54
2018-03-17 04:30:00,138,90
2018-03-17 04:45:00,138,92
2018-03-17 05:00:00,138,111
2018-03-17 05:15:00,138,132
2018-03-17 05:30:00,138,137
2018-03-17 05:45:00,138,122
2018-03-17 06:00:00,138,147
2018-03-17 06:15:00,138,126
2018-03-17 06:30:00,138,160
2018-03-17 06:45:00,138,118
2018-03-17 07:00:00,138,110
2018-03-17 07:15:00,138,117
2018-03-17 07:30:00,138,102
2018-03-17 07:45:00,138,111
2018-03-17 08:00:00,138,122
2018-03-17 08:15:00,138,102
2018-03-17 08:30:00,138,109
2018-03-17 08:45:00,138,122
2018-03-17 09:00:00,138,101
2018-03-17 09:15:00,138,149
2018-03-17 09:30:00,138,89
2018-03-17 09:45:00,138,126
2018-03-17 10:00:00,138,106
2018-03-17 10:15:00,138,102
2018-03-17 10:30:00,138,115
2018-03-17 10:45:00,138,132
2018-03-17 11:00:00,138,86
2018-03-17 11:15:00,138,101
2018-03-17 11:30:00,138,112
2018-03-17 11:45:00,138,126
2018-03-17 12:00:00,138,114
2018-03-17 12:15:00,138,113
2018-03-17 12:30:00,138,105
2018-03-17 12:45:00,138,129
2018-03-17 13:00:00,138,135
2018-03-17 13:15:00,138,120
2018-03-17 13:30:00,138,133
2018-03-17 13:45:00,138,117
2018-03-17 14:00:00,138,146
2018-03-17 14:15:00,138,144
2018-03-17 14:30:00,138,125
2018-03-17 14:45:00,138,111
2018-03-17 15:00:00,138,127
2018-03-17 15:15:00,138,123
2018-03-17 15:30:00,138,113
2018-03-17 15:45:00,138,132
2018-03-17 16:00:00,138,139
2018-03-17 16:15:00,138,153
2018-03-17 16:30:00,138,137
2018-03-17 16:45:00,138,139
2018-03-17 17:00:00,138,121
2018-03-17 17:15:00,138,138
2018-03-17 17:30:00,138,118
2018-03-17 17:45:00,138,106
2018-03-17 18:00:00,138,125
2018-03-17 18:15:00,138,122
2018-03-17 18:30:00,138,132
2018-03-17 18:45:00,138,133
2018-03-17 19:00:00,138,129
2018-03-17 19:15:00,138,121
2018-03-17 19:30:00,138,129
2018-03-17 19:45:00,138,117
2018-03-17 20:00:00,138,131
2018-03-17 20:15:00,138,132
2018-03-17 20:30:00,138,116
2018-03-17 20:45:00,138,89
2018-03-17 21:00:00,138,86
2018-03-17 21:15:00,138,121
2018-03-17 21:30:00,138,98
2018-03-17 21:45:00,138,99
2018-03-17 22:00:00,138,89
2018-03-17 22:15:00,138,111
2018-03-17 22:30:00,138,88
2018-03-17 22:45:00,138,71
2018-03-17 23:00:00,138,110
2018-03-17 23:15:00,138,100
2018-03-17 23:30:00,138,108
2018-03-17 23:45:00,138,88
2018-03-18 00:00:00,138,74
2018-03-18 00:15:00,138,69
2018-03-18 00:30:00,138,57
2018-03-18 00:45:00,138,44
2018-03-18 01:00:00,138,46
2018-03-18 01:15:00,138,62
2018-03-18 01:30:00,138,57
2018-03-18 01:45:00,138,44
2018-03-18 02:00:00,138,37
2018-03-18 02:15:00,138,42
2018-03-18 02:30:00,138,40
2018-03-18 02:45:00,138,40
2018-03-18 03:00:00,138,52
2018-03-18 03:15:00,138,53
2018-03-18 03:30:00,138,44
2018-03-18 03:45:00,138,48
2018-03-18 04:00:00,138,58
2018-03-18 04:15:00,138,90
2018-03-18 04:30:00,138,127
2018-03-18 04:45:00,138,112
2018-03-18 05:00:00,138,116
2018-03-18 05:15:00,138,137
2018-03-18 05:30:00,138,140
2018-03-18 05:45:00,138,115
2018-03-18 06:00:00,138,126
2018-03-18 06:15:00,138,129
2018-03-18 06:30:00,138,143
2018-03-18 06:45:00,138,131
2018-03-18 07:00:00,138,114
2018-03-18 07:15:00,138,111
2018-03-18 07:30:00,138,116
2018-03-18 07:45:00,138,119
2018-03-18 08:00:00,138,109
2018-03-18 08:15:00,138,112
2018-03-18 08:30:00,138,131
2018-03-18 08:45:00,138,100
2018-03-18 09:00:00,138,118
2018-03-18 09:15:00,138,127
2018-03-18 09:30:00,138,102
2018-03-18 09:45:00,138,100
2018-03-18 10:00:00,138,94
2018-03-18 10:15:00,138,111
2018-03-18 10:30:00,138,123
2018-03-18 10:45:00,138,122
2018-03-18 11:00:00,138,99
2018-03-18 11:15:00,138,106
2018-03-18 11:30:00,138,134
2018-03-18 11:45:00,138,105
2018-03-18 12:00:00,138,92
2018-03-18 12:15:00,138,134
2018-03-18 12:30:00,138,106
2018-03-18 12:45:00,138,111
2018-03-18 13:00:00,138,127
2018-03-18 13:15:00,138,120
2018-03-18 13:30:00,138,135
2018-03-18 13:45:00,138,106
2018-03-18 14:00:00,138,122
2018-03-18 14:15:00,138,117
2018-03-18 14:30:00,138,139
2018-03-18 14:45:00,138,85
2018-03-18 15:00:00,138,113
2018-03-18 15:15:00,138,126
2018-03-18 15:30:00,138,126
2018-03-18 15:45:00,138,114
2018-03-18 16:00:00,138,113
2018-03-18 16:15:00,138,116
2018-03-18 16:30:00,138,117
2018-03-18 16:45:00,138,137
2018-03-18 17:00:00,138,113
2018-03-18 17:15:00,138,121
2018-03-18 17:30:00,138,114
2018-03-18 17:45:00,138,125
2018-03-18 18:00:00,138,116
2018-03-18 18:15:00,138,105
2018-03-18 18:30:00,138,103
2018-03-18 18:45:00,138,122
2018-03-18 19:00:00,138,118
2018-03-18 19:15:00,138,126
2018-03-18 19:30:00,138,123
2018-03-18 19:45:00,138,136
2018-03-18 20:00:00,138,123
2018-03-18 20:15:00,138,113
2018-03-18 20:30:00,138,100
2018-03-18 20:45:00,138,112
2018-03-18 21:00:00,138,123
2018-03-18 21:15:00,138,108
2018-03-18 21:30:00,138,111
2018-03-18 21:45:00,138,109
2018-03-18 22:00:00,138,100
2018-03-18 22:15:00,138,104
2018-03-18 22:30:00,138,115
2018-03-18 22:45:00,138,103
2018-03-18 23:00:00,138,112
2018-03-18 23:15:00,138,103
2018-03-18 23:30:00,138,98
2018-03-18 23:45:00,138,83
2018-09-14 08:00:00,72887,227
2018-09-14 08:15:00,72887,240
2018-09-14 08:30:00,72887,195
2018-09-14 08:45:00,72887,198
2018-09-14 09:00:00,72887,193
2018-09-14 09:15:00,72887,186
2018-09-14 09:30:00,72887,202
2018-09-14 09:45:00,72887,178
2018-09-14 10:00:00,72887,220
2018-09-14 10:15:00,72887,193
2018-09-14 10:30:00,72887,185
2018-09-14 10:45:00,72887,193
2018-09-14 11:00:00,72887,201
2018-09-14 11:15:00,72887,224
2018-09-14 11:30:00,72887,183
2018-09-14 11:45:00,72887,216
2018-09-14 12:00:00,72887,221
2018-09-14 12:15:00,72887,233
2018-09-14 12:30:00,72887,213
2018-09-14 12:45:00,72887,261
2018-09-14 13:00:00,72887,199
2018-09-14 13:15:00,72887,180
2018-09-14 13:30:00,72887,205
2018-09-14 13:45:00,72887,204
2018-09-14 14:00:00,72887,221
2018-09-14 14:15:00,72887,215
2018-09-14 14:30:00,72887,226
2018-09-14 14:45:00,72887,221
2018-09-14 15:00:00,72887,262
2018-09-14 15:15:00,72887,172
2018-09-14 15:30:00,72887,205
2018-09-14 15:45:00,72887,175
2018-09-14 16:00:00,72887,205
2018-09-14 16:15:00,72887,222
2018-09-14 16:30:00,72887,194
2018-09-14 16:45:00,72887,229
2018-09-14 17:00:00,72887,212
2018-09-14 17:15:00,72887,174
2018-09-14 17:30:00,72887,208
2018-09-14 17:45:00,72887,264
2018-09-14 18:00:00,72887,227
2018-09-14 18:15:00,72887,213
2018-09-14 18:30:00,72887,196
2018-09-14 18:45:00,72887,181
2018-09-14 19:00:00,72887,221
2018-09-14 19:15:00,72887,244
2018-09-14 19:30:00,72887,205
2018-09-14 19:45:00,72887,195
2018-09-14 20:00:00,72887,242
2018-09-14 20:15:00,72887,207
2018-09-14 20:30:00,72887,226
2018-09-14 20:45:00,72887,257
2018-09-14 21:00:00,72887,224
2018-09-14 21:15:00,72887,247
2018-09-14 21:30:00,72887,248
2018-09-14 21:45:00,72887,253
2018-09-14 22:00:00,72887,246
2018-09-14 22:15:00,72887,272
2018-09-14 22:30:00,72887,220
2018-09-14 22:45:00,72887,234
2018-09-14 23:00:00,72887,252
2018-09-14 23:15:00,72887,247
2018-09-14 23:30:00,72887,244
2018-09-14 23:45:00,72887,257
2018-09-15 00:00:00,72887,231
2018-09-15 00:15:00,72887,225
2018-09-15 00:30:00,72887,241
2018-09-15 00:45:00,72887,213
2018-09-15 01:00:00,72887,240
2018-09-15 01:15:00,72887,218
2018-09-15 01:30:00,72887,125
2018-09-15 01:45:00,72887,112
2018-09-15 02:00:00,72887,151
2018-09-15 02:15:00,72887,140
2018-09-15 02:30:00,72887,168
2018-09-15 02:45:00,72887,145
2018-09-15 03:00:00,72887,154
2018-09-15 03:15:00,72887,152
2018-09-15 03:30:00,72887,147
2018-09-15 03:45:00,72887,175
2018-09-15 04:00:00,72887,221
2018-09-15 04:15:00,72887,235
2018-09-15 04:30:00,72887,208
2018-09-15 04:45:00,72887,192
2018-09-15 05:00:00,72887,158
2018-09-15 05:15:00,72887,116
2018-09-15 05:30:00,72887,112
2018-09-15 05:45:00,72887,122
2018-09-15 06:00:00,72887,102
2018-09-15 06:15:00,72887,133
2018-09-15 06:30:00,72887,134
2018-09-15 06:45:00,72887,127
2019-05-12 00:00:00,83624,91
2019-05-12 00:15:00,83624,60
2019-05-12 00:30:00,83624,61
2019-05-12 00:45:00,83624,55
2019-05-12 01:00:00,83624,50
2019-05-12 01:15:00,83624,49
2019-05-12 01:30:00,83624,47
2019-05-12 01:45:00,83624,39
2019-05-12 02:00:00,83624,31
2019-05-12 02:15:00,83624,26
2019-05-12 02:30:00,83624,39
2019-05-12 02:45:00,83624,31
2019-05-12 03:00:00,83624,39
2019-05-12 03:15:00,83624,25
2019-05-12 03:30:00,83624,29
2019-05-12 03:45:00,83624,27
2019-05-12 04:00:00,83624,19
2019-05-12 04:15:00,83624,34
2019-05-12 04:30:00,83624,36
2019-05-12 04:45:00,83624,30
2019-05-12 05:00:00,83624,21
2019-05-12 05:15:00,83624,20
2019-05-12 05:30:00,83624,27
2019-05-12 05:45:00,83624,28
2019-05-12 06:00:00,83624,30
2019-05-12 06:15:00,83624,30
2019-05-12 06:30:00,83624,29
2019-05-12 06:45:00,83624,43
2019-05-12 07:00:00,83624,37
2019-05-12 07:15:00,83624,31
2019-05-12 07:30:00,83624,36
2019-05-12 07:45:00,83624,48
2019-05-12 08:00:00,83624,40
2019-05-12 08:15:00,83624,55
2019-05-12 08:30:00,83624,50
2019-05-12 08:45:00,83624,59
2019-05-12 09:00:00,83624,54
2019-05-12 09:15:00,83624,51
2019-05-12 09:30:00,83624,68
2019-05-12 09:45:00,83624,79
2019-05-12 10:00:00,83624,84
2019-05-12 10:15:00,83624,92
2019-05-12 10:30:00,83624,87
2019-05-12 10:45:00,83624,92
2019-05-12 11:00:00,83624,87
2019-05-12 11:15:00,83624,102
2019-05-12 11:30:00,83624,96
2019-05-12 11:45:00,83624,113
2019-05-12 12:00:00,83624,93
2019-05-12 12:15:00,83624,121
2019-05-12 12:30:00,83624,104
2019-05-12 12:45:00,83624,100
2019-05-12 13:00:00,83624,119
2019-05-12 13:15:00,83624,127
2019-05-12 13:30:00,83624,115
2019-05-12 13:45:00,83624,137
2019-05-12 14:00:00,83624,111
2019-05-12 14:15:00,83624,122
2019-05-12 14:30:00,83624,127
2019-05-12 14:45:00,83624,123
2019-05-12 15:00:00,83624,156
2019-05-12 15:15:00,83624,149
2019-05-12 15:30:00,83624,117
2019-05-12 15:45:00,83624,122
2019-05-12 16:00:00,83624,114
2019-05-12 16:15:00,83624,111
2019-05-12 16:30:00,83624,96
2019-05-12 16:45:00,83624,117
2019-05-12 17:00:00,83624,100
2019-05-12 17:15:00,83624,88
2019-05-12 17:30:00,83624,99
2019-05-12 17:45:00,83624,96
2019-05-12 18:00:00,83624,107
2019-05-12 18:15:00,83624,92
2019-05-12 18:30:00,83624,101
2019-05-12 18:45:00,83624,99
2019-05-12 19:00:00,83624,102
2019-05-12 19:15:00,83624,110
2019-05-12 19:30:00,83624,102
2019-05-12 19:45:00,83624,99
2019-05-12 20:00:00,83624,101
2019-05-12 20:15:00,83624,82
2019-05-12 20:30:00,83624,106
2019-05-12 20:45:00,83624,84
2019-05-12 21:00:00,83624,101
2019-05-12 21:15:00,83624,92
2019-05-12 21:30:00,83624,77
2019-05-12 21:45:00,83624,54
2019-05-12 22:00:00,83624,74
2019-05-12 22:15:00,83624,68
2019-05-12 22:30:00,83624,85
2019-05-12 22:45:00,83624,77
2019-05-12 23:00:00,83624,64
2019-05-12 23:15:00,83624,45
2019-05-12 23:30:00,83624,73
2019-05-12 23:45:00,83624,41
2019-05-13 00:00:00,83624,27
2019-05-13 00:15:00,83624,34
2019-05-13 00:30:00,83624,29
2019-05-13 00:45:00,83624,21
2019-05-13 01:00:00,83624,22
2019-05-13 01:15:00,83624,19
2019-05-13 01:30:00,83624,28
2019-05-13 01:45:00,83624,8
2019-05-13 02:00:00,83624,22
2019-05-13 02:15:00,83624,10
2019-05-13 02:30:00,83624,8
2019-05-13 02:45:00,83624,13
2019-05-13 03:00:00,83624,12
2019-05-13 03:15:00,83624,19
2019-05-13 03:30:00,83624,17
2019-05-13 03:45:00,83624,12
2019-05-13 04:00:00,83624,14
2019-05-13 04:15:00,83624,11
2019-05-13 04:30:00,83624,25
2019-05-13 04:45:00,83624,23
2019-05-13 05:00:00,83624,18
2019-05-13 05:15:00,83624,29
2019-05-13 05:30:00,83624,31
2019-05-13 05:45:00,83624,40
2019-05-13 06:00:00,83624,80
2019-05-13 06:15:00,83624,74
2019-05-13 06:30:00,83624,84
2019-05-13 06:45:00,83624,104
2019-05-13 07:00:00,83624,120
2019-05-13 07:15:00,83624,156
2019-05-13 07:30:00,83624,153
2019-05-13 07:45:00,83624,169
2019-05-13 08:00:00,83624,154
2019-05-13 08:15:00,83624,160
2019-05-13 08:30:00,83624,129
2019-05-13 08:45:00,83624,128
2019-05-13 09:00:00,83624,91
2019-05-13 09:15:00,83624,105
2019-05-13 09:30:00,83624,110
2019-05-13 09:45:00,83624,99
2019-05-13 10:00:00,83624,96
2019-05-13 10:15:00,83624,100
2019-05-13 10:30:00,83624,101
2019-05-13 10:45:00,83624,100
2019-05-13 11:00:00,83624,82
2019-05-13 11:15:00,83624,87
2019-05-13 11:30:00,83624,82
2019-05-13 11:45:00,83624,87
2019-05-13 12:00:00,83624,112
2019-05-13 12:15:00,83624,76
2019-05-13 12:30:00,83624,29
2019-05-13 12:45:00,83624,115
2019-05-13 13:00:00,83624,88
2019-05-13 13:15:00,83624,96
2019-05-13 13:30:00,83624,103
2019-05-13 13:45:00,83624,105
2019-05-13 14:00:00,83624,126
2019-05-13 14:15:00,83624,128
2019-05-13 14:30:00,83624,147
2019-05-13 14:45:00,83624,122
2019-05-13 15:00:00,83624,145
2019-05-13 15:15:00,83624,169
2019-05-13 15:30:00,83624,148
2019-05-13 15:45:00,83624,171
2019-05-13 16:00:00,83624,163
2019-05-13 16:15:00,83624,161
2019-05-13 16:30:00,83624,162
2019-05-13 16:45:00,83624,175
2019-05-13 17:00:00,83624,161
2019-05-13 17:15:00,83624,181
2019-05-13 17:30:00,83624,164
2019-05-13 17:45:00,83624,163
2019-05-13 18:00:00,83624,124
2019-05-13 18:15:00,83624,193
2019-05-13 18:30:00,83624,181
2019-05-13 18:45:00,83624,119
2019-05-13 19:00:00,83624,175
2019-05-13 19:15:00,83624,144
2019-05-13 19:30:00,83624,99
2019-05-13 19:45:00,83624,108
2019-05-13 20:00:00,83624,101
2019-05-13 20:15:00,83624,85
2019-05-13 20:30:00,83624,85
2019-05-13 20:45:00,83624,81
2019-05-13 21:00:00,83624,96
2019-05-13 21:15:00,83624,75
2019-05-13 21:30:00,83624,65
2019-05-13 21:45:00,83624,74
2019-05-13 22:00:00,83624,63
2019-05-13 22:15:00,83624,53
2019-05-13 22:30:00,83624,57
2019-05-13 22:45:00,83624,49
2019-05-13 23:00:00,83624,49
2019-05-13 23:15:00,83624,44
2019-05-13 23:30:00,83624,47
2019-05-13 23:45:00,83624,33
2019-05-14 00:00:00,83624,36
2019-05-14 00:15:00,83624,38
2019-05-14 00:30:00,83624,24
2019-05-14 00:45:00,83624,23
2019-05-14 01:00:00,83624,23
2019-05-14 01:15:00,83624,21
2019-05-14 01:30:00,83624,20
2019-05-14 01:45:00,83624,15
2019-05-14 02:00:00,83624,21
2019-05-14 02:15:00,83624,21
2019-05-14 02:30:00,83624,19
2019-05-14 02:45:00,83624,13
2019-05-14 03:00:00,83624,11
2019-05-14 03:15:00,83624,11
2019-05-14 03:30:00,83624,10
2019-05-14 03:45:00,83624,13
2019-05-14 04:00:00,83624,21
2019-05-14 04:15:00,83624,17
2019-05-14 04:30:00,83624,25
2019-05-14 04:45:00,83624,30
2019-05-14 05:00:00,83624,27
2019-05-14 05:15:00,83624,21
2019-05-14 05:30:00,83624,38
2019-05-14 05:45:00,83624,61
2019-05-14 06:00:00,83624,80
2019-05-14 06:15:00,83624,86
2019-05-14 06:30:00,83624,104
2019-05-14 06:45:00,83624,108
2019-05-14 07:00:00,83624,119
2019-05-14 07:15:00,83624,187
2019-05-14 07:30:00,83624,169
2019-05-14 07:45:00,83624,149
2019-05-14 08:00:00,83624,183
2019-05-14 08:15:00,83624,161
2019-05-14 08:30:00,83624,162
2019-05-14 08:45:00,83624,134
2019-05-14 09:00:00,83624,113
2019-05-14 09:15:00,83624,98
2019-05-14 09:30:00,83624,107
2019-05-14 09:45:00,83624,95
2019-05-14 10:00:00,83624,84
2019-05-14 10:15:00,83624,75
2019-05-14 10:30:00,83624,103
2019-05-14 10:45:00,83624,88
2019-05-14 11:00:00,83624,91
2019-05-14 11:15:00,83624,67
2019-05-14 11:30:00,83624,89
2019-05-14 11:45:00,83624,92
2019-05-14 12:00:00,83624,104
2019-05-14 12:15:00,83624,77
2019-05-14 12:30:00,83624,94
2019-05-14 12:45:00,83624,104
2019-05-14 13:00:00,83624,106
2019-05-14 13:15:00,83624,78
2019-05-14 13:30:00,83624,94
2019-05-14 13:45:00,83624,91
2019-05-14 14:00:00,83624,105
2019-05-14 14:15:00,83624,124
2019-05-14 14:30:00,83624,131
2019-05-14 14:45:00,83624,118
2019-05-14 15:00:00,83624,127
2019-05-14 15:15:00,83624,133
2019-05-14 15:30:00,83624,148
2019-05-14 15:45:00,83624,124
2019-05-14 16:00:00,83624,163
2019-05-14 16:15:00,83624,151
2019-05-14 16:30:00,83624,141
2019-05-14 16:45:00,83624,170
2019-05-14 17:00:00,83624,155
2019-05-14 17:15:00,83624,198
2019-05-14 17:30:00,83624,177
2019-05-14 17:45:00,83624,147
2019-05-14 18:00:00,83624,157
2019-05-14 18:15:00,83624,151
2019-05-14 18:30:00,83624,156
2019-05-14 18:45:00,83624,150
2019-05-14 19:00:00,83624,134
2019-05-14 19:15:00,83624,118
2019-05-14 19:30:00,83624,126
2019-05-14 19:45:00,83624,128
2019-05-14 20:00:00,83624,109
2019-05-14 20:15:00,83624,93
2019-05-14 20:30:00,83624,111
2019-05-14 20:45:00,83624,75
2019-05-14 21:00:00,83624,73
2019-05-14 21:15:00,83624,75
2019-05-14 21:30:00,83624,65
2019-05-14 21:45:00,83624,71
2019-05-14 22:00:00,83624,53
2019-05-14 22:15:00,83624,59
2019-05-14 22:30:00,83624,50
2019-05-14 22:45:00,83624,39
2019-05-14 23:00:00,83624,51
2019-05-14 23:15:00,83624,38
2019-05-14 23:30:00,83624,28
2019-05-14 23:45:00,83624,24
2019-05-15 00:00:00,83624,24
2019-05-15 00:15:00,83624,20
2019-05-15 00:30:00,83624,29
2019-05-15 00:45:00,83624,25
2019-05-15 01:00:00,83624,17
2019-05-15 01:15:00,83624,16
2019-05-15 01:30:00,83624,17
2019-05-15 01:45:00,83624,11
2019-05-15 02:00:00,83624,15
2019-05-15 02:15:00,83624,7
2019-05-15 02:30:00,83624,13
2019-05-15 02:45:00,83624,13
2019-05-15 03:00:00,83624,21
2019-05-15 03:15:00,83624,9
2019-05-15 03:30:00,83624,12
2019-05-15 03:45:00,83624,14
2019-05-15 04:00:00,83624,9
2019-05-15 04:15:00,83624,16
2019-05-15 04:30:00,83624,19
2019-05-15 04:45:00,83624,27
2019-05-15 05:00:00,83624,22
2019-05-15 05:15:00,83624,30
2019-05-15 05:30:00,83624,33
2019-05-15 05:45:00,83624,45
2019-05-15 06:00:00,83624,71
2019-05-15 06:15:00,83624,82
2019-05-15 06:30:00,83624,84
2019-05-15 06:45:00,83624,95
2019-05-15 07:00:00,83624,135
2019-05-15 07:15:00,83624,144
2019-05-15 07:30:00,83624,176
2019-05-15 07:45:00,83624,163
2019-05-15 08:00:00,83624,165
2019-05-15 08:15:00,83624,158
2019-05-15 08:30:00,83624,145
2019-05-15 08:45:00,83624,117
2019-05-15 09:00:00,83624,87
2019-05-15 09:15:00,83624,98
2019-05-15 09:30:00,83624,96
2019-05-15 09:45:00,83624,87
2019-05-15 10:00:00,83624,89
2019-05-15 10:15:00,83624,53
2019-05-15 10:30:00,83624,108
2019-05-15 10:45:00,83624,83
2019-05-15 11:00:00,83624,81
2019-05-15 11:15:00,83624,76
2019-05-15 11:30:00,83624,87
2019-05-15 11:45:00,83624,110
2019-05-15 12:00:00,83624,92
2019-05-15 12:15:00,83624,93
2019-05-15 12:30:00,83624,92
2019-05-15 12:45:00,83624,88
2019-05-15 13:00:00,83624,109
2019-05-15 13:15:00,83624,86
2019-05-15 13:30:00,83624,110
2019-05-15 13:45:00,83624,99
2019-05-15 14:00:00,83624,104
2019-05-15 14:15:00,83624,129
2019-05-15 14:30:00,83624,150
2019-05-15 14:45:00,83624,139
2019-05-15 15:00:00,83624,150
2019-05-15 15:15:00,83624,145
2019-05-15 15:30:00,83624,120
2019-05-15 15:45:00,83624,138
2019-05-15 16:00:00,83624,142
2019-05-15 16:15:00,83624,148
2019-05-15 16:30:00,83624,176
2019-05-15 16:45:00,83624,191
2019-05-15 17:00:00,83624,184
2019-05-15 17:15:00,83624,184
2019-05-15 17:30:00,83624,178
2019-05-15 17:45:00,83624,202
2019-05-15 18:00:00,83624,195
2019-05-15 18:15:00,83624,191
2019-05-15 18:30:00,83624,178
2019-05-15 18:45:00,83624,172
2019-05-15 19:00:00,83624,174
2019-05-15 19:15:00,83624,124
2019-05-15 19:30:00,83624,149
2019-05-15 19:45:00,83624,144
2019-05-15 20:00:00,83624,144
2019-05-15 20:15:00,83624,119
2019-05-15 20:30:00,83624,130
2019-05-15 20:45:00,83624,77
2019-05-15 21:00:00,83624,108
2019-05-15 21:15:00,83624,90
2019-05-15 21:30:00,83624,66
2019-05-15 21:45:00,83624,74
2019-05-15 22:00:00,83624,82
2019-05-15 22:15:00,83624,53
2019-05-15 22:30:00,83624,62
2019-05-15 22:45:00,83624,67
2019-05-15 23:00:00,83624,51
2019-05-15 23:15:00,83624,39
2019-05-15 23:30:00,83624,35
2019-05-15 23:45:00,83624,44
2019-05-16 00:00:00,83624,29
2019-05-16 00:15:00,83624,37
2019-05-16 00:30:00,83624,32
2019-05-16 00:45:00,83624,24
2019-05-16 01:00:00,83624,25
2019-05-16 01:15:00,83624,23
2019-05-16 01:30:00,83624,20
2019-05-16 01:45:00,83624,20
2019-05-16 02:00:00,83624,10
2019-05-16 02:15:00,83624,17
2019-05-16 02:30:00,83624,16
2019-05-16 02:45:00,83624,15
2019-05-16 03:00:00,83624,14
2019-05-16 03:15:00,83624,9
2019-05-16 03:30:00,83624,18
2019-05-16 03:45:00,83624,13
2019-05-16 04:00:00,83624,9
2019-05-16 04:15:00,83624,9
2019-05-16 04:30:00,83624,27
2019-05-16 04:45:00,83624,28
2019-05-16 05:00:00,83624,30
2019-05-16 05:15:00,83624,35
2019-05-16 05:30:00,83624,44
2019-05-16 05:45:00,83624,46
2019-05-16 06:00:00,83624,72
2019-05-16 06:15:00,83624,70
2019-05-16 06:30:00,83624,101
2019-05-16 06:45:00,83624,127
2019-05-16 07:00:00,83624,146
2019-05-16 07:15:00,83624,159
2019-05-16 07:30:00,83624,166
2019-05-16 07:45:00,83624,165
2019-05-16 08:00:00,83624,150
2019-05-16 08:15:00,83624,162
2019-05-16 08:30:00,83624,139
2019-05-16 08:45:00,83624,118
2019-05-16 09:00:00,83624,108
2019-05-16 09:15:00,83624,111
2019-05-16 09:30:00,83624,58
2019-05-16 09:45:00,83624,79
2019-05-16 10:00:00,83624,105
2019-05-16 10:15:00,83624,87
2019-05-16 10:30:00,83624,96
2019-05-16 10:45:00,83624,105
2019-05-16 11:00:00,83624,89
2019-05-16 11:15:00,83624,85
2019-05-16 11:30:00,83624,114
2019-05-16 11:45:00,83624,91
2019-05-16 12:00:00,83624,94
2019-05-16 12:15:00,83624,97
2019-05-16 12:30:00,83624,78
2019-05-16 12:45:00,83624,104
2019-05-16 13:00:00,83624,93
2019-05-16 13:15:00,83624,94
2019-05-16 13:30:00,83624,99
2019-05-16 13:45:00,83624,103
2019-05-16 14:00:00,83624,126
2019-05-16 14:15:00,83624,132
2019-05-16 14:30:00,83624,150
2019-05-16 14:45:00,83624,118
2019-05-16 15:00:00,83624,136
2019-05-16 15:15:00,83624,148
2019-05-16 15:30:00,83624,119
2019-05-16 15:45:00,83624,113
2019-05-16 16:00:00,83624,132
2019-05-16 16:15:00,83624,144
2019-05-16 16:30:00,83624,116
2019-05-16 16:45:00,83624,135
2019-05-16 17:00:00,83624,154
2019-05-16 17:15:00,83624,160
2019-05-16 17:30:00,83624,169
2019-05-16 17:45:00,83624,154
2019-05-16 18:00:00,83624,158
2019-05-16 18:15:00,83624,156
2019-05-16 18:30:00,83624,153
2019-05-16 18:45:00,83624,155
2019-05-16 19:00:00,83624,121
2019-05-16 19:15:00,83624,133
2019-05-16 19:30:00,83624,140
2019-05-16 19:45:00,83624,87
2019-05-16 20:00:00,83624,90
2019-05-16 20:15:00,83624,136
2019-05-16 20:30:00,83624,108
2019-05-16 20:45:00,83624,103
2019-05-16 21:00:00,83624,75
2019-05-16 21:15:00,83624,99
2019-05-16 21:30:00,83624,80
2019-05-16 21:45:00,83624,71
2019-05-16 22:00:00,83624,70
2019-05-16 22:15:00,83624,64
2019-05-16 22:30:00,83624,70
2019-05-16 22:45:00,83624,64
2019-05-16 23:00:00,83624,57
2019-05-16 23:15:00,83624,49
2019-05-16 23:30:00,83624,33
2019-05-16 23:45:00,83624,38
2019-05-17 00:00:00,83624,49
2019-05-17 00:15:00,83624,51
2019-05-17 00:30:00,83624,28
2019-05-17 00:45:00,83624,25
2019-05-17 01:00:00,83624,31
2019-05-17 01:15:00,83624,24
2019-05-17 01:30:00,83624,13
2019-05-17 01:45:00,83624,15
2019-05-17 02:00:00,83624,22
2019-05-17 02:15:00,83624,13
2019-05-17 02:30:00,83624,12
2019-05-17 02:45:00,83624,17
2019-05-17 03:00:00,83624,12
2019-05-17 03:15:00,83624,16
2019-05-17 03:30:00,83624,13
2019-05-17 03:45:00,83624,11
2019-05-17 04:00:00,83624,15
2019-05-17 04:15:00,83624,13
2019-05-17 04:30:00,83624,20
2019-05-17 04:45:00,83624,23
2019-05-17 05:00:00,83624,30
2019-05-17 05:15:00,83624,45
2019-05-17 05:30:00,83624,37
2019-05-17 05:45:00,83624,49
2019-05-17 06:00:00,83624,68
2019-05-17 06:15:00,83624,82
2019-05-17 06:30:00,83624,69
2019-05-17 06:45:00,83624,120
2019-05-17 07:00:00,83624,144
2019-05-17 07:15:00,83624,154
2019-05-17 07:30:00,83624,143
2019-05-17 07:45:00,83624,154
2019-05-17 08:00:00,83624,131
2019-05-17 08:15:00,83624,159
2019-05-17 08:30:00,83624,129
2019-05-17 08:45:00,83624,140
2019-05-17 09:00:00,83624,95
2019-05-17 09:15:00,83624,101
2019-05-17 09:30:00,83624,107
2019-05-17 09:45:00,83624,92
2019-05-17 10:00:00,83624,86
2019-05-17 10:15:00,83624,107
2019-05-17 10:30:00,83624,99
2019-05-17 10:45:00,83624,114
2019-05-17 11:00:00,83624,92
2019-05-17 11:15:00,83624,97
2019-05-17 11:30:00,83624,117
2019-05-17 11:45:00,83624,104
2019-05-17 12:00:00,83624,108
2019-05-17 12:15:00,83624,95
2019-05-17 12:30:00,83624,114
2019-05-17 12:45:00,83624,113
2019-05-17 13:00:00,83624,120
2019-05-17 13:15:00,83624,89
2019-05-17 13:30:00,83624,105
2019-05-17 13:45:00,83624,121
2019-05-17 14:00:00,83624,128
2019-05-17 14:15:00,83624,153
2019-05-17 14:30:00,83624,173
2019-05-17 14:45:00,83624,142
2019-05-17 15:00:00,83624,192
2019-05-17 15:15:00,83624,161
2019-05-17 15:30:00,83624,171
2019-05-17 15:45:00,83624,141
2019-05-17 16:00:00,83624,174
2019-05-17 16:15:00,83624,179
2019-05-17 16:30:00,83624,196
2019-05-17 16:45:00,83624,196
2019-05-17 17:00:00,83624,197
2019-05-17 17:15:00,83624,202
2019-05-17 17:30:00,83624,196
2019-05-17 17:45:00,83624,200
2019-05-17 18:00:00,83624,185
2019-05-17 18:15:00,83624,174
2019-05-17 18:30:00,83624,198
2019-05-17 18:45:00,83624,198
2019-05-17 19:00:00,83624,174
2019-05-17 19:15:00,83624,150
2019-05-17 19:30:00,83624,133
2019-05-17 19:45:00,83624,154
2019-05-17 20:00:00,83624,147
2019-05-17 20:15:00,83624,135
2019-05-17 20:30:00,83624,140
2019-05-17 20:45:00,83624,128
2019-05-17 21:00:00,83624,109
2019-05-17 21:15:00,83624,118
2019-05-17 21:30:00,83624,129
2019-05-17 21:45:00,83624,89
2019-05-17 22:00:00,83624,85
2019-05-17 22:15:00,83624,82
2019-05-17 22:30:00,83624,78
2019-05-17 22:45:00,83624,88
2019-05-17 23:00:00,83624,69
2019-05-17 23:15:00,83624,55
2019-05-17 23:30:00,83624,81
2019-05-17 23:45:00,83624,47
2019-05-18 00:00:00,83624,62
2019-05-18 00:15:00,83624,40
2019-05-18 00:30:00,83624,39
2019-05-18 00:45:00,83624,38
2019-05-18 01:00:00,83624,27
2019-05-18 01:15:00,83624,40
2019-05-18 01:30:00,83624,32
2019-05-18 01:45:00,83624,34
2019-05-18 02:00:00,83624,30
2019-05-18 02:15:00,83624,26
2019-05-18 02:30:00,83624,22
2019-05-18 02:45:00,83624,25
2019-05-18 03:00:00,83624,12
2019-05-18 03:15:00,83624,29
2019-05-18 03:30:00,83624,32
2019-05-18 03:45:00,83624,19
2019-05-18 04:00:00,83624,20
2019-05-18 04:15:00,83624,20
2019-05-18 04:30:00,83624,30
2019-05-18 04:45:00,83624,28
2019-05-18 05:00:00,83624,26
2019-05-18 05:15:00,83624,33
2019-05-18 05:30:00,83624,40
2019-05-18 05:45:00,83624,49
2019-05-18 06:00:00,83624,39
2019-05-18 06:15:00,83624,62
2019-05-18 06:30:00,83624,48
2019-05-18 06:45:00,83624,58
2019-05-18 07:00:00,83624,85
2019-05-18 07:15:00,83624,68
2019-05-18 07:30:00,83624,87
2019-05-18 07:45:00,83624,77
2019-05-18 08:00:00,83624,95
2019-05-18 08:15:00,83624,82
2019-05-18 08:30:00,83624,100
2019-05-18 08:45:00,83624,88
2019-05-18 09:00:00,83624,123
2019-05-18 09:15:00,83624,129
2019-05-18 09:30:00,83624,117
2019-05-18 09:45:00,83624,123
2019-05-18 10:00:00,83624,111
2019-05-18 10:15:00,83624,133
2019-05-18 10:30:00,83624,135
2019-05-18 10:45:00,83624,138
2019-05-18 11:00:00,83624,133
2019-05-18 11:15:00,83624,130
2019-05-18 11:30:00,83624,129
2019-05-18 11:45:00,83624,139
2019-05-18 12:00:00,83624,150
2019-05-18 12:15:00,83624,150
2019-05-18 12:30:00,83624,134
2019-05-18 12:45:00,83624,144
2019-05-18 13:00:00,83624,162
2019-05-18 13:15:00,83624,144
2019-05-18 13:30:00,83624,133
2019-05-18 13:45:00,83624,150
2019-05-18 14:00:00,83624,161
2019-05-18 14:15:00,83624,173
2019-05-18 14:30:00,83624,140
2019-05-18 14:45:00,83624,175
2019-05-18 15:00:00,83624,186
2019-05-18 15:15:00,83624,165
2019-05-18 15:30:00,83624,158
2019-05-18 15:45:00,83624,195
2019-05-18 16:00:00,83624,188
2019-05-18 16:15:00,83624,171
2019-05-18 16:30:00,83624,169
2019-05-18 16:45:00,83624,170
2019-05-18 17:00:00,83624,163
2019-05-18 17:15:00,83624,180
2019-05-18 17:30:00,83624,176
2019-05-18 17:45:00,83624,140
2019-05-18 18:00:00,83624,168
2019-05-18 18:15:00,83624,170
2019-05-18 18:30:00,83624,140
2019-05-18 18:45:00,83624,160
2019-05-18 19:00:00,83624,170
2019-05-18 19:15:00,83624,148
2019-05-18 19:30:00,83624,164
2019-05-18 19:45:00,83624,144
2019-05-18 20:00:00,83624,157
2019-05-18 20:15:00,83624,134
2019-05-18 20:30:00,83624,159
2019-05-18 20:45:00,83624,137
2019-05-18 21:00:00,83624,142
2019-05-18 21:15:00,83624,127
2019-05-18 21:30:00,83624,123
2019-05-18 21:45:00,83624,120
2019-05-18 22:00:00,83624,147
2019-05-18 22:15:00,83624,130
2019-05-18 22:30:00,83624,107
2019-05-18 22:45:00,83624,105
2019-05-18 23:00:00,83624,132
2019-05-18 23:15:00,83624,100
2019-05-18 23:30:00,83624,111
2019-05-18 23:45:00,83624,98
2019-05-19 00:00:00,83624,90
2019-05-19 00:15:00,83624,78
2019-05-19 00:30:00,83624,77
2019-05-19 00:45:00,83624,39
2019-05-19 01:00:00,83624,63
2019-05-19 01:15:00,83624,54
2019-05-19 01:30:00,83624,55
2019-05-19 01:45:00,83624,27
2019-05-19 02:00:00,83624,34
2019-05-19 02:15:00,83624,53
2019-05-19 02:30:00,83624,37
2019-05-19 02:45:00,83624,32
2019-05-19 03:00:00,83624,34
2019-05-19 03:15:00,83624,36
2019-05-19 03:30:00,83624,15
2019-05-19 03:45:00,83624,20
2019-05-19 04:00:00,83624,25
2019-05-19 04:15:00,83624,29
2019-05-19 04:30:00,83624,36
2019-05-19 04:45:00,83624,41
2019-05-19 05:00:00,83624,33
2019-05-19 05:15:00,83624,25
2019-05-19 05:30:00,83624,34
2019-05-19 05:45:00,83624,40
2019-05-19 06:00:00,83624,40
2019-05-19 06:15:00,83624,53
2019-05-19 06:30:00,83624,35
2019-05-19 06:45:00,83624,40
2019-05-19 07:00:00,83624,55
2019-05-19 07:15:00,83624,41
2019-05-19 07:30:00,83624,65
2019-05-19 07:45:00,83624,54
2019-05-19 08:00:00,83624,46
2019-05-19 08:15:00,83624,53
2019-05-19 08:30:00,83624,76
2019-05-19 08:45:00,83624,69
2019-05-19 09:00:00,83624,77
2019-05-19 09:15:00,83624,79
2019-05-19 09:30:00,83624,87
2019-05-19 09:45:00,83624,90
2019-05-19 10:00:00,83624,97
2019-05-19 10:15:00,83624,108
2019-05-19 10:30:00,83624,111
2019-05-19 10:45:00,83624,102
2019-05-19 11:00:00,83624,139
2019-05-19 11:15:00,83624,119
2019-05-19 11:30:00,83624,118
2019-05-19 11:45:00,83624,117
2019-05-19 12:00:00,83624,124
2019-05-19 12:15:00,83624,147
2019-05-19 12:30:00,83624,149
2019-05-19 12:45:00,83624,132
2019-05-19 13:00:00,83624,145
2019-05-19 13:15:00,83624,156
2019-05-19 13:30:00,83624,162
2019-05-19 13:45:00,83624,164
2019-05-19 14:00:00,83624,136
2019-05-19 14:15:00,83624,148
2019-05-19 14:30:00,83624,147
2019-05-19 14:45:00,83624,144
2019-05-19 15:00:00,83624,175
2019-05-19 15:15:00,83624,163
2019-05-19 15:30:00,83624,180
2019-05-19 15:45:00,83624,158
2019-05-19 16:00:00,83624,127
2019-05-19 16:15:00,83624,149
2019-05-19 16:30:00,83624,200
2019-05-19 16:45:00,83624,188
2019-05-19 17:00:00,83624,168
2019-05-19 17:15:00,83624,151
2019-05-19 17:30:00,83624,167
2019-05-19 17:45:00,83624,162
2019-05-19 18:00:00,83624,170
2019-05-19 18:15:00,83624,161
2019-05-19 18:30:00,83624,146
2019-05-19 18:45:00,83624,146
2019-05-19 19:00:00,83624,125
2019-05-19 19:15:00,83624,136
2019-05-19 19:30:00,83624,153
2019-05-19 19:45:00,83624,119
2019-05-19 20:00:00,83624,91
2019-05-19 20:15:00,83624,131
2019-05-19 20:30:00,83624,129
2019-05-19 20:45:00,83624,116
2019-05-19 21:00:00,83624,113
2019-05-19 21:15:00,83624,104
2019-05-19 21:30:00,83624,104
2019-05-19 21:45:00,83624,94
2019-05-19 22:00:00,83624,70
2019-05-19 22:15:00,83624,60
2019-05-19 22:30:00,83624,65
2019-05-19 22:45:00,83624,58
2019-05-19 23:00:00,83624,60
2019-05-19 23:15:00,83624,49
2019-05-19 23:30:00,83624,52
2019-05-19 23:45:00,83624,45
2019-05-20 00:00:00,83624,48
2019-05-20 00:15:00,83624,28
2019-05-20 00:30:00,83624,25
2019-05-20 00:45:00,83624,20
2019-05-20 01:00:00,83624,27
2019-05-20 01:15:00,83624,23
2019-05-20 01:30:00,83624,27
2019-05-20 01:45:00,83624,18
2019-05-20 02:00:00,83624,26
2019-05-20 02:15:00,83624,24
2019-05-20 02:30:00,83624,16
2019-05-20 02:45:00,83624,14
2019-05-20 03:00:00,83624,10
2019-05-20 03:15:00,83624,19
2019-05-20 03:30:00,83624,13
2019-05-20 03:45:00,83624,14
2019-05-20 04:00:00,83624,12
2019-05-20 04:15:00,83624,18
2019-05-20 04:30:00,83624,21
2019-05-20 04:45:00,83624,30
2019-05-20 05:00:00,83624,19
2019-05-20 05:15:00,83624,35
2019-05-20 05:30:00,83624,41
2019-05-20 05:45:00,83624,43
2019-05-20 06:00:00,83624,69
2019-05-20 06:15:00,83624,77
2019-05-20 06:30:00,83624,82
2019-05-20 06:45:00,83624,110
2019-05-20 07:00:00,83624,117
2019-05-20 07:15:00,83624,147
2019-05-20 07:30:00,83624,141
2019-05-20 07:45:00,83624,163
2019-05-20 08:00:00,83624,140
2019-05-20 08:15:00,83624,140
2019-05-20 08:30:00,83624,148
2019-05-20 08:45:00,83624,127
2019-05-20 09:00:00,83624,121
2019-05-20 09:15:00,83624,99
2019-05-20 09:30:00,83624,92
2019-05-20 09:45:00,83624,92
2019-05-20 10:00:00,83624,86
2019-05-20 10:15:00,83624,89
2019-05-20 10:30:00,83624,102
2019-05-20 10:45:00,83624,100
2019-05-20 11:00:00,83624,90
2019-05-20 11:15:00,83624,82
2019-05-20 11:30:00,83624,104
2019-05-20 11:45:00,83624,67
2019-05-20 12:00:00,83624,82
2019-05-20 12:15:00,83624,86
2019-05-20 12:30:00,83624,120
2019-05-20 12:45:00,83624,97
2019-05-20 13:00:00,83624,112
2019-05-20 13:15:00,83624,105
2019-05-20 13:30:00,83624,108
2019-05-20 13:45:00,83624,99
2019-05-20 14:00:00,83624,106
2019-05-20 14:15:00,83624,92
2019-05-20 14:30:00,83624,134
2019-05-20 14:45:00,83624,123
2019-05-20 15:00:00,83624,151
2019-05-20 15:15:00,83624,130
2019-05-20 15:30:00,83624,139
2019-05-20 15:45:00,83624,180
2019-05-20 16:00:00,83624,137
2019-05-20 16:15:00,83624,155
2019-05-20 16:30:00,83624,150
2019-05-20 16:45:00,83624,136
2019-05-20 17:00:00,83624,147
2019-05-20 17:15:00,83624,173
2019-05-20 17:30:00,83624,169
2019-05-20 17:45:00,83624,175
2019-05-20 18:00:00,83624,180
2019-05-20 18:15:00,83624,194
2019-05-20 18:30:00,83624,176
2019-05-20 18:45:00,83624,175
2019-05-20 19:00:00,83624,156
2019-05-20 19:15:00,83624,140
2019-05-20 19:30:00,83624,117
2019-05-20 19:45:00,83624,128
2019-05-20 20:00:00,83624,111
2019-05-20 20:15:00,83624,127
2019-05-20 20:30:00,83624,126
2019-05-20 20:45:00,83624,97
2019-05-20 21:00:00,83624,111
2019-05-20 21:15:00,83624,91
2019-05-20 21:30:00,83624,81
2019-05-20 21:45:00,83624,59
2019-05-20 22:00:00,83624,53
2019-05-20 22:15:00,83624,75
2019-05-20 22:30:00,83624,71
2019-05-20 22:45:00,83624,65
2019-05-20 23:00:00,83624,47
2019-05-20 23:15:00,83624,38
2019-05-20 23:30:00,83624,30
2019-05-20 23:45:00,83624,55
2019-05-21 00:00:00,83624,28
2019-05-21 00:15:00,83624,23
2019-05-21 00:30:00,83624,28
2019-05-21 00:45:00,83624,13
2019-05-21 01:00:00,83624,31
2019-05-21 01:15:00,83624,26
2019-05-21 01:30:00,83624,11
2019-05-21 01:45:00,83624,22
2019-05-21 02:00:00,83624,18
2019-05-21 02:15:00,83624,13
2019-05-21 02:30:00,83624,14
2019-05-21 02:45:00,83624,10
2019-05-21 03:00:00,83624,11
2019-05-21 03:15:00,83624,15
2019-05-21 03:30:00,83624,15
2019-05-21 03:45:00,83624,14
2019-05-21 04:00:00,83624,18
2019-05-21 04:15:00,83624,14
2019-05-21 04:30:00,83624,20
2019-05-21 04:45:00,83624,21
2019-05-21 05:00:00,83624,22
2019-05-21 05:15:00,83624,22
2019-05-21 05:30:00,83624,40
2019-05-21 05:45:00,83624,55
2019-05-21 06:00:00,83624,65
2019-05-21 06:15:00,83624,74
2019-05-21 06:30:00,83624,93
2019-05-21 06:45:00,83624,107
2019-05-21 07:00:00,83624,126
2019-05-21 07:15:00,83624,155
2019-05-21 07:30:00,83624,164
2019-05-21 07:45:00,83624,146
2019-05-21 08:00:00,83624,148
2019-05-21 08:15:00,83624,146
2019-05-21 08:30:00,83624,131
2019-05-21 08:45:00,83624,133
2019-05-21 09:00:00,83624,121
2019-05-21 09:15:00,83624,92
2019-05-21 09:30:00,83624,88
2019-05-21 09:45:00,83624,81
2019-05-21 10:00:00,83624,81
2019-05-21 10:15:00,83624,90
2019-05-21 10:30:00,83624,76
2019-05-21 10:45:00,83624,83
2019-05-21 11:00:00,83624,97
2019-05-21 11:15:00,83624,109
2019-05-21 11:30:00,83624,103
2019-05-21 11:45:00,83624,71
2019-05-21 12:00:00,83624,95
2019-05-21 12:15:00,83624,99
2019-05-21 12:30:00,83624,95
2019-05-21 12:45:00,83624,98
2019-05-21 13:00:00,83624,105
2019-05-21 13:15:00,83624,90
2019-05-21 13:30:00,83624,99
2019-05-21 13:45:00,83624,88
2019-05-21 14:00:00,83624,125
2019-05-21 14:15:00,83624,115
2019-05-21 14:30:00,83624,125
2019-05-21 14:45:00,83624,133
2019-05-21 15:00:00,83624,154
2019-05-21 15:15:00,83624,145
2019-05-21 15:30:00,83624,156
2019-05-21 15:45:00,83624,155
2019-05-21 16:00:00,83624,147
2019-05-21 16:15:00,83624,135
2019-05-21 16:30:00,83624,148
2019-05-21 16:45:00,83624,144
2019-05-21 17:00:00,83624,161
2019-05-21 17:15:00,83624,197
2019-05-21 17:30:00,83624,180
2019-05-21 17:45:00,83624,181
2019-05-21 18:00:00,83624,170
2019-05-21 18:15:00,83624,169
2019-05-21 18:30:00,83624,158
2019-05-21 18:45:00,83624,90
2019-05-21 19:00:00,83624,139
2019-05-21 19:15:00,83624,127
2019-05-21 19:30:00,83624,105
2019-05-21 19:45:00,83624,138
2019-05-21 20:00:00,83624,118
2019-05-21 20:15:00,83624,112
2019-05-21 20:30:00,83624,107
2019-05-21 20:45:00,83624,105
2019-05-21 21:00:00,83624,118
2019-05-21 21:15:00,83624,82
2019-05-21 21:30:00,83624,99
2019-05-21 21:45:00,83624,87
2019-05-21 22:00:00,83624,81
2019-05-21 22:15:00,83624,82
2019-05-21 22:30:00,83624,83
2019-05-21 22:45:00,83624,58
2019-05-21 23:00:00,83624,54
2019-05-21 23:15:00,83624,54
2019-05-21 23:30:00,83624,48
2019-05-21 23:45:00,83624,35
2019-05-22 00:00:00,83624,30
2019-05-22 00:15:00,83624,41
2019-05-22 00:30:00,83624,42
2019-05-22 00:45:00,83624,13
2019-05-22 01:00:00,83624,23
2019-05-22 01:15:00,83624,16
2019-05-22 01:30:00,83624,9
2019-05-22 01:45:00,83624,16
2019-05-22 02:00:00,83624,3
2019-05-22 02:15:00,83624,11
2019-05-22 02:30:00,83624,7
2019-05-22 02:45:00,83624,12
2019-05-22 03:00:00,83624,9
2019-05-22 03:15:00,83624,13
2019-05-22 03:30:00,83624,14
2019-05-22 03:45:00,83624,13
2019-05-22 04:00:00,83624,13
2019-05-22 04:15:00,83624,11
2019-05-22 04:30:00,83624,22
2019-05-22 04:45:00,83624,28
2019-05-22 05:00:00,83624,21
2019-05-22 05:15:00,83624,44
2019-05-22 05:30:00,83624,42
2019-05-22 05:45:00,83624,47
2019-05-22 06:00:00,83624,58
2019-05-22 06:15:00,83624,87
2019-05-22 06:30:00,83624,93
2019-05-22 06:45:00,83624,100
2019-05-22 07:00:00,83624,139
2019-05-22 07:15:00,83624,143
2019-05-22 07:30:00,83624,163
2019-05-22 07:45:00,83624,183
2019-05-22 08:00:00,83624,162
2019-05-22 08:15:00,83624,145
2019-05-22 08:30:00,83624,150
2019-05-22 08:45:00,83624,103
2019-05-22 09:00:00,83624,94
2019-05-22 09:15:00,83624,94
2019-05-22 09:30:00,83624,89
2019-05-22 09:45:00,83624,92
2019-05-22 10:00:00,83624,98
2019-05-22 10:15:00,83624,88
2019-05-22 10:30:00,83624,96
2019-05-22 10:45:00,83624,86
2019-05-22 11:00:00,83624,84
2019-05-22 11:15:00,83624,75
2019-05-22 11:30:00,83624,79
2019-05-22 11:45:00,83624,101
2019-05-22 12:00:00,83624,79
2019-05-22 12:15:00,83624,88
2019-05-22 12:30:00,83624,99
2019-05-22 12:45:00,83624,113
2019-05-22 13:00:00,83624,91
2019-05-22 13:15:00,83624,97
2019-05-22 13:30:00,83624,90
2019-05-22 13:45:00,83624,94
2019-05-22 14:00:00,83624,108
2019-05-22 14:15:00,83624,145
2019-05-22 14:30:00,83624,155
2019-05-22 14:45:00,83624,134
2019-05-22 15:00:00,83624,151
2019-05-22 15:15:00,83624,136
2019-05-22 15:30:00,83624,137
2019-05-22 15:45:00,83624,160
2019-05-22 16:00:00,83624,161
2019-05-22 16:15:00,83624,176
2019-05-22 16:30:00,83624,123
2019-05-22 16:45:00,83624,159
2019-05-22 17:00:00,83624,176
2019-05-22 17:15:00,83624,167
2019-05-22 17:30:00,83624,162
2019-05-22 17:45:00,83624,170
2019-05-22 18:00:00,83624,187
2019-05-22 18:15:00,83624,178
2019-05-22 18:30:00,83624,151
2019-05-22 18:45:00,83624,172
2019-05-22 19:00:00,83624,148
2019-05-22 19:15:00,83624,149
2019-05-22 19:30:00,83624,132
2019-05-22 19:45:00,83624,124
2019-05-22 20:00:00,83624,110
2019-05-22 20:15:00,83624,118
2019-05-22 20:30:00,83624,109
2019-05-22 20:45:00,83624,53
2019-05-22 21:00:00,83624,69
2019-05-22 21:15:00,83624,108
2019-05-22 21:30:00,83624,79
2019-05-22 21:45:00,83624,78
2019-05-22 22:00:00,83624,93
2019-05-22 22:15:00,83624,116
2019-05-22 22:30:00,83624,113
2019-05-22 22:45:00,83624,78
2019-05-22 23:00:00,83624,63
2019-05-22 23:15:00,83624,50
2019-05-22 23:30:00,83624,26
2019-05-22 23:45:00,83624,39
2019-05-23 00:00:00,83624,26
2019-05-23 00:15:00,83624,31
2019-05-23 00:30:00,83624,19
2019-05-23 00:45:00,83624,32
2019-05-23 01:00:00,83624,31
2019-05-23 01:15:00,83624,14
2019-05-23 01:30:00,83624,20
2019-05-23 01:45:00,83624,16
2019-05-23 02:00:00,83624,18
2019-05-23 02:15:00,83624,11
2019-05-23 02:30:00,83624,11
2019-05-23 02:45:00,83624,12
2019-05-23 03:00:00,83624,8
2019-05-23 03:15:00,83624,14
2019-05-23 03:30:00,83624,17
2019-05-23 03:45:00,83624,14
2019-05-23 04:00:00,83624,15
2019-05-23 04:15:00,83624,20
2019-05-23 04:30:00,83624,21
2019-05-23 04:45:00,83624,33
2019-05-23 05:00:00,83624,29
2019-05-23 05:15:00,83624,28
2019-05-23 05:30:00,83624,35
2019-05-23 05:45:00,83624,39
2019-05-23 06:00:00,83624,53
2019-05-23 06:15:00,83624,83
2019-05-23 06:30:00,83624,84
2019-05-23 06:45:00,83624,121
2019-05-23 07:00:00,83624,151
2019-05-23 07:15:00,83624,148
2019-05-23 07:30:00,83624,154
2019-05-23 07:45:00,83624,169
2019-05-23 08:00:00,83624,134
2019-05-23 08:15:00,83624,165
2019-05-23 08:30:00,83624,165
2019-05-23 08:45:00,83624,139
2019-05-23 09:00:00,83624,106
2019-05-23 09:15:00,83624,117
2019-05-23 09:30:00,83624,99
2019-05-23 09:45:00,83624,101
2019-05-23 10:00:00,83624,98
2019-05-23 10:15:00,83624,109
2019-05-23 10:30:00,83624,98
2019-05-23 10:45:00,83624,107
2019-05-23 11:00:00,83624,105
2019-05-23 11:15:00,83624,125
2019-05-23 11:30:00,83624,110
2019-05-23 11:45:00,83624,99
2019-05-23 12:00:00,83624,112
2019-05-23 12:15:00,83624,93
2019-05-23 12:30:00,83624,87
2019-05-23 12:45:00,83624,90
2019-05-23 13:00:00,83624,110
2019-05-23 13:15:00,83624,94
2019-05-23 13:30:00,83624,110
2019-05-23 13:45:00,83624,100
2019-05-23 14:00:00,83624,121
2019-05-23 14:15:00,83624,109
2019-05-23 14:30:00,83624,150
2019-05-23 14:45:00,83624,170
2019-05-23 15:00:00,83624,147
2019-05-23 15:15:00,83624,158
2019-05-23 15:30:00,83624,187
2019-05-23 15:45:00,83624,182
2019-05-23 16:00:00,83624,212
2019-05-23 16:15:00,83624,186
2019-05-23 16:30:00,83624,201
2019-05-23 16:45:00,83624,200
2019-05-23 17:00:00,83624,194
2019-05-23 17:15:00,83624,188
2019-05-23 17:30:00,83624,191
2019-05-23 17:45:00,83624,187
2019-05-23 18:00:00,83624,189
2019-05-23 18:15:00,83624,178
2019-05-23 18:30:00,83624,189
2019-05-23 18:45:00,83624,188
2019-05-23 19:00:00,83624,148
2019-05-23 19:15:00,83624,167
2019-05-23 19:30:00,83624,122
2019-05-23 19:45:00,83624,135
2019-05-23 20:00:00,83624,150
2019-05-23 20:15:00,83624,120
2019-05-23 20:30:00,83624,117
2019-05-23 20:45:00,83624,90
2019-05-23 21:00:00,83624,91
2019-05-23 21:15:00,83624,89
2019-05-23 21:30:00,83624,88
2019-05-23 21:45:00,83624,59
2019-05-23 22:00:00,83624,72
2019-05-23 22:15:00,83624,64
2019-05-23 22:30:00,83624,67
2019-05-23 22:45:00,83624,50
2019-05-23 23:00:00,83624,65
2019-05-23 23:15:00,83624,57
2019-05-23 23:30:00,83624,38
2019-05-23 23:45:00,83624,28
2019-05-24 00:00:00,83624,32
2019-05-24 00:15:00,83624,30
2019-05-24 00:30:00,83624,32
2019-05-24 00:45:00,83624,25
2019-05-24 01:00:00,83624,17
2019-05-24 01:15:00,83624,16
2019-05-24 01:30:00,83624,24
2019-05-24 01:45:00,83624,22
2019-05-24 02:00:00,83624,24
2019-05-24 02:15:00,83624,11
2019-05-24 02:30:00,83624,10
2019-05-24 02:45:00,83624,17
2019-05-24 03:00:00,83624,13
2019-05-24 03:15:00,83624,17
2019-05-24 03:30:00,83624,11
2019-05-24 03:45:00,83624,21
2019-05-24 04:00:00,83624,23
2019-05-24 04:15:00,83624,24
2019-05-24 04:30:00,83624,24
2019-05-24 04:45:00,83624,24
2019-05-24 05:00:00,83624,24
2019-05-24 05:15:00,83624,17
2019-05-24 05:30:00,83624,29
2019-05-24 05:45:00,83624,55
2019-05-24 06:00:00,83624,57
2019-05-24 06:15:00,83624,70
2019-05-24 06:30:00,83624,121
2019-05-24 06:45:00,83624,108
2019-05-24 07:00:00,83624,143
2019-05-24 07:15:00,83624,158
2019-05-24 07:30:00,83624,179
2019-05-24 07:45:00,83624,151
2019-05-24 08:00:00,83624,145
2019-05-24 08:15:00,83624,170
2019-05-24 08:30:00,83624,128
2019-05-24 08:45:00,83624,114
2019-05-24 09:00:00,83624,136
2019-05-24 09:15:00,83624,103
2019-05-24 09:30:00,83624,120
2019-05-24 09:45:00,83624,87
2019-05-24 10:00:00,83624,109
2019-05-24 10:15:00,83624,88
2019-05-24 10:30:00,83624,91
2019-05-24 10:45:00,83624,111
2019-05-24 11:00:00,83624,111
2019-05-24 11:15:00,83624,128
2019-05-24 11:30:00,83624,105
2019-05-24 11:45:00,83624,119
2019-05-24 12:00:00,83624,120
2019-05-24 12:15:00,83624,115
2019-05-24 12:30:00,83624,128
2019-05-24 12:45:00,83624,107
2019-05-24 13:00:00,83624,123
2019-05-24 13:15:00,83624,107
2019-05-24 13:30:00,83624,120
2019-05-24 13:45:00,83624,127
2019-05-24 14:00:00,83624,125
2019-05-24 14:15:00,83624,144
2019-05-24 14:30:00,83624,174
2019-05-24 14:45:00,83624,151
2019-05-24 15:00:00,83624,142
2019-05-24 15:15:00,83624,165
2019-05-24 15:30:00,83624,155
2019-05-24 15:45:00,83624,150
2019-05-24 16:00:00,83624,152
2019-05-24 16:15:00,83624,113
2019-05-24 16:30:00,83624,179
2019-05-24 16:45:00,83624,167
2019-05-24 17:00:00,83624,184
2019-05-24 17:15:00,83624,196
2019-05-24 17:30:00,83624,178
2019-05-24 17:45:00,83624,161
2019-05-24 18:00:00,83624,213
2019-05-24 18:15:00,83624,201
2019-05-24 18:30:00,83624,193
2019-05-24 18:45:00,83624,172
2019-05-24 19:00:00,83624,160
2019-05-24 19:15:00,83624,129
2019-05-24 19:30:00,83624,146
2019-05-24 19:45:00,83624,138
2019-05-24 20:00:00,83624,123
2019-05-24 20:15:00,83624,140
2019-05-24 20:30:00,83624,119
2019-05-24 20:45:00,83624,132
2019-05-24 21:00:00,83624,145
2019-05-24 21:15:00,83624,98
2019-05-24 21:30:00,83624,105
2019-05-24 21:45:00,83624,130
2019-05-24 22:00:00,83624,130
2019-05-24 22:15:00,83624,119
2019-05-24 22:30:00,83624,95
2019-05-24 22:45:00,83624,126
2019-05-24 23:00:00,83624,77
2019-05-24 23:15:00,83624,73
2019-05-24 23:30:00,83624,73
2019-05-24 23:45:00,83624,87
2019-05-25 00:00:00,83624,23
2019-05-25 00:15:00,83624,16
2019-05-25 00:30:00,83624,19
2019-05-25 00:45:00,83624,18
2019-05-25 01:00:00,83624,11
2019-05-25 01:15:00,83624,20
2019-05-25 01:30:00,83624,17
2019-05-25 01:45:00,83624,16
2019-05-25 02:00:00,83624,8
2019-05-25 02:15:00,83624,12
2019-05-25 02:30:00,83624,14
2019-05-25 02:45:00,83624,8
2019-05-25 03:00:00,83624,14
2019-05-25 03:15:00,83624,11
2019-05-25 03:30:00,83624,11
2019-05-25 03:45:00,83624,9
2019-05-25 04:00:00,83624,13
2019-05-25 04:15:00,83624,9
2019-05-25 04:30:00,83624,17
2019-05-25 04:45:00,83624,16
2019-05-25 05:00:00,83624,9
2019-05-25 05:15:00,83624,15
2019-05-25 05:30:00,83624,14
2019-05-25 05:45:00,83624,16
2019-05-25 06:00:00,83624,18
2019-05-25 06:15:00,83624,25
2019-05-25 06:30:00,83624,19
2019-05-25 06:45:00,83624,28
2019-05-25 07:00:00,83624,36
2019-05-25 07:15:00,83624,37
2019-05-25 07:30:00,83624,33
2019-05-25 07:45:00,83624,26
2019-05-25 08:00:00,83624,36
2019-05-25 08:15:00,83624,25
2019-05-25 08:30:00,83624,37
2019-05-25 08:45:00,83624,28
2019-05-25 09:00:00,83624,40
2019-05-25 09:15:00,83624,31
2019-05-25 09:30:00,83624,47
2019-05-25 09:45:00,83624,48
2019-05-25 10:00:00,83624,47
2019-05-25 10:15:00,83624,44
2019-05-25 10:30:00,83624,65
2019-05-25 10:45:00,83624,51
2019-05-25 11:00:00,83624,38
2019-05-25 11:15:00,83624,56
2019-05-25 11:30:00,83624,50
2019-05-25 11:45:00,83624,59
2019-05-25 12:00:00,83624,65
2019-05-25 12:15:00,83624,69
2019-05-25 12:30:00,83624,61
2019-05-25 12:45:00,83624,62
2019-05-25 13:00:00,83624,89
2019-05-25 13:15:00,83624,55
2019-05-25 13:30:00,83624,63
2019-05-25 13:45:00,83624,70
2019-05-25 14:00:00,83624,67
2019-05-25 14:15:00,83624,73
2019-05-25 14:30:00,83624,67
2019-05-25 14:45:00,83624,84
2019-05-25 15:00:00,83624,61
2019-05-25 15:15:00,83624,79
2019-05-25 15:30:00,83624,72
2019-05-25 15:45:00,83624,78
2019-05-25 16:00:00,83624,92
2019-05-25 16:15:00,83624,81
2019-05-25 16:30:00,83624,82
2019-05-25 16:45:00,83624,96
2019-05-25 17:00:00,83624,75
2019-05-25 17:15:00,83624,87
2019-05-25 17:30:00,83624,70
2019-05-25 17:45:00,83624,73
2019-05-25 18:00:00,83624,69
2019-05-25 18:15:00,83624,105
2019-05-25 18:30:00,83624,69
2019-05-25 18:45:00,83624,71
2019-05-25 19:00:00,83624,74
2019-05-25 19:15:00,83624,68
2019-05-25 19:30:00,83624,70
2019-05-25 19:45:00,83624,55
2019-05-25 20:00:00,83624,80
2019-05-25 20:15:00,83624,41
2019-05-25 20:30:00,83624,55
2019-05-25 20:45:00,83624,74
2019-05-25 21:00:00,83624,64
2019-05-25 21:15:00,83624,68
2019-05-25 21:30:00,83624,55
2019-05-25 21:45:00,83624,63
2019-05-25 22:00:00,83624,47
2019-05-25 22:15:00,83624,54
2019-05-25 22:30:00,83624,36
2019-05-25 22:45:00,83624,48
2019-05-25 23:00:00,83624,45
2019-05-25 23:15:00,83624,39
2019-05-25 23:30:00,83624,43
2019-05-25 23:45:00,83624,44
2020-10-19 00:00:00,72887,199
2020-10-19 00:15:00,72887,197
2020-10-19 00:30:00,72887,152
2020-10-19 00:45:00,72887,128
2020-10-19 01:00:00,72887,110
2020-10-19 01:15:00,72887,129
2020-10-19 01:30:00,72887,112
2020-10-19 01:45:00,72887,98
2020-10-19 02:00:00,72887,95
2020-10-19 02:15:00,72887,80
2020-10-19 02:30:00,72887,60
2020-10-19 02:45:00,72887,75
2020-10-19 03:00:00,72887,54
2020-10-19 03:15:00,72887,66
2020-10-19 03:30:00,72887,52
2020-10-19 03:45:00,72887,47
2020-10-19 04:00:00,72887,52
2020-10-19 04:15:00,72887,67
2020-10-19 04:30:00,72887,64
2020-10-19 04:45:00,72887,68
2020-10-19 05:00:00,72887,64
2020-10-19 05:15:00,72887,82
2020-10-19 05:30:00,72887,82
2020-10-19 05:45:00,72887,72
2020-10-19 06:00:00,72887,100
2020-10-19 06:15:00,72887,107
2020-10-19 06:30:00,72887,104
2020-10-19 06:45:00,72887,148
2020-10-19 07:00:00,72887,157
2020-10-19 07:15:00,72887,152
2020-10-19 07:30:00,72887,185
2020-10-19 07:45:00,72887,206
2020-10-19 08:00:00,72887,170
2020-10-19 08:15:00,72887,204
2020-10-19 08:30:00,72887,197
2020-10-19 08:45:00,72887,176
2020-10-19 09:00:00,72887,186
2020-10-19 09:15:00,72887,182
2020-10-19 09:30:00,72887,174
2020-10-19 09:45:00,72887,196
2020-10-19 10:00:00,72887,164
2020-10-19 10:15:00,72887,196
2020-10-19 10:30:00,72887,210
2020-10-19 10:45:00,72887,221
2020-10-19 11:00:00,72887,211
2020-10-19 11:15:00,72887,216
2020-10-19 11:30:00,72887,238
2020-10-19 11:45:00,72887,207
2020-10-19 12:00:00,72887,260
2020-10-19 12:15:00,72887,292
2020-10-19 12:30:00,72887,244
2020-10-19 12:45:00,72887,240
2020-10-19 13:00:00,72887,236
2020-10-19 13:15:00,72887,231
2020-10-19 13:30:00,72887,269
2020-10-19 13:45:00,72887,212
2020-10-19 14:00:00,72887,221
2020-10-19 14:15:00,72887,261
2020-10-19 14:30:00,72887,230
2020-10-19 14:45:00,72887,242
2020-10-19 15:00:00,72887,278
2020-10-19 15:15:00,72887,264
2020-10-19 15:30:00,72887,223
2020-10-19 15:45:00,72887,246
2020-10-19 16:00:00,72887,226
2020-10-19 16:15:00,72887,273
2020-10-19 16:30:00,72887,252
2020-10-19 16:45:00,72887,192
2020-10-19 17:00:00,72887,234
2020-10-19 17:15:00,72887,284
2020-10-19 17:30:00,72887,260
2020-10-19 17:45:00,72887,288
2020-10-19 18:00:00,72887,242
2020-10-19 18:15:00,72887,190
2020-10-19 18:30:00,72887,198
2020-10-19 18:45:00,72887,256
2020-10-19 19:00:00,72887,216
2020-10-19 19:15:00,72887,235
2020-10-19 19:30:00,72887,246
2020-10-19 19:45:00,72887,245
2020-10-19 20:00:00,72887,219
2020-10-19 20:15:00,72887,213
2020-10-19 20:30:00,72887,240
2020-10-19 20:45:00,72887,194
2020-10-19 21:00:00,72887,232
2020-10-19 21:15:00,72887,196
2020-10-19 21:30:00,72887,164
2020-10-19 21:45:00,72887,178
2020-10-19 22:00:00,72887,214
2020-10-19 22:15:00,72887,174
2020-10-19 22:30:00,72887,152
2020-10-19 22:45:00,72887,158
2020-10-19 23:00:00,72887,190
2020-10-19 23:15:00,72887,147
2020-10-19 23:30:00,72887,144
2020-10-19 23:45:00,72887,144
2020-10-20 00:00:00,72887,133
2020-10-20 00:15:00,72887,128
2020-10-20 00:30:00,72887,114
2020-10-20 00:45:00,72887,114
2020-10-20 01:00:00,72887,90
2020-10-20 01:15:00,72887,80
2020-10-20 01:30:00,72887,82
2020-10-20 01:45:00,72887,68
2020-10-20 02:00:00,72887,60
2020-10-20 02:15:00,72887,52
2020-10-20 02:30:00,72887,50
2020-10-20 02:45:00,72887,46
2020-10-20 03:00:00,72887,51
2020-10-20 03:15:00,72887,45
2020-10-20 03:30:00,72887,52
2020-10-20 03:45:00,72887,50
2020-10-20 04:00:00,72887,41
2020-10-20 04:15:00,72887,54
2020-10-20 04:30:00,72887,58
2020-10-20 04:45:00,72887,56
2020-10-20 05:00:00,72887,67
2020-10-20 05:15:00,72887,84
2020-10-20 05:30:00,72887,92
2020-10-20 05:45:00,72887,92
2020-10-20 06:00:00,72887,104
2020-10-20 06:15:00,72887,88
2020-10-20 06:30:00,72887,97
2020-10-20 06:45:00,72887,117
2020-10-20 07:00:00,72887,128
2020-10-20 07:15:00,72887,156
2020-10-20 07:30:00,72887,165
2020-10-20 07:45:00,72887,192
2020-10-20 08:00:00,72887,208
2020-10-20 08:15:00,72887,189
2020-10-20 08:30:00,72887,183
2020-10-20 08:45:00,72887,204
2020-10-20 09:00:00,72887,230
2020-10-20 09:15:00,72887,204
2020-10-20 09:30:00,72887,180
2020-10-20 09:45:00,72887,187
2020-10-20 10:00:00,72887,182
2020-10-20 10:15:00,72887,174
2020-10-20 10:30:00,72887,181
2020-10-20 10:45:00,72887,182
2020-10-20 11:00:00,72887,182
2020-10-20 11:15:00,72887,189
2020-10-20 11:30:00,72887,191
2020-10-20 11:45:00,72887,216
2020-10-20 12:00:00,72887,182
2020-10-20 12:15:00,72887,224
2020-10-20 12:30:00,72887,234
2020-10-20 12:45:00,72887,228
2020-10-20 13:00:00,72887,218
2020-10-20 13:15:00,72887,214
2020-10-20 13:30:00,72887,217
2020-10-20 13:45:00,72887,270
2020-10-20 14:00:00,72887,242
2020-10-20 14:15:00,72887,235
2020-10-20 14:30:00,72887,275
2020-10-20 14:45:00,72887,230
2020-10-20 15:00:00,72887,259
2020-10-20 15:15:00,72887,308
2020-10-20 15:30:00,72887,268
2020-10-20 15:45:00,72887,253
2020-10-20 16:00:00,72887,205
2020-10-20 16:15:00,72887,256
2020-10-20 16:30:00,72887,204
2020-10-20 16:45:00,72887,244
2020-10-20 17:00:00,72887,254
2020-10-20 17:15:00,72887,268
2020-10-20 17:30:00,72887,242
2020-10-20 17:45:00,72887,240
2020-10-20 18:00:00,72887,198
2020-10-20 18:15:00,72887,244
2020-10-20 18:30:00,72887,235
2020-10-20 18:45:00,72887,242
2020-10-20 19:00:00,72887,285
2020-10-20 19:15:00,72887,237
2020-10-20 19:30:00,72887,224
2020-10-20 19:45:00,72887,223
2020-10-20 20:00:00,72887,245
2020-10-20 20:15:00,72887,214
2020-10-20 20:30:00,72887,216
2020-10-20 20:45:00,72887,241
2020-10-20 21:00:00,72887,242
2020-10-20 21:15:00,72887,225
2020-10-20 21:30:00,72887,226
2020-10-20 21:45:00,72887,206
2020-10-20 22:00:00,72887,194
2020-10-20 22:15:00,72887,168
2020-10-20 22:30:00,72887,180
2020-10-20 22:45:00,72887,175
2020-10-20 23:00:00,72887,160
2020-10-20 23:15:00,72887,172
2020-10-20 23:30:00,72887,158
2020-10-20 23:45:00,72887,164
2020-10-21 00:00:00,72887,162
2020-10-21 00:15:00,72887,143
2020-10-21 00:30:00,72887,130
2020-10-21 00:45:00,72887,102
2020-10-21 01:00:00,72887,79
2020-10-21 01:15:00,72887,90
2020-10-21 01:30:00,72887,72
2020-10-21 01:45:00,72887,85
2020-10-21 02:00:00,72887,66
2020-10-21 02:15:00,72887,74
2020-10-21 02:30:00,72887,54
2020-10-21 02:45:00,72887,50
2020-10-21 03:00:00,72887,56
2020-10-21 03:15:00,72887,49
2020-10-21 03:30:00,72887,53
2020-10-21 03:45:00,72887,65
2020-10-21 04:00:00,72887,48
2020-10-21 04:15:00,72887,53
2020-10-21 04:30:00,72887,60
2020-10-21 04:45:00,72887,53
2020-10-21 05:00:00,72887,62
2020-10-21 05:15:00,72887,92
2020-10-21 05:30:00,72887,84
2020-10-21 05:45:00,72887,72
2020-10-21 06:00:00,72887,93
2020-10-21 06:15:00,72887,72
2020-10-21 06:30:00,72887,119
2020-10-21 06:45:00,72887,140
2020-10-21 07:00:00,72887,137
2020-10-21 07:15:00,72887,158
2020-10-21 07:30:00,72887,205
2020-10-21 07:45:00,72887,218
2020-10-21 08:00:00,72887,228
2020-10-21 08:15:00,72887,210
2020-10-21 08:30:00,72887,225
2020-10-21 08:45:00,72887,194
2020-10-21 09:00:00,72887,181
2020-10-21 09:15:00,72887,224
2020-10-21 09:30:00,72887,188
2020-10-21 09:45:00,72887,196
2020-10-21 10:00:00,72887,210
2020-10-21 10:15:00,72887,184
2020-10-21 10:30:00,72887,198
2020-10-21 10:45:00,72887,176
2020-10-21 11:00:00,72887,176
2020-10-21 11:15:00,72887,166
2020-10-21 11:30:00,72887,209
2020-10-21 11:45:00,72887,210
2020-10-21 12:00:00,72887,211
2020-10-21 12:15:00,72887,221
2020-10-21 12:30:00,72887,202
2020-10-21 12:45:00,72887,210
2020-10-21 13:00:00,72887,245
2020-10-21 13:15:00,72887,216
2020-10-21 13:30:00,72887,238
2020-10-21 13:45:00,72887,250
2020-10-21 14:00:00,72887,254
2020-10-21 14:15:00,72887,254
2020-10-21 14:30:00,72887,238
2020-10-21 14:45:00,72887,286
2020-10-21 15:00:00,72887,246
2020-10-21 15:15:00,72887,238
2020-10-21 15:30:00,72887,247
2020-10-21 15:45:00,72887,220
2020-10-21 16:00:00,72887,280
2020-10-21 16:15:00,72887,270
2020-10-21 16:30:00,72887,221
2020-10-21 16:45:00,72887,211
2020-10-21 17:00:00,72887,190
2020-10-21 17:15:00,72887,138
2020-10-21 17:30:00,72887,253
2020-10-21 17:45:00,72887,228
2020-10-21 18:00:00,72887,239
2020-10-21 18:15:00,72887,264
2020-10-21 18:30:00,72887,232
2020-10-21 18:45:00,72887,268
2020-10-21 19:00:00,72887,238
2020-10-21 19:15:00,72887,234
2020-10-21 19:30:00,72887,250
2020-10-21 19:45:00,72887,248
2020-10-21 20:00:00,72887,246
2020-10-21 20:15:00,72887,205
2020-10-21 20:30:00,72887,224
2020-10-21 20:45:00,72887,228
2020-10-21 21:00:00,72887,225
2020-10-21 21:15:00,72887,234
2020-10-21 21:30:00,72887,216
2020-10-21 21:45:00,72887,196
2020-10-21 22:00:00,72887,190
2020-10-21 22:15:00,72887,200
2020-10-21 22:30:00,72887,182
2020-10-21 22:45:00,72887,170
2020-10-21 23:00:00,72887,202
2020-10-21 23:15:00,72887,186
2020-10-21 23:30:00,72887,162
2020-10-21 23:45:00,72887,178
2020-10-22 00:00:00,72887,169
2020-10-22 00:15:00,72887,167
2020-10-22 00:30:00,72887,128
2020-10-22 00:45:00,72887,132
2020-10-22 01:00:00,72887,129
2020-10-22 01:15:00,72887,94
2020-10-22 01:30:00,72887,97
2020-10-22 01:45:00,72887,68
2020-10-22 02:00:00,72887,60
2020-10-22 02:15:00,72887,68
2020-10-22 02:30:00,72887,58
2020-10-22 02:45:00,72887,56
2020-10-22 03:00:00,72887,66
2020-10-22 03:15:00,72887,66
2020-10-22 03:30:00,72887,44
2020-10-22 03:45:00,72887,44
2020-10-22 04:00:00,72887,56
2020-10-22 04:15:00,72887,58
2020-10-22 04:30:00,72887,60
2020-10-22 04:45:00,72887,54
2020-10-22 05:00:00,72887,66
2020-10-22 05:15:00,72887,82
2020-10-22 05:30:00,72887,102
2020-10-22 05:45:00,72887,84
2020-10-22 06:00:00,72887,98
2020-10-22 06:15:00,72887,101
2020-10-22 06:30:00,72887,121
2020-10-22 06:45:00,72887,136
2020-10-22 07:00:00,72887,160
2020-10-22 07:15:00,72887,160
2020-10-22 07:30:00,72887,187
2020-10-22 07:45:00,72887,164
2020-10-22 08:00:00,72887,194
2020-10-22 08:15:00,72887,224
2020-10-22 08:30:00,72887,170
2020-10-22 08:45:00,72887,176
2020-10-22 09:00:00,72887,176
2020-10-22 09:15:00,72887,184
2020-10-22 09:30:00,72887,173
2020-10-22 09:45:00,72887,194
2020-10-22 10:00:00,72887,178
2020-10-22 10:15:00,72887,184
2020-10-22 10:30:00,72887,209
2020-10-22 10:45:00,72887,180
2020-10-22 11:00:00,72887,186
2020-10-22 11:15:00,72887,195
2020-10-22 11:30:00,72887,238
2020-10-22 11:45:00,72887,200
2020-10-22 12:00:00,72887,195
2020-10-22 12:15:00,72887,198
2020-10-22 12:30:00,72887,225
2020-10-22 12:45:00,72887,222
2020-10-22 13:00:00,72887,186
2020-10-22 13:15:00,72887,206
2020-10-22 13:30:00,72887,222
2020-10-22 13:45:00,72887,236
2020-10-22 14:00:00,72887,222
2020-10-22 14:15:00,72887,233
2020-10-22 14:30:00,72887,254
2020-10-22 14:45:00,72887,250
2020-10-22 15:00:00,72887,242
2020-10-22 15:15:00,72887,254
2020-10-22 15:30:00,72887,222
2020-10-22 15:45:00,72887,229
2020-10-22 16:00:00,72887,171
2020-10-22 16:15:00,72887,198
2020-10-22 16:30:00,72887,171
2020-10-22 16:45:00,72887,179
2020-10-22 17:00:00,72887,166
2020-10-22 17:15:00,72887,223
2020-10-22 17:30:00,72887,201
2020-10-22 17:45:00,72887,196
2020-10-22 18:00:00,72887,195
2020-10-22 18:15:00,72887,241
2020-10-22 18:30:00,72887,232
2020-10-22 18:45:00,72887,253
2020-10-22 19:00:00,72887,281
2020-10-22 19:15:00,72887,254
2020-10-22 19:30:00,72887,186
2020-10-22 19:45:00,72887,209
2020-10-22 20:00:00,72887,247
2020-10-22 20:15:00,72887,228
2020-10-22 20:30:00,72887,234
2020-10-22 20:45:00,72887,240
2020-10-22 21:00:00,72887,196
2020-10-22 21:15:00,72887,204
2020-10-22 21:30:00,72887,220
2020-10-22 21:45:00,72887,211
2020-10-22 22:00:00,72887,217
2020-10-22 22:15:00,72887,174
2020-10-22 22:30:00,72887,173
2020-10-22 22:45:00,72887,178
2020-10-22 23:00:00,72887,200
2020-10-22 23:15:00,72887,199
2020-10-22 23:30:00,72887,206
2020-10-22 23:45:00,72887,188
2020-10-23 00:00:00,72887,202
2020-10-23 00:15:00,72887,177
2020-10-23 00:30:00,72887,156
2020-10-23 00:45:00,72887,129
2020-10-23 01:00:00,72887,102
2020-10-23 01:15:00,72887,100
2020-10-23 01:30:00,72887,88
2020-10-23 01:45:00,72887,78
2020-10-23 02:00:00,72887,90
2020-10-23 02:15:00,72887,68
2020-10-23 02:30:00,72887,74
2020-10-23 02:45:00,72887,65
2020-10-23 03:00:00,72887,68
2020-10-23 03:15:00,72887,53
2020-10-23 03:30:00,72887,54
2020-10-23 03:45:00,72887,54
2020-10-23 04:00:00,72887,59
2020-10-23 04:15:00,72887,50
2020-10-23 04:30:00,72887,62
2020-10-23 04:45:00,72887,78
2020-10-23 05:00:00,72887,86
2020-10-23 05:15:00,72887,110
2020-10-23 05:30:00,72887,97
2020-10-23 05:45:00,72887,96
2020-10-23 06:00:00,72887,129
2020-10-23 06:15:00,72887,103
2020-10-23 06:30:00,72887,133
2020-10-23 06:45:00,72887,118
2020-10-23 07:00:00,72887,152
2020-10-23 07:15:00,72887,161
2020-10-23 07:30:00,72887,165
2020-10-23 07:45:00,72887,170
2020-10-23 08:00:00,72887,184
2020-10-23 08:15:00,72887,201
2020-10-23 08:30:00,72887,160
2020-10-23 08:45:00,72887,178
2020-10-23 09:00:00,72887,189
2020-10-23 09:15:00,72887,176
2020-10-23 09:30:00,72887,190
2020-10-23 09:45:00,72887,170
2020-10-23 10:00:00,72887,198
2020-10-23 10:15:00,72887,177
2020-10-23 10:30:00,72887,194
2020-10-23 10:45:00,72887,152
2020-10-23 11:00:00,72887,173
2020-10-23 11:15:00,72887,208
2020-10-23 11:30:00,72887,208
2020-10-23 11:45:00,72887,210
2020-10-23 12:00:00,72887,212
2020-10-23 12:15:00,72887,196
2020-10-23 12:30:00,72887,226
2020-10-23 12:45:00,72887,206
2020-10-23 13:00:00,72887,212
2020-10-23 13:15:00,72887,206
2020-10-23 13:30:00,72887,218
2020-10-23 13:45:00,72887,248
2020-10-23 14:00:00,72887,248
2020-10-23 14:15:00,72887,246
2020-10-23 14:30:00,72887,230
2020-10-23 14:45:00,72887,240
2020-10-23 15:00:00,72887,226
2020-10-23 15:15:00,72887,178
2020-10-23 15:30:00,72887,164
2020-10-23 15:45:00,72887,202
2020-10-23 16:00:00,72887,224
2020-10-23 16:15:00,72887,218
2020-10-23 16:30:00,72887,220
2020-10-23 16:45:00,72887,203
2020-10-23 17:00:00,72887,218
2020-10-23 17:15:00,72887,248
2020-10-23 17:30:00,72887,298
2020-10-23 17:45:00,72887,265
2020-10-23 18:00:00,72887,164
2020-10-23 18:15:00,72887,184
2020-10-23 18:30:00,72887,182
2020-10-23 18:45:00,72887,200
2020-10-23 19:00:00,72887,217
2020-10-23 19:15:00,72887,190
2020-10-23 19:30:00,72887,178
2020-10-23 19:45:00,72887,166
2020-10-23 20:00:00,72887,192
2020-10-23 20:15:00,72887,180
2020-10-23 20:30:00,72887,184
2020-10-23 20:45:00,72887,233
2020-10-23 21:00:00,72887,274
2020-10-23 21:15:00,72887,256
2020-10-23 21:30:00,72887,222
2020-10-23 21:45:00,72887,240
2020-10-23 22:00:00,72887,248
2020-10-23 22:15:00,72887,264
2020-10-23 22:30:00,72887,235
2020-10-23 22:45:00,72887,244
2020-10-23 23:00:00,72887,223
2020-10-23 23:15:00,72887,226
2020-10-23 23:30:00,72887,240
2020-10-23 23:45:00,72887,256
2020-10-24 00:00:00,72887,228
2020-10-24 00:15:00,72887,210
2020-10-24 00:30:00,72887,232
2020-10-24 00:45:00,72887,191
2020-10-24 01:00:00,72887,182
2020-10-24 01:15:00,72887,172
2020-10-24 01:30:00,72887,142
2020-10-24 01:45:00,72887,128
2020-10-24 02:00:00,72887,151
2020-10-24 02:15:00,72887,118
2020-10-24 02:30:00,72887,124
2020-10-24 02:45:00,72887,128
2020-10-24 03:00:00,72887,110
2020-10-24 03:15:00,72887,110
2020-10-24 03:30:00,72887,90
2020-10-24 03:45:00,72887,92
2020-10-24 04:00:00,72887,89
2020-10-24 04:15:00,72887,100
2020-10-24 04:30:00,72887,82
2020-10-24 04:45:00,72887,74
2020-10-24 05:00:00,72887,86
2020-10-24 05:15:00,72887,102
2020-10-24 05:30:00,72887,79
2020-10-24 05:45:00,72887,76
2020-10-24 06:00:00,72887,62
2020-10-24 06:15:00,72887,80
2020-10-24 06:30:00,72887,88
2020-10-24 06:45:00,72887,80
2020-10-24 07:00:00,72887,100
2020-10-24 07:15:00,72887,110
2020-10-24 07:30:00,72887,108
2020-10-24 07:45:00,72887,93
2020-10-24 08:00:00,72887,114
2020-10-24 08:15:00,72887,124
2020-10-24 08:30:00,72887,124
2020-10-24 08:45:00,72887,176
2020-10-24 09:00:00,72887,150
2020-10-24 09:15:00,72887,156
2020-10-24 09:30:00,72887,168
2020-10-24 09:45:00,72887,168
2020-10-24 10:00:00,72887,178
2020-10-24 10:15:00,72887,184
2020-10-24 10:30:00,72887,196
2020-10-24 10:45:00,72887,210
2020-10-24 11:00:00,72887,180
2020-10-24 11:15:00,72887,228
2020-10-24 11:30:00,72887,210
2020-10-24 11:45:00,72887,244
2020-10-24 12:00:00,72887,251
2020-10-24 12:15:00,72887,240
2020-10-24 12:30:00,72887,260
2020-10-24 12:45:00,72887,204
2020-10-24 13:00:00,72887,242
2020-10-24 13:15:00,72887,218
2020-10-24 13:30:00,72887,214
2020-10-24 13:45:00,72887,200
2020-10-24 14:00:00,72887,208
2020-10-24 14:15:00,72887,214
2020-10-24 14:30:00,72887,238
2020-10-24 14:45:00,72887,242
2020-10-24 15:00:00,72887,232
2020-10-24 15:15:00,72887,243
2020-10-24 15:30:00,72887,228
2020-10-24 15:45:00,72887,254
2020-10-24 16:00:00,72887,228
2020-10-24 16:15:00,72887,244
2020-10-24 16:30:00,72887,206
2020-10-24 16:45:00,72887,237
2020-10-24 17:00:00,72887,246
2020-10-24 17:15:00,72887,242
2020-10-24 17:30:00,72887,242
2020-10-24 17:45:00,72887,214
2020-10-24 18:00:00,72887,206
2020-10-24 18:15:00,72887,219
2020-10-24 18:30:00,72887,228
2020-10-24 18:45:00,72887,234
2020-10-24 19:00:00,72887,218
2020-10-24 19:15:00,72887,193
2020-10-24 19:30:00,72887,229
2020-10-24 19:45:00,72887,238
2020-10-24 20:00:00,72887,260
2020-10-24 20:15:00,72887,244
2020-10-24 20:30:00,72887,210
2020-10-24 20:45:00,72887,225
2020-10-24 21:00:00,72887,266
2020-10-24 21:15:00,72887,236
2020-10-24 21:30:00,72887,254
2020-10-24 21:45:00,72887,240
2020-10-24 22:00:00,72887,270
2020-10-24 22:15:00,72887,230
2020-10-24 22:30:00,72887,242
2020-10-24 22:45:00,72887,274
2020-10-24 23:00:00,72887,228
2020-10-24 23:15:00,72887,234
2020-10-24 23:30:00,72887,268
2020-10-24 23:45:00,72887,245
2020-10-25 00:00:00,72887,228
2020-10-25 00:15:00,72887,250
2020-10-25 00:30:00,72887,226
2020-10-25 00:45:00,72887,204
2020-10-25 01:00:00,72887,188
2020-10-25 01:15:00,72887,184
2020-10-25 01:30:00,72887,167
2020-10-25 01:45:00,72887,149
2020-10-25 02:00:00,72887,128
2020-10-25 02:15:00,72887,132
2020-10-25 02:30:00,72887,106
2020-10-25 02:45:00,72887,102
2020-10-25 03:00:00,72887,96
2020-10-25 03:15:00,72887,106
2020-10-25 03:30:00,72887,96
2020-10-25 03:45:00,72887,96
2020-10-25 04:00:00,72887,86
2020-10-25 04:15:00,72887,87
2020-10-25 04:30:00,72887,84
2020-10-25 04:45:00,72887,77
2020-10-25 05:00:00,72887,70
2020-10-25 05:15:00,72887,68
2020-10-25 05:30:00,72887,56
2020-10-25 05:45:00,72887,49
2020-10-25 06:00:00,72887,75
2020-10-25 06:15:00,72887,52
2020-10-25 06:30:00,72887,60
2020-10-25 06:45:00,72887,68
2020-10-25 07:00:00,72887,90
2020-10-25 07:15:00,72887,84
2020-10-25 07:30:00,72887,94
2020-10-25 07:45:00,72887,73
2020-10-25 08:00:00,72887,74
2020-10-25 08:15:00,72887,100
2020-10-25 08:30:00,72887,91
2020-10-25 08:45:00,72887,74
2020-10-25 09:00:00,72887,118
2020-10-25 09:15:00,72887,102
2020-10-25 09:30:00,72887,103
2020-10-25 09:45:00,72887,122
2020-10-25 10:00:00,72887,118
2020-10-25 10:15:00,72887,138
2020-10-25 10:30:00,72887,138
2020-10-25 10:45:00,72887,156
2020-10-25 11:00:00,72887,160
2020-10-25 11:15:00,72887,172
2020-10-25 11:30:00,72887,172
2020-10-25 11:45:00,72887,184
2020-10-25 12:00:00,72887,208
2020-10-25 12:15:00,72887,206
2020-10-25 12:30:00,72887,230
2020-10-25 12:45:00,72887,212
2020-10-25 13:00:00,72887,192
2020-10-25 13:15:00,72887,217
2020-10-25 13:30:00,72887,212
2020-10-25 13:45:00,72887,231
2020-10-25 14:00:00,72887,168
2020-10-25 14:15:00,72887,210
2020-10-25 14:30:00,72887,200
2020-10-25 14:45:00,72887,200
2020-10-25 15:00:00,72887,232
2020-10-25 15:15:00,72887,244
2020-10-25 15:30:00,72887,270
2020-10-25 15:45:00,72887,245
2020-10-25 16:00:00,72887,232
2020-10-25 16:15:00,72887,234
2020-10-25 16:30:00,72887,230
2020-10-25 16:45:00,72887,229
2020-10-25 17:00:00,72887,222
2020-10-25 17:15:00,72887,254
2020-10-25 17:30:00,72887,238
2020-10-25 17:45:00,72887,230
2020-10-25 18:00:00,72887,238
2020-10-25 18:15:00,72887,238
2020-10-25 18:30:00,72887,240
2020-10-25 18:45:00,72887,242
2020-10-25 19:00:00,72887,217
2020-10-25 19:15:00,72887,235
2020-10-25 19:30:00,72887,219
2020-10-25 19:45:00,72887,217
2020-10-25 20:00:00,72887,240
2020-10-25 20:15:00,72887,226
2020-10-25 20:30:00,72887,220
2020-10-25 20:45:00,72887,224
2020-10-25 21:00:00,72887,236
2020-10-25 21:15:00,72887,222
2020-10-25 21:30:00,72887,220
2020-10-25 21:45:00,72887,182
2020-10-25 22:00:00,72887,189
2020-10-25 22:15:00,72887,194
2020-10-25 22:30:00,72887,192
2020-10-25 22:45:00,72887,171
2020-10-25 23:00:00,72887,180
2020-10-25 23:15:00,72887,160
2020-10-25 23:30:00,72887,192
2020-10-25 23:45:00,72887,160
2020-10-26 00:00:00,72887,199
2020-10-26 00:15:00,72887,197
2020-10-26 00:30:00,72887,152
2020-10-26 00:45:00,72887,128
2020-10-26 01:00:00,72887,110
2020-10-26 01:15:00,72887,129
2020-10-26 01:30:00,72887,112
2020-10-26 01:45:00,72887,98
2020-10-26 02:00:00,72887,95
2020-10-26 02:15:00,72887,80
2020-10-26 02:30:00,72887,60
2020-10-26 02:45:00,72887,75
2020-10-26 03:00:00,72887,54
2020-10-26 03:15:00,72887,66
2020-10-26 03:30:00,72887,52
2020-10-26 03:45:00,72887,47
2020-10-26 04:00:00,72887,52
2020-10-26 04:15:00,72887,67
2020-10-26 04:30:00,72887,64
2020-10-26 04:45:00,72887,68
2020-10-26 05:00:00,72887,64
2020-10-26 05:15:00,72887,82
2020-10-26 05:30:00,72887,82
2020-10-26 05:45:00,72887,72
2020-10-26 06:00:00,72887,100
2020-10-26 06:15:00,72887,107
2020-10-26 06:30:00,72887,104
2020-10-26 06:45:00,72887,148
2020-10-26 07:00:00,72887,157
2020-10-26 07:15:00,72887,152
2020-10-26 07:30:00,72887,185
2020-10-26 07:45:00,72887,206
2020-10-26 08:00:00,72887,170
2020-10-26 08:15:00,72887,204
2020-10-26 08:30:00,72887,197
2020-10-26 08:45:00,72887,176
2020-10-26 09:00:00,72887,186
2020-10-26 09:15:00,72887,182
2020-10-26 09:30:00,72887,174
2020-10-26 09:45:00,72887,196
2020-10-26 10:00:00,72887,164
2020-10-26 10:15:00,72887,196
2020-10-26 10:30:00,72887,210
2020-10-26 10:45:00,72887,221
2020-10-26 11:00:00,72887,211
2020-10-26 11:15:00,72887,216
2020-10-26 11:30:00,72887,238
2020-10-26 11:45:00,72887,207
2020-10-26 12:00:00,72887,260
2020-10-26 12:15:00,72887,292
2020-10-26 12:30:00,72887,244
2020-10-26 12:45:00,72887,240
2020-10-26 13:00:00,72887,236
2020-10-26 13:15:00,72887,231
2020-10-26 13:30:00,72887,269
2020-10-26 13:45:00,72887,212
2020-10-26 14:00:00,72887,221
2020-10-26 14:15:00,72887,261
2020-10-26 14:30:00,72887,230
2020-10-26 14:45:00,72887,242
2020-10-26 15:00:00,72887,278
2020-10-26 15:15:00,72887,264
2020-10-26 15:30:00,72887,223
2020-10-26 15:45:00,72887,246
2020-10-26 16:00:00,72887,226
2020-10-26 16:15:00,72887,273
2020-10-26 16:30:00,72887,252
2020-10-26 16:45:00,72887,192
2020-10-26 17:00:00,72887,234
2020-10-26 17:15:00,72887,250
2020-10-26 17:30:00,72887,260
2020-10-26 17:45:00,72887,288
2020-10-26 18:00:00,72887,242
2020-10-26 18:15:00,72887,190
2020-10-26 18:30:00,72887,198
2020-10-26 18:45:00,72887,256
2020-10-26 19:00:00,72887,216
2020-10-26 19:15:00,72887,235
2020-10-26 19:30:00,72887,246
2020-10-26 19:45:00,72887,245
2020-10-26 20:00:00,72887,219
2020-10-26 20:15:00,72887,213
2020-10-26 20:30:00,72887,240
2020-10-26 20:45:00,72887,194
2020-10-26 21:00:00,72887,232
2020-10-26 21:15:00,72887,196
2020-10-26 21:30:00,72887,164
2020-10-26 21:45:00,72887,178
2020-10-26 22:00:00,72887,214
2020-10-26 22:15:00,72887,174
2020-10-26 22:30:00,72887,152
2020-10-26 22:45:00,72887,158
2020-10-26 23:00:00,72887,190
2020-10-26 23:15:00,72887,147
2020-10-26 23:30:00,72887,144
2020-10-26 23:45:00,72887,144
2020-10-30 00:00:00,72887,202
2020-10-30 00:15:00,72887,177
2020-10-30 00:30:00,72887,156
2020-10-30 00:45:00,72887,129
2020-10-30 01:00:00,72887,102
2020-10-30 01:15:00,72887,100
2020-10-30 01:30:00,72887,88
2020-10-30 01:45:00,72887,78
2020-10-30 02:00:00,72887,90
2020-10-30 02:15:00,72887,68
2020-10-30 02:30:00,72887,74
2020-10-30 02:45:00,72887,65
2020-10-30 03:00:00,72887,68
2020-10-30 03:15:00,72887,53
2020-10-30 03:30:00,72887,54
2020-10-30 03:45:00,72887,54
2020-10-30 04:00:00,72887,59
2020-10-30 04:15:00,72887,50
2020-10-30 04:30:00,72887,62
2020-10-30 04:45:00,72887,78
2020-10-30 05:00:00,72887,86
2020-10-30 05:15:00,72887,110
2020-10-30 05:30:00,72887,97
2020-10-30 05:45:00,72887,96
2020-10-30 06:00:00,72887,129
2020-10-30 06:15:00,72887,103
2020-10-30 06:30:00,72887,133
2020-10-30 06:45:00,72887,118
2020-10-30 07:00:00,72887,152
2020-10-30 07:15:00,72887,161
2020-10-30 07:30:00,72887,165
2020-10-30 07:45:00,72887,170
2020-10-30 08:00:00,72887,184
2020-10-30 08:15:00,72887,201
2020-10-30 08:30:00,72887,160
2020-10-30 08:45:00,72887,178
2020-10-30 09:00:00,72887,189
2020-10-30 09:15:00,72887,176
2020-10-30 09:30:00,72887,190
2020-10-30 09:45:00,72887,170
2020-10-30 10:00:00,72887,198
2020-10-30 10:15:00,72887,177
2020-10-30 10:30:00,72887,194
2020-10-30 10:45:00,72887,152
2020-10-30 11:00:00,72887,173
2020-10-30 11:15:00,72887,208
2020-10-30 11:30:00,72887,208
2020-10-30 11:45:00,72887,210
2020-10-30 12:00:00,72887,212
2020-10-30 12:15:00,72887,196
2020-10-30 12:30:00,72887,226
2020-10-30 12:45:00,72887,206
2020-10-30 13:00:00,72887,212
2020-10-30 13:15:00,72887,206
2020-10-30 13:30:00,72887,218
2020-10-30 13:45:00,72887,248
2020-10-30 14:00:00,72887,248
2020-10-30 14:15:00,72887,246
2020-10-30 14:30:00,72887,230
2020-10-30 14:45:00,72887,240
2020-10-30 15:00:00,72887,226
2020-10-30 15:15:00,72887,178
2020-10-30 15:30:00,72887,164
2020-10-30 15:45:00,72887,202
2020-10-30 16:00:00,72887,224
2020-10-30 16:15:00,72887,218
2020-10-30 16:30:00,72887,220
2020-10-30 16:45:00,72887,203
2020-10-30 17:00:00,72887,218
2020-10-30 17:15:00,72887,248
2020-10-30 17:30:00,72887,298
2020-10-30 17:45:00,72887,265
2020-10-30 18:00:00,72887,164
2020-10-30 18:15:00,72887,184
2020-10-30 18:30:00,72887,182
2020-10-30 18:45:00,72887,200
2020-10-30 19:00:00,72887,217
2020-10-30 19:15:00,72887,190
2020-10-30 19:30:00,72887,178
2020-10-30 19:45:00,72887,166
2020-10-30 20:00:00,72887,192
2020-10-30 20:15:00,72887,180
2020-10-30 20:30:00,72887,184
2020-10-30 20:45:00,72887,233
2020-10-30 21:00:00,72887,274
2020-10-30 21:15:00,72887,256
2020-10-30 21:30:00,72887,222
2020-10-30 21:45:00,72887,240
2020-10-30 22:00:00,72887,248
2020-10-30 22:15:00,72887,264
2020-10-30 22:30:00,72887,235
2020-10-30 22:45:00,72887,244
2020-10-30 23:00:00,72887,223
2020-10-30 23:15:00,72887,226
2020-10-30 23:30:00,72887,240
2020-10-30 23:45:00,72887,256
2020-10-31 00:00:00,72887,132
2020-10-31 00:15:00,72887,131
2020-10-31 00:30:00,72887,134
2020-10-31 00:45:00,72887,129
2020-10-31 01:00:00,72887,118
2020-10-31 01:15:00,72887,116
2020-10-31 01:30:00,72887,104
2020-10-31 01:45:00,72887,105
2020-10-31 02:00:00,72887,80
2020-10-31 02:15:00,72887,82
2020-10-31 02:30:00,72887,69
2020-10-31 02:45:00,72887,60
2020-10-31 03:00:00,72887,63
2020-10-31 03:15:00,72887,60
2020-10-31 03:30:00,72887,52
2020-10-31 03:45:00,72887,50
2020-10-31 04:00:00,72887,60
2020-10-31 04:15:00,72887,48
2020-10-31 04:30:00,72887,52
2020-10-31 04:45:00,72887,56
2020-10-31 05:00:00,72887,36
2020-10-31 05:15:00,72887,57
2020-10-31 05:30:00,72887,62
2020-10-31 05:45:00,72887,67
2020-10-31 06:00:00,72887,78
2020-10-31 06:15:00,72887,68
2020-10-31 06:30:00,72887,84
2020-10-31 06:45:00,72887,110
2020-10-31 07:00:00,72887,112
2020-10-31 07:15:00,72887,109
2020-10-31 07:30:00,72887,121
2020-10-31 07:45:00,72887,136
2020-10-31 08:00:00,72887,128
2020-10-31 08:15:00,72887,153
2020-10-31 08:30:00,72887,158
2020-10-31 08:45:00,72887,188
2020-10-31 09:00:00,72887,163
2020-10-31 09:15:00,72887,172
2020-10-31 09:30:00,72887,168
2020-10-31 09:45:00,72887,195
2020-10-31 10:00:00,72887,213
2020-10-31 10:15:00,72887,230
2020-10-31 10:30:00,72887,232
2020-10-31 10:45:00,72887,222
2020-10-31 11:00:00,72887,186
2020-10-31 11:15:00,72887,224
2020-10-31 11:30:00,72887,237
2020-10-31 11:45:00,72887,232
2020-10-31 12:00:00,72887,222
2020-10-31 12:15:00,72887,246
2020-10-31 12:30:00,72887,230
2020-10-31 12:45:00,72887,227
2020-10-31 13:00:00,72887,212
2020-10-31 13:15:00,72887,242
2020-10-31 13:30:00,72887,271
2020-10-31 13:45:00,72887,286
2020-10-31 14:00:00,72887,283
2020-10-31 14:15:00,72887,280
2020-10-31 14:30:00,72887,280
2020-10-31 14:45:00,72887,302
2020-10-31 15:00:00,72887,288
2020-10-31 15:15:00,72887,262
2020-10-31 15:30:00,72887,254
2020-10-31 15:45:00,72887,274
2020-10-31 16:00:00,72887,266
2020-10-31 16:15:00,72887,244
2020-10-31 16:30:00,72887,292
2020-10-31 16:45:00,72887,254
2020-10-31 17:00:00,72887,278
2020-10-31 17:15:00,72887,251
2020-10-31 17:30:00,72887,288
2020-10-31 17:45:00,72887,234
2020-10-31 18:00:00,72887,227
2020-10-31 18:15:00,72887,225
2020-10-31 18:30:00,72887,262
2020-10-31 18:45:00,72887,230
2020-10-31 19:00:00,72887,205
2020-10-31 19:15:00,72887,209
2020-10-31 19:30:00,72887,237
2020-10-31 19:45:00,72887,212
2020-10-31 20:00:00,72887,229
2020-10-31 20:15:00,72887,226
2020-10-31 20:30:00,72887,168
2020-10-31 20:45:00,72887,188
2020-10-31 21:00:00,72887,174
2020-10-31 21:15:00,72887,171
2020-10-31 21:30:00,72887,183
2020-10-31 21:45:00,72887,152
2020-10-31 22:00:00,72887,163
2020-10-31 22:15:00,72887,146
2020-10-31 22:30:00,72887,166
2020-10-31 22:45:00,72887,184
2020-10-31 23:00:00,72887,186
2020-10-31 23:15:00,72887,172
2020-10-31 23:30:00,72887,184
2020-10-31 23:45:00,72887,158
2020-11-01 00:00:00,72887,228
2020-11-01 00:15:00,72887,240
2020-11-01 00:30:00,72887,230
2020-11-01 00:45:00,72887,208
2020-11-01 01:00:00,72887,212
2020-11-01 01:15:00,72887,170
2020-11-01 01:30:00,72887,158
2020-11-01 01:45:00,72887,150
2020-11-01 02:00:00,72887,152
2020-11-01 02:15:00,72887,131
2020-11-01 02:30:00,72887,114
2020-11-01 02:45:00,72887,92
2020-11-01 03:00:00,72887,114
2020-11-01 03:15:00,72887,100
2020-11-01 03:30:00,72887,98
2020-11-01 03:45:00,72887,82
2020-11-01 04:00:00,72887,102
2020-11-01 04:15:00,72887,87
2020-11-01 04:30:00,72887,114
2020-11-01 04:45:00,72887,76
2020-11-01 05:00:00,72887,57
2020-11-01 05:15:00,72887,82
2020-11-01 05:30:00,72887,64
2020-11-01 05:45:00,72887,68
2020-11-01 06:00:00,72887,67
2020-11-01 06:15:00,72887,52
2020-11-01 06:30:00,72887,68
2020-11-01 06:45:00,72887,71
2020-11-01 07:00:00,72887,72
2020-11-01 07:15:00,72887,64
2020-11-01 07:30:00,72887,80
2020-11-01 07:45:00,72887,92
2020-11-01 08:00:00,72887,64
2020-11-01 08:15:00,72887,90
2020-11-01 08:30:00,72887,87
2020-11-01 08:45:00,72887,88
2020-11-01 09:00:00,72887,102
2020-11-01 09:15:00,72887,110
2020-11-01 09:30:00,72887,110
2020-11-01 09:45:00,72887,122
2020-11-01 10:00:00,72887,166
2020-11-01 10:15:00,72887,157
2020-11-01 10:30:00,72887,132
2020-11-01 10:45:00,72887,164
2020-11-01 11:00:00,72887,175
2020-11-01 11:15:00,72887,190
2020-11-01 11:30:00,72887,208
2020-11-01 11:45:00,72887,203
2020-11-01 12:00:00,72887,184
2020-11-01 12:15:00,72887,252
2020-11-01 12:30:00,72887,260
2020-11-01 12:45:00,72887,210
2020-11-01 13:00:00,72887,241
2020-11-01 13:15:00,72887,230
2020-11-01 13:30:00,72887,225
2020-11-01 13:45:00,72887,258
2020-11-01 14:00:00,72887,262
2020-11-01 14:15:00,72887,229
2020-11-01 14:30:00,72887,216
2020-11-01 14:45:00,72887,260
2020-11-01 15:00:00,72887,243
2020-11-01 15:15:00,72887,263
2020-11-01 15:30:00,72887,217
2020-11-01 15:45:00,72887,280
2020-11-01 16:00:00,72887,235
2020-11-01 16:15:00,72887,278
2020-11-01 16:30:00,72887,248
2020-11-01 16:45:00,72887,214
2020-11-01 17:00:00,72887,242
2020-11-01 17:15:00,72887,262
2020-11-01 17:30:00,72887,276
2020-11-01 17:45:00,72887,245
2020-11-01 18:00:00,72887,234
2020-11-01 18:15:00,72887,239
2020-11-01 18:30:00,72887,252
2020-11-01 18:45:00,72887,290
2020-11-01 19:00:00,72887,242
2020-11-01 19:15:00,72887,226
2020-11-01 19:30:00,72887,238
2020-11-01 19:45:00,72887,250
2020-11-01 20:00:00,72887,254
2020-11-01 20:15:00,72887,258
2020-11-01 20:30:00,72887,276
2020-11-01 20:45:00,72887,240
2020-11-01 21:00:00,72887,234
2020-11-01 21:15:00,72887,284
2020-11-01 21:30:00,72887,256
2020-11-01 21:45:00,72887,215
2020-11-01 22:00:00,72887,234
2020-11-01 22:15:00,72887,198
2020-11-01 22:30:00,72887,210
2020-11-01 22:45:00,72887,188
2020-11-01 23:00:00,72887,182
2020-11-01 23:15:00,72887,187
2020-11-01 23:30:00,72887,184
2020-11-01 23:45:00,72887,182
2021-10-18 00:00:00,72887,128
2021-10-18 00:15:00,72887,122
2021-10-18 00:30:00,72887,123
2021-10-18 00:45:00,72887,107
2021-10-18 01:00:00,72887,100
2021-10-18 01:15:00,72887,112
2021-10-18 01:30:00,72887,95
2021-10-18 01:45:00,72887,70
2021-10-18 02:00:00,72887,62
2021-10-18 02:15:00,72887,76
2021-10-18 02:30:00,72887,60
2021-10-18 02:45:00,72887,59
2021-10-18 03:00:00,72887,69
2021-10-18 03:15:00,72887,63
2021-10-18 03:30:00,72887,74
2021-10-18 03:45:00,72887,62
2021-10-18 04:00:00,72887,88
2021-10-18 04:15:00,72887,103
2021-10-18 04:30:00,72887,99
2021-10-18 04:45:00,72887,123
2021-10-18 05:00:00,72887,153
2021-10-18 05:15:00,72887,174
2021-10-18 05:30:00,72887,190
2021-10-18 05:45:00,72887,239
2021-10-18 06:00:00,72887,217
2021-10-18 06:15:00,72887,234
2021-10-18 06:30:00,72887,279
2021-10-18 06:45:00,72887,296
2021-10-18 07:00:00,72887,301
2021-10-18 07:15:00,72887,296
2021-10-18 07:30:00,72887,309
2021-10-18 07:45:00,72887,300
2021-10-18 08:00:00,72887,330
2021-10-18 08:15:00,72887,274
2021-10-18 08:30:00,72887,322
2021-10-18 08:45:00,72887,267
2021-10-18 09:00:00,72887,292
2021-10-18 09:15:00,72887,277
2021-10-18 09:30:00,72887,245
2021-10-18 09:45:00,72887,256
2021-10-18 10:00:00,72887,241
2021-10-18 10:15:00,72887,216
2021-10-18 10:30:00,72887,239
2021-10-18 10:45:00,72887,237
2021-10-18 11:00:00,72887,232
2021-10-18 11:15:00,72887,223
2021-10-18 11:30:00,72887,205
2021-10-18 11:45:00,72887,206
2021-10-18 12:00:00,72887,209
2021-10-18 12:15:00,72887,202
2021-10-18 12:30:00,72887,182
2021-10-18 12:45:00,72887,231
2021-10-18 13:00:00,72887,231
2021-10-18 13:15:00,72887,206
2021-10-18 13:30:00,72887,245
2021-10-18 13:45:00,72887,255
2021-10-18 14:00:00,72887,264
2021-10-18 14:15:00,72887,283
2021-10-18 14:30:00,72887,262
2021-10-18 14:45:00,72887,279
2021-10-18 15:00:00,72887,253
2021-10-18 15:15:00,72887,286
2021-10-18 15:30:00,72887,264
2021-10-18 15:45:00,72887,248
2021-10-18 16:00:00,72887,236
2021-10-18 16:15:00,72887,269
2021-10-18 16:30:00,72887,251
2021-10-18 16:45:00,72887,275
2021-10-18 17:00:00,72887,264
2021-10-18 17:15:00,72887,253
2021-10-18 17:30:00,72887,238
2021-10-18 17:45:00,72887,256
2021-10-18 18:00:00,72887,241
2021-10-18 18:15:00,72887,220
2021-10-18 18:30:00,72887,200
2021-10-18 18:45:00,72887,219
2021-10-18 19:00:00,72887,183
2021-10-18 19:15:00,72887,214
2021-10-18 19:30:00,72887,188
2021-10-18 19:45:00,72887,240
2021-10-18 20:00:00,72887,208
2021-10-18 20:15:00,72887,224
2021-10-18 20:30:00,72887,198
2021-10-18 20:45:00,72887,185
2021-10-18 21:00:00,72887,185
2021-10-18 21:15:00,72887,178
2021-10-18 21:30:00,72887,168
2021-10-18 21:45:00,72887,173
2021-10-18 22:00:00,72887,143
2021-10-18 22:15:00,72887,149
2021-10-18 22:30:00,72887,159
2021-10-18 22:45:00,72887,153
2021-10-18 23:00:00,72887,133
2021-10-18 23:15:00,72887,127
2021-10-18 23:30:00,72887,121
2021-10-18 23:45:00,72887,103
2021-10-19 00:00:00,72887,100
2021-10-19 00:15:00,72887,96
2021-10-19 00:30:00,72887,80
2021-10-19 00:45:00,72887,73
2021-10-19 01:00:00,72887,74
2021-10-19 01:15:00,72887,63
2021-10-19 01:30:00,72887,52
2021-10-19 01:45:00,72887,56
2021-10-19 02:00:00,72887,56
2021-10-19 02:15:00,72887,50
2021-10-19 02:30:00,72887,45
2021-10-19 02:45:00,72887,40
2021-10-19 03:00:00,72887,48
2021-10-19 03:15:00,72887,55
2021-10-19 03:30:00,72887,46
2021-10-19 03:45:00,72887,45
2021-10-19 04:00:00,72887,64
2021-10-19 04:15:00,72887,74
2021-10-19 04:30:00,72887,86
2021-10-19 04:45:00,72887,108
2021-10-19 05:00:00,72887,139
2021-10-19 05:15:00,72887,182
2021-10-19 05:30:00,72887,221
2021-10-19 05:45:00,72887,232
2021-10-19 06:00:00,72887,257
2021-10-19 06:15:00,72887,251
2021-10-19 06:30:00,72887,274
2021-10-19 06:45:00,72887,298
2021-10-19 07:00:00,72887,321
2021-10-19 07:15:00,72887,323
2021-10-19 07:30:00,72887,340
2021-10-19 07:45:00,72887,300
2021-10-19 08:00:00,72887,273
2021-10-19 08:15:00,72887,268
2021-10-19 08:30:00,72887,251
2021-10-19 08:45:00,72887,254
2021-10-19 09:00:00,72887,214
2021-10-19 09:15:00,72887,204
2021-10-19 09:30:00,72887,214
2021-10-19 09:45:00,72887,196
2021-10-19 10:00:00,72887,217
2021-10-19 10:15:00,72887,239
2021-10-19 10:30:00,72887,250
2021-10-19 10:45:00,72887,220
2021-10-19 11:00:00,72887,242
2021-10-19 11:15:00,72887,236
2021-10-19 11:30:00,72887,228
2021-10-19 11:45:00,72887,251
2021-10-19 12:00:00,72887,274
2021-10-19 12:15:00,72887,244
2021-10-19 12:30:00,72887,249
2021-10-19 12:45:00,72887,240
2021-10-19 13:00:00,72887,248
2021-10-19 13:15:00,72887,225
2021-10-19 13:30:00,72887,224
2021-10-19 13:45:00,72887,242
2021-10-19 14:00:00,72887,253
2021-10-19 14:15:00,72887,290
2021-10-19 14:30:00,72887,245
2021-10-19 14:45:00,72887,268
2021-10-19 15:00:00,72887,277
2021-10-19 15:15:00,72887,236
2021-10-19 15:30:00,72887,289
2021-10-19 15:45:00,72887,264
2021-10-19 16:00:00,72887,241
2021-10-19 16:15:00,72887,266
2021-10-19 16:30:00,72887,249
2021-10-19 16:45:00,72887,220
2021-10-19 17:00:00,72887,218
2021-10-19 17:15:00,72887,254
2021-10-19 17:30:00,72887,219
2021-10-19 17:45:00,72887,217
2021-10-19 18:00:00,72887,215
2021-10-19 18:15:00,72887,232
2021-10-19 18:30:00,72887,255
2021-10-19 18:45:00,72887,230
2021-10-19 19:00:00,72887,204
2021-10-19 19:15:00,72887,228
2021-10-19 19:30:00,72887,198
2021-10-19 19:45:00,72887,185
2021-10-19 20:00:00,72887,177
2021-10-19 20:15:00,72887,182
2021-10-19 20:30:00,72887,173
2021-10-19 20:45:00,72887,195
2021-10-19 21:00:00,72887,187
2021-10-19 21:15:00,72887,174
2021-10-19 21:30:00,72887,190
2021-10-19 21:45:00,72887,181
2021-10-19 22:00:00,72887,176
2021-10-19 22:15:00,72887,162
2021-10-19 22:30:00,72887,166
2021-10-19 22:45:00,72887,171
2021-10-19 23:00:00,72887,170
2021-10-19 23:15:00,72887,148
2021-10-19 23:30:00,72887,133
2021-10-19 23:45:00,72887,120
2021-10-20 00:00:00,72887,101
2021-10-20 00:15:00,72887,80
2021-10-20 00:30:00,72887,94
2021-10-20 00:45:00,72887,83
2021-10-20 01:00:00,72887,86
2021-10-20 01:15:00,72887,72
2021-10-20 01:30:00,72887,61
2021-10-20 01:45:00,72887,54
2021-10-20 02:00:00,72887,59
2021-10-20 02:15:00,72887,51
2021-10-20 02:30:00,72887,46
2021-10-20 02:45:00,72887,61
2021-10-20 03:00:00,72887,48
2021-10-20 03:15:00,72887,50
2021-10-20 03:30:00,72887,54
2021-10-20 03:45:00,72887,62
2021-10-20 04:00:00,72887,73
2021-10-20 04:15:00,72887,72
2021-10-20 04:30:00,72887,78
2021-10-20 04:45:00,72887,110
2021-10-20 05:00:00,72887,139
2021-10-20 05:15:00,72887,148
2021-10-20 05:30:00,72887,168
2021-10-20 05:45:00,72887,194
2021-10-20 06:00:00,72887,233
2021-10-20 06:15:00,72887,218
2021-10-20 06:30:00,72887,244
2021-10-20 06:45:00,72887,251
2021-10-20 07:00:00,72887,261
2021-10-20 07:15:00,72887,276
2021-10-20 07:30:00,72887,280
2021-10-20 07:45:00,72887,286
2021-10-20 08:00:00,72887,311
2021-10-20 08:15:00,72887,270
2021-10-20 08:30:00,72887,267
2021-10-20 08:45:00,72887,286
2021-10-20 09:00:00,72887,237
2021-10-20 09:15:00,72887,259
2021-10-20 09:30:00,72887,240
2021-10-20 09:45:00,72887,232
2021-10-20 10:00:00,72887,232
2021-10-20 10:15:00,72887,212
2021-10-20 10:30:00,72887,221
2021-10-20 10:45:00,72887,241
2021-10-20 11:00:00,72887,254
2021-10-20 11:15:00,72887,247
2021-10-20 11:30:00,72887,246
2021-10-20 11:45:00,72887,268
2021-10-20 12:00:00,72887,248
2021-10-20 12:15:00,72887,274
2021-10-20 12:30:00,72887,263
2021-10-20 12:45:00,72887,233
2021-10-20 13:00:00,72887,257
2021-10-20 13:15:00,72887,227
2021-10-20 13:30:00,72887,223
2021-10-20 13:45:00,72887,262
2021-10-20 14:00:00,72887,256
2021-10-20 14:15:00,72887,259
2021-10-20 14:30:00,72887,256
2021-10-20 14:45:00,72887,262
2021-10-20 15:00:00,72887,236
2021-10-20 15:15:00,72887,261
2021-10-20 15:30:00,72887,262
2021-10-20 15:45:00,72887,281
2021-10-20 16:00:00,72887,276
2021-10-20 16:15:00,72887,266
2021-10-20 16:30:00,72887,257
2021-10-20 16:45:00,72887,255
2021-10-20 17:00:00,72887,285
2021-10-20 17:15:00,72887,282
2021-10-20 17:30:00,72887,249
2021-10-20 17:45:00,72887,260
2021-10-20 18:00:00,72887,258
2021-10-20 18:15:00,72887,230
2021-10-20 18:30:00,72887,218
2021-10-20 18:45:00,72887,204
2021-10-20 19:00:00,72887,218
2021-10-20 19:15:00,72887,197
2021-10-20 19:30:00,72887,217
2021-10-20 19:45:00,72887,199
2021-10-20 20:00:00,72887,237
2021-10-20 20:15:00,72887,196
2021-10-20 20:30:00,72887,203
2021-10-20 20:45:00,72887,221
2021-10-20 21:00:00,72887,182
2021-10-20 21:15:00,72887,197
2021-10-20 21:30:00,72887,189
2021-10-20 21:45:00,72887,172
2021-10-20 22:00:00,72887,166
2021-10-20 22:15:00,72887,139
2021-10-20 22:30:00,72887,143
2021-10-20 22:45:00,72887,148
2021-10-20 23:00:00,72887,138
2021-10-20 23:15:00,72887,116
2021-10-20 23:30:00,72887,121
2021-10-20 23:45:00,72887,115
2021-10-21 00:00:00,72887,130
2021-10-21 00:15:00,72887,106
2021-10-21 00:30:00,72887,92
2021-10-21 00:45:00,72887,82
2021-10-21 01:00:00,72887,77
2021-10-21 01:15:00,72887,83
2021-10-21 01:30:00,72887,74
2021-10-21 01:45:00,72887,67
2021-10-21 02:00:00,72887,59
2021-10-21 02:15:00,72887,63
2021-10-21 02:30:00,72887,70
2021-10-21 02:45:00,72887,57
2021-10-21 03:00:00,72887,43
2021-10-21 03:15:00,72887,60
2021-10-21 03:30:00,72887,55
2021-10-21 03:45:00,72887,67
2021-10-21 04:00:00,72887,62
2021-10-21 04:15:00,72887,73
2021-10-21 04:30:00,72887,90
2021-10-21 04:45:00,72887,99
2021-10-21 05:00:00,72887,129
2021-10-21 05:15:00,72887,175
2021-10-21 05:30:00,72887,171
2021-10-21 05:45:00,72887,218
2021-10-21 06:00:00,72887,228
2021-10-21 06:15:00,72887,244
2021-10-21 06:30:00,72887,233
2021-10-21 06:45:00,72887,239
2021-10-21 07:00:00,72887,288
2021-10-21 07:15:00,72887,276
2021-10-21 07:30:00,72887,279
2021-10-21 07:45:00,72887,269
2021-10-21 08:00:00,72887,277
2021-10-21 08:15:00,72887,274
2021-10-21 08:30:00,72887,281
2021-10-21 08:45:00,72887,254
2021-10-21 09:00:00,72887,259
2021-10-21 09:15:00,72887,264
2021-10-21 09:30:00,72887,261
2021-10-21 09:45:00,72887,226
2021-10-21 10:00:00,72887,229
2021-10-21 10:15:00,72887,237
2021-10-21 10:30:00,72887,217
2021-10-21 10:45:00,72887,195
2021-10-21 11:00:00,72887,220
2021-10-21 11:15:00,72887,246
2021-10-21 11:30:00,72887,237
2021-10-21 11:45:00,72887,247
2021-10-21 12:00:00,72887,232
2021-10-21 12:15:00,72887,230
2021-10-21 12:30:00,72887,213
2021-10-21 12:45:00,72887,209
2021-10-21 13:00:00,72887,213
2021-10-21 13:15:00,72887,217
2021-10-21 13:30:00,72887,252
2021-10-21 13:45:00,72887,258
2021-10-21 14:00:00,72887,263
2021-10-21 14:15:00,72887,223
2021-10-21 14:30:00,72887,240
2021-10-21 14:45:00,72887,226
2021-10-21 15:00:00,72887,245
2021-10-21 15:15:00,72887,237
2021-10-21 15:30:00,72887,223
2021-10-21 15:45:00,72887,232
2021-10-21 16:00:00,72887,256
2021-10-21 16:15:00,72887,249
2021-10-21 16:30:00,72887,241
2021-10-21 16:45:00,72887,239
2021-10-21 17:00:00,72887,231
2021-10-21 17:15:00,72887,244
2021-10-21 17:30:00,72887,222
2021-10-21 17:45:00,72887,223
2021-10-21 18:00:00,72887,242
2021-10-21 18:15:00,72887,216
2021-10-21 18:30:00,72887,198
2021-10-21 18:45:00,72887,224
2021-10-21 19:00:00,72887,187
2021-10-21 19:15:00,72887,191
2021-10-21 19:30:00,72887,222
2021-10-21 19:45:00,72887,198
2021-10-21 20:00:00,72887,217
2021-10-21 20:15:00,72887,193
2021-10-21 20:30:00,72887,206
2021-10-21 20:45:00,72887,174
2021-10-21 21:00:00,72887,174
2021-10-21 21:15:00,72887,171
2021-10-21 21:30:00,72887,179
2021-10-21 21:45:00,72887,198
2021-10-21 22:00:00,72887,182
2021-10-21 22:15:00,72887,166
2021-10-21 22:30:00,72887,183
2021-10-21 22:45:00,72887,165
2021-10-21 23:00:00,72887,169
2021-10-21 23:15:00,72887,150
2021-10-21 23:30:00,72887,151
2021-10-21 23:45:00,72887,133
2021-10-22 00:00:00,72887,114
2021-10-22 00:15:00,72887,124
2021-10-22 00:30:00,72887,124
2021-10-22 00:45:00,72887,117
2021-10-22 01:00:00,72887,116
2021-10-22 01:15:00,72887,96
2021-10-22 01:30:00,72887,95
2021-10-22 01:45:00,72887,97
2021-10-22 02:00:00,72887,77
2021-10-22 02:15:00,72887,83
2021-10-22 02:30:00,72887,67
2021-10-22 02:45:00,72887,83
2021-10-22 03:00:00,72887,65
2021-10-22 03:15:00,72887,77
2021-10-22 03:30:00,72887,66
2021-10-22 03:45:00,72887,64
2021-10-22 04:00:00,72887,70
2021-10-22 04:15:00,72887,79
2021-10-22 04:30:00,72887,98
2021-10-22 04:45:00,72887,89
2021-10-22 05:00:00,72887,117
2021-10-22 05:15:00,72887,134
2021-10-22 05:30:00,72887,171
2021-10-22 05:45:00,72887,217
2021-10-22 06:00:00,72887,237
2021-10-22 06:15:00,72887,274
2021-10-22 06:30:00,72887,282
2021-10-22 06:45:00,72887,322
2021-10-22 07:00:00,72887,277
2021-10-22 07:15:00,72887,328
2021-10-22 07:30:00,72887,348
2021-10-22 07:45:00,72887,302
2021-10-22 08:00:00,72887,299
2021-10-22 08:15:00,72887,297
2021-10-22 08:30:00,72887,277
2021-10-22 08:45:00,72887,262
2021-10-22 09:00:00,72887,266
2021-10-22 09:15:00,72887,246
2021-10-22 09:30:00,72887,221
2021-10-22 09:45:00,72887,203
2021-10-22 10:00:00,72887,231
2021-10-22 10:15:00,72887,220
2021-10-22 10:30:00,72887,206
2021-10-22 10:45:00,72887,205
2021-10-22 11:00:00,72887,167
2021-10-22 11:15:00,72887,205
2021-10-22 11:30:00,72887,181
2021-10-22 11:45:00,72887,191
2021-10-22 12:00:00,72887,215
2021-10-22 12:15:00,72887,239
2021-10-22 12:30:00,72887,242
2021-10-22 12:45:00,72887,270
2021-10-22 13:00:00,72887,266
2021-10-22 13:15:00,72887,276
2021-10-22 13:30:00,72887,293
2021-10-22 13:45:00,72887,294
2021-10-22 14:00:00,72887,272
2021-10-22 14:15:00,72887,289
2021-10-22 14:30:00,72887,284
2021-10-22 14:45:00,72887,256
2021-10-22 15:00:00,72887,271
2021-10-22 15:15:00,72887,254
2021-10-22 15:30:00,72887,274
2021-10-22 15:45:00,72887,267
2021-10-22 16:00:00,72887,286
2021-10-22 16:15:00,72887,248
2021-10-22 16:30:00,72887,278
2021-10-22 16:45:00,72887,282
2021-10-22 17:00:00,72887,269
2021-10-22 17:15:00,72887,261
2021-10-22 17:30:00,72887,244
2021-10-22 17:45:00,72887,290
2021-10-22 18:00:00,72887,273
2021-10-22 18:15:00,72887,261
2021-10-22 18:30:00,72887,255
2021-10-22 18:45:00,72887,248
2021-10-22 19:00:00,72887,217
2021-10-22 19:15:00,72887,240
2021-10-22 19:30:00,72887,226
2021-10-22 19:45:00,72887,220
2021-10-22 20:00:00,72887,247
2021-10-22 20:15:00,72887,248
2021-10-22 20:30:00,72887,227
2021-10-22 20:45:00,72887,220
2021-10-22 21:00:00,72887,260
2021-10-22 21:15:00,72887,249
2021-10-22 21:30:00,72887,239
2021-10-22 21:45:00,72887,246
2021-10-22 22:00:00,72887,258
2021-10-22 22:15:00,72887,219
2021-10-22 22:30:00,72887,208
2021-10-22 22:45:00,72887,218
2021-10-22 23:00:00,72887,190
2021-10-22 23:15:00,72887,187
2021-10-22 23:30:00,72887,210
2021-10-22 23:45:00,72887,222
2021-10-23 00:00:00,72887,189
2021-10-23 00:15:00,72887,214
2021-10-23 00:30:00,72887,180
2021-10-23 00:45:00,72887,171
2021-10-23 01:00:00,72887,167
2021-10-23 01:15:00,72887,139
2021-10-23 01:30:00,72887,144
2021-10-23 01:45:00,72887,133
2021-10-23 02:00:00,72887,122
2021-10-23 02:15:00,72887,113
2021-10-23 02:30:00,72887,114
2021-10-23 02:45:00,72887,119
2021-10-23 03:00:00,72887,97
2021-10-23 03:15:00,72887,122
2021-10-23 03:30:00,72887,85
2021-10-23 03:45:00,72887,103
2021-10-23 04:00:00,72887,89
2021-10-23 04:15:00,72887,112
2021-10-23 04:30:00,72887,112
2021-10-23 04:45:00,72887,89
2021-10-23 05:00:00,72887,112
2021-10-23 05:15:00,72887,122
2021-10-23 05:30:00,72887,116
2021-10-23 05:45:00,72887,120
2021-10-23 06:00:00,72887,131
2021-10-23 06:15:00,72887,135
2021-10-23 06:30:00,72887,148
2021-10-23 06:45:00,72887,131
2021-10-23 07:00:00,72887,141
2021-10-23 07:15:00,72887,131
2021-10-23 07:30:00,72887,153
2021-10-23 07:45:00,72887,171
2021-10-23 08:00:00,72887,181
2021-10-23 08:15:00,72887,197
2021-10-23 08:30:00,72887,183
2021-10-23 08:45:00,72887,217
2021-10-23 09:00:00,72887,183
2021-10-23 09:15:00,72887,213
2021-10-23 09:30:00,72887,225
2021-10-23 09:45:00,72887,261
2021-10-23 10:00:00,72887,193
2021-10-23 10:15:00,72887,234
2021-10-23 10:30:00,72887,250
2021-10-23 10:45:00,72887,255
2021-10-23 11:00:00,72887,257
2021-10-23 11:15:00,72887,249
2021-10-23 11:30:00,72887,262
2021-10-23 11:45:00,72887,289
2021-10-23 12:00:00,72887,287
2021-10-23 12:15:00,72887,288
2021-10-23 12:30:00,72887,258
2021-10-23 12:45:00,72887,229
2021-10-23 13:00:00,72887,222
2021-10-23 13:15:00,72887,244
2021-10-23 13:30:00,72887,262
2021-10-23 13:45:00,72887,253
2021-10-23 14:00:00,72887,236
2021-10-23 14:15:00,72887,247
2021-10-23 14:30:00,72887,249
2021-10-23 14:45:00,72887,259
2021-10-23 15:00:00,72887,251
2021-10-23 15:15:00,72887,275
2021-10-23 15:30:00,72887,232
2021-10-23 15:45:00,72887,279
2021-10-23 16:00:00,72887,274
2021-10-23 16:15:00,72887,244
2021-10-23 16:30:00,72887,239
2021-10-23 16:45:00,72887,287
2021-10-23 17:00:00,72887,239
2021-10-23 17:15:00,72887,250
2021-10-23 17:30:00,72887,267
2021-10-23 17:45:00,72887,264
2021-10-23 18:00:00,72887,224
2021-10-23 18:15:00,72887,217
2021-10-23 18:30:00,72887,246
2021-10-23 18:45:00,72887,244
2021-10-23 19:00:00,72887,244
2021-10-23 19:15:00,72887,253
2021-10-23 19:30:00,72887,239
2021-10-23 19:45:00,72887,233
2021-10-23 20:00:00,72887,244
2021-10-23 20:15:00,72887,243
2021-10-23 20:30:00,72887,211
2021-10-23 20:45:00,72887,214
2021-10-23 21:00:00,72887,211
2021-10-23 21:15:00,72887,216
2021-10-23 21:30:00,72887,212
2021-10-23 21:45:00,72887,186
2021-10-23 22:00:00,72887,193
2021-10-23 22:15:00,72887,212
2021-10-23 22:30:00,72887,236
2021-10-23 22:45:00,72887,243
2021-10-23 23:00:00,72887,221
2021-10-23 23:15:00,72887,189
2021-10-23 23:30:00,72887,189
2021-10-23 23:45:00,72887,183
2021-10-24 00:00:00,72887,196
2021-10-24 00:15:00,72887,203
2021-10-24 00:30:00,72887,167
2021-10-24 00:45:00,72887,164
2021-10-24 01:00:00,72887,151
2021-10-24 01:15:00,72887,141
2021-10-24 01:30:00,72887,150
2021-10-24 01:45:00,72887,141
2021-10-24 02:00:00,72887,127
2021-10-24 02:15:00,72887,132
2021-10-24 02:30:00,72887,123
2021-10-24 02:45:00,72887,125
2021-10-24 03:00:00,72887,92
2021-10-24 03:15:00,72887,103
2021-10-24 03:30:00,72887,85
2021-10-24 03:45:00,72887,96
2021-10-24 04:00:00,72887,106
2021-10-24 04:15:00,72887,99
2021-10-24 04:30:00,72887,71
2021-10-24 04:45:00,72887,96
2021-10-24 05:00:00,72887,97
2021-10-24 05:15:00,72887,80
2021-10-24 05:30:00,72887,87
2021-10-24 05:45:00,72887,95
2021-10-24 06:00:00,72887,93
2021-10-24 06:15:00,72887,94
2021-10-24 06:30:00,72887,99
2021-10-24 06:45:00,72887,104
2021-10-24 07:00:00,72887,97
2021-10-24 07:15:00,72887,102
2021-10-24 07:30:00,72887,115
2021-10-24 07:45:00,72887,114
2021-10-24 08:00:00,72887,130
2021-10-24 08:15:00,72887,145
2021-10-24 08:30:00,72887,131
2021-10-24 08:45:00,72887,130
2021-10-24 09:00:00,72887,155
2021-10-24 09:15:00,72887,211
2021-10-24 09:30:00,72887,224
2021-10-24 09:45:00,72887,231
2021-10-24 10:00:00,72887,251
2021-10-24 10:15:00,72887,252
2021-10-24 10:30:00,72887,243
2021-10-24 10:45:00,72887,295
2021-10-24 11:00:00,72887,256
2021-10-24 11:15:00,72887,288
2021-10-24 11:30:00,72887,258
2021-10-24 11:45:00,72887,250
2021-10-24 12:00:00,72887,240
2021-10-24 12:15:00,72887,280
2021-10-24 12:30:00,72887,314
2021-10-24 12:45:00,72887,277
2021-10-24 13:00:00,72887,214
2021-10-24 13:15:00,72887,249
2021-10-24 13:30:00,72887,260
2021-10-24 13:45:00,72887,303
2021-10-24 14:00:00,72887,281
2021-10-24 14:15:00,72887,275
2021-10-24 14:30:00,72887,237
2021-10-24 14:45:00,72887,243
2021-10-24 15:00:00,72887,261
2021-10-24 15:15:00,72887,299
2021-10-24 15:30:00,72887,206
2021-10-24 15:45:00,72887,248
2021-10-24 16:00:00,72887,284
2021-10-24 16:15:00,72887,293
2021-10-24 16:30:00,72887,225
2021-10-24 16:45:00,72887,275
2021-10-24 17:00:00,72887,266
2021-10-24 17:15:00,72887,259
2021-10-24 17:30:00,72887,226
2021-10-24 17:45:00,72887,245
2021-10-24 18:00:00,72887,272
2021-10-24 18:15:00,72887,241
2021-10-24 18:30:00,72887,285
2021-10-24 18:45:00,72887,253
2021-10-24 19:00:00,72887,263
2021-10-24 19:15:00,72887,252
2021-10-24 19:30:00,72887,227
2021-10-24 19:45:00,72887,224
2021-10-24 20:00:00,72887,250
2021-10-24 20:15:00,72887,223
2021-10-24 20:30:00,72887,218
2021-10-24 20:45:00,72887,227
2021-10-24 21:00:00,72887,201
2021-10-24 21:15:00,72887,213
2021-10-24 21:30:00,72887,212
2021-10-24 21:45:00,72887,193
2021-10-24 22:00:00,72887,184
2021-10-24 22:15:00,72887,187
2021-10-24 22:30:00,72887,148
2021-10-24 22:45:00,72887,194
2021-10-24 23:00:00,72887,166
2021-10-24 23:15:00,72887,158
2021-10-24 23:30:00,72887,145
2021-10-24 23:45:00,72887,130
2021-10-25 00:00:00,72887,144
2021-10-25 00:15:00,72887,113
2021-10-25 00:30:00,72887,122
2021-10-25 00:45:00,72887,116
2021-10-25 01:00:00,72887,98
2021-10-25 01:15:00,72887,108
2021-10-25 01:30:00,72887,68
2021-10-25 01:45:00,72887,85
2021-10-25 02:00:00,72887,80
2021-10-25 02:15:00,72887,68
2021-10-25 02:30:00,72887,57
2021-10-25 02:45:00,72887,74
2021-10-25 03:00:00,72887,52
2021-10-25 03:15:00,72887,43
2021-10-25 03:30:00,72887,68
2021-10-25 03:45:00,72887,80
2021-10-25 04:00:00,72887,77
2021-10-25 04:15:00,72887,99
2021-10-25 04:30:00,72887,100
2021-10-25 04:45:00,72887,97
2021-10-25 05:00:00,72887,140
2021-10-25 05:15:00,72887,201
2021-10-25 05:30:00,72887,189
2021-10-25 05:45:00,72887,237
2021-10-25 06:00:00,72887,242
2021-10-25 06:15:00,72887,229
2021-10-25 06:30:00,72887,275
2021-10-25 06:45:00,72887,301
2021-10-25 07:00:00,72887,288
2021-10-25 07:15:00,72887,312
2021-10-25 07:30:00,72887,278
2021-10-25 07:45:00,72887,295
2021-10-25 08:00:00,72887,325
2021-10-25 08:15:00,72887,299
2021-10-25 08:30:00,72887,326
2021-10-25 08:45:00,72887,290
2021-10-25 09:00:00,72887,256
2021-10-25 09:15:00,72887,243
2021-10-25 09:30:00,72887,251
2021-10-25 09:45:00,72887,236
2021-10-25 10:00:00,72887,220
2021-10-25 10:15:00,72887,245
2021-10-25 10:30:00,72887,220
2021-10-25 10:45:00,72887,210
2021-10-25 11:00:00,72887,230
2021-10-25 11:15:00,72887,221
2021-10-25 11:30:00,72887,214
2021-10-25 11:45:00,72887,209
2021-10-25 12:00:00,72887,192
2021-10-25 12:15:00,72887,215
2021-10-25 12:30:00,72887,224
2021-10-25 12:45:00,72887,196
2021-10-25 13:00:00,72887,212
2021-10-25 13:15:00,72887,230
2021-10-25 13:30:00,72887,217
2021-10-25 13:45:00,72887,245
2021-10-25 14:00:00,72887,258
2021-10-25 14:15:00,72887,273
2021-10-25 14:30:00,72887,242
2021-10-25 14:45:00,72887,287
2021-10-25 15:00:00,72887,270
2021-10-25 15:15:00,72887,261
2021-10-25 15:30:00,72887,244
2021-10-25 15:45:00,72887,273
2021-10-25 16:00:00,72887,265
2021-10-25 16:15:00,72887,245
2021-10-25 16:30:00,72887,276
2021-10-25 16:45:00,72887,240
2021-10-25 17:00:00,72887,267
2021-10-25 17:15:00,72887,251
2021-10-25 17:30:00,72887,235
2021-10-25 17:45:00,72887,264
2021-10-25 18:00:00,72887,229
2021-10-25 18:15:00,72887,238
2021-10-25 18:30:00,72887,220
2021-10-25 18:45:00,72887,202
2021-10-25 19:00:00,72887,194
2021-10-25 19:15:00,72887,204
2021-10-25 19:30:00,72887,217
2021-10-25 19:45:00,72887,219
2021-10-25 20:00:00,72887,205
2021-10-25 20:15:00,72887,215
2021-10-25 20:30:00,72887,199
2021-10-25 20:45:00,72887,199
2021-10-25 21:00:00,72887,160
2021-10-25 21:15:00,72887,181
2021-10-25 21:30:00,72887,153
2021-10-25 21:45:00,72887,160
2021-10-25 22:00:00,72887,159
2021-10-25 22:15:00,72887,172
2021-10-25 22:30:00,72887,145
2021-10-25 22:45:00,72887,132
2021-10-25 23:00:00,72887,140
2021-10-25 23:15:00,72887,133
2021-10-25 23:30:00,72887,125
2021-10-25 23:45:00,72887,107
2021-10-29 00:00:00,72887,146
2021-10-29 00:15:00,72887,118
2021-10-29 00:30:00,72887,127
2021-10-29 00:45:00,72887,102
2021-10-29 01:00:00,72887,102
2021-10-29 01:15:00,72887,109
2021-10-29 01:30:00,72887,103
2021-10-29 01:45:00,72887,65
2021-10-29 02:00:00,72887,80
2021-10-29 02:15:00,72887,79
2021-10-29 02:30:00,72887,73
2021-10-29 02:45:00,72887,74
2021-10-29 03:00:00,72887,72
2021-10-29 03:15:00,72887,74
2021-10-29 03:30:00,72887,54
2021-10-29 03:45:00,72887,54
2021-10-29 04:00:00,72887,62
2021-10-29 04:15:00,72887,80
2021-10-29 04:30:00,72887,81
2021-10-29 04:45:00,72887,105
2021-10-29 05:00:00,72887,105
2021-10-29 05:15:00,72887,135
2021-10-29 05:30:00,72887,163
2021-10-29 05:45:00,72887,191
2021-10-29 06:00:00,72887,285
2021-10-29 06:15:00,72887,284
2021-10-29 06:30:00,72887,278
2021-10-29 06:45:00,72887,312
2021-10-29 07:00:00,72887,308
2021-10-29 07:15:00,72887,309
2021-10-29 07:30:00,72887,341
2021-10-29 07:45:00,72887,307
2021-10-29 08:00:00,72887,301
2021-10-29 08:15:00,72887,273
2021-10-29 08:30:00,72887,247
2021-10-29 08:45:00,72887,258
2021-10-29 09:00:00,72887,281
2021-10-29 09:15:00,72887,231
2021-10-29 09:30:00,72887,197
2021-10-29 09:45:00,72887,226
2021-10-29 10:00:00,72887,197
2021-10-29 10:15:00,72887,215
2021-10-29 10:30:00,72887,189
2021-10-29 10:45:00,72887,196
2021-10-29 11:00:00,72887,190
2021-10-29 11:15:00,72887,179
2021-10-29 11:30:00,72887,187
2021-10-29 11:45:00,72887,195
2021-10-29 12:00:00,72887,187
2021-10-29 12:15:00,72887,208
2021-10-29 12:30:00,72887,245
2021-10-29 12:45:00,72887,280
2021-10-29 13:00:00,72887,236
2021-10-29 13:15:00,72887,269
2021-10-29 13:30:00,72887,278
2021-10-29 13:45:00,72887,302
2021-10-29 14:00:00,72887,261
2021-10-29 14:15:00,72887,308
2021-10-29 14:30:00,72887,251
2021-10-29 14:45:00,72887,270
2021-10-29 15:00:00,72887,251
2021-10-29 15:15:00,72887,298
2021-10-29 15:30:00,72887,267
2021-10-29 15:45:00,72887,270
2021-10-29 16:00:00,72887,281
2021-10-29 16:15:00,72887,301
2021-10-29 16:30:00,72887,267
2021-10-29 16:45:00,72887,210
2021-10-29 17:00:00,72887,262
2021-10-29 17:15:00,72887,282
2021-10-29 17:30:00,72887,260
2021-10-29 17:45:00,72887,287
2021-10-29 18:00:00,72887,255
2021-10-29 18:15:00,72887,267
2021-10-29 18:30:00,72887,271
2021-10-29 18:45:00,72887,258
2021-10-29 19:00:00,72887,243
2021-10-29 19:15:00,72887,222
2021-10-29 19:30:00,72887,244
2021-10-29 19:45:00,72887,229
2021-10-29 20:00:00,72887,260
2021-10-29 20:15:00,72887,234
2021-10-29 20:30:00,72887,249
2021-10-29 20:45:00,72887,239
2021-10-29 21:00:00,72887,218
2021-10-29 21:15:00,72887,242
2021-10-29 21:30:00,72887,293
2021-10-29 21:45:00,72887,232
2021-10-29 22:00:00,72887,247
2021-10-29 22:15:00,72887,239
2021-10-29 22:30:00,72887,218
2021-10-29 22:45:00,72887,213
2021-10-29 23:00:00,72887,230
2021-10-29 23:15:00,72887,215
2021-10-29 23:30:00,72887,187
2021-10-29 23:45:00,72887,191
2021-10-30 00:00:00,72887,188
2021-10-30 00:15:00,72887,198
2021-10-30 00:30:00,72887,199
2021-10-30 00:45:00,72887,200
2021-10-30 01:00:00,72887,167
2021-10-30 01:15:00,72887,148
2021-10-30 01:30:00,72887,151
2021-10-30 01:45:00,72887,163
2021-10-30 02:00:00,72887,126
2021-10-30 02:15:00,72887,114
2021-10-30 02:30:00,72887,119
2021-10-30 02:45:00,72887,115
2021-10-30 03:00:00,72887,103
2021-10-30 03:15:00,72887,97
2021-10-30 03:30:00,72887,86
2021-10-30 03:45:00,72887,88
2021-10-30 04:00:00,72887,105
2021-10-30 04:15:00,72887,107
2021-10-30 04:30:00,72887,94
2021-10-30 04:45:00,72887,103
2021-10-30 05:00:00,72887,114
2021-10-30 05:15:00,72887,116
2021-10-30 05:30:00,72887,120
2021-10-30 05:45:00,72887,119
2021-10-30 06:00:00,72887,147
2021-10-30 06:15:00,72887,139
2021-10-30 06:30:00,72887,133
2021-10-30 06:45:00,72887,145
2021-10-30 07:00:00,72887,163
2021-10-30 07:15:00,72887,170
2021-10-30 07:30:00,72887,156
2021-10-30 07:45:00,72887,180
2021-10-30 08:00:00,72887,216
2021-10-30 08:15:00,72887,183
2021-10-30 08:30:00,72887,194
2021-10-30 08:45:00,72887,199
2021-10-30 09:00:00,72887,220
2021-10-30 09:15:00,72887,190
2021-10-30 09:30:00,72887,233
2021-10-30 09:45:00,72887,244
2021-10-30 10:00:00,72887,200
2021-10-30 10:15:00,72887,224
2021-10-30 10:30:00,72887,210
2021-10-30 10:45:00,72887,241
2021-10-30 11:00:00,72887,270
2021-10-30 11:15:00,72887,253
2021-10-30 11:30:00,72887,273
2021-10-30 11:45:00,72887,275
2021-10-30 12:00:00,72887,231
2021-10-30 12:15:00,72887,235
2021-10-30 12:30:00,72887,263
2021-10-30 12:45:00,72887,257
2021-10-30 13:00:00,72887,250
2021-10-30 13:15:00,72887,226
2021-10-30 13:30:00,72887,232
2021-10-30 13:45:00,72887,238
2021-10-30 14:00:00,72887,250
2021-10-30 14:15:00,72887,241
2021-10-30 14:30:00,72887,250
2021-10-30 14:45:00,72887,258
2021-10-30 15:00:00,72887,239
2021-10-30 15:15:00,72887,251
2021-10-30 15:30:00,72887,260
2021-10-30 15:45:00,72887,270
2021-10-30 16:00:00,72887,278
2021-10-30 16:15:00,72887,267
2021-10-30 16:30:00,72887,248
2021-10-30 16:45:00,72887,244
2021-10-30 17:00:00,72887,258
2021-10-30 17:15:00,72887,240
2021-10-30 17:30:00,72887,244
2021-10-30 17:45:00,72887,244
2021-10-30 18:00:00,72887,219
2021-10-30 18:15:00,72887,242
2021-10-30 18:30:00,72887,226
2021-10-30 18:45:00,72887,235
2021-10-30 19:00:00,72887,253
2021-10-30 19:15:00,72887,242
2021-10-30 19:30:00,72887,244
2021-10-30 19:45:00,72887,250
2021-10-30 20:00:00,72887,227
2021-10-30 20:15:00,72887,232
2021-10-30 20:30:00,72887,237
2021-10-30 20:45:00,72887,227
2021-10-30 21:00:00,72887,195
2021-10-30 21:15:00,72887,214
2021-10-30 21:30:00,72887,205
2021-10-30 21:45:00,72887,187
2021-10-30 22:00:00,72887,207
2021-10-30 22:15:00,72887,208
2021-10-30 22:30:00,72887,226
2021-10-30 22:45:00,72887,203
2021-10-30 23:00:00,72887,192
2021-10-30 23:15:00,72887,219
2021-10-30 23:30:00,72887,184
2021-10-30 23:45:00,72887,198
2022-10-22 00:00:00,72887,371
2022-10-22 00:15:00,72887,382
2022-10-22 00:30:00,72887,380
2022-10-22 00:45:00,72887,369
2022-10-22 01:00:00,72887,338
2022-10-22 01:15:00,72887,337
2022-10-22 01:30:00,72887,326
2022-10-22 01:45:00,72887,326
2022-10-22 02:00:00,72887,279
2022-10-22 02:15:00,72887,285
2022-10-22 02:30:00,72887,293
2022-10-22 02:45:00,72887,309
2022-10-22 03:00:00,72887,229
2022-10-22 03:15:00,72887,251
2022-10-22 03:30:00,72887,240
2022-10-22 03:45:00,72887,240
2022-10-22 04:00:00,72887,264
2022-10-22 04:15:00,72887,260
2022-10-22 04:30:00,72887,260
2022-10-22 04:45:00,72887,279
2022-10-22 05:00:00,72887,233
2022-10-22 05:15:00,72887,226
2022-10-22 05:30:00,72887,216
2022-10-22 05:45:00,72887,220
2022-10-22 06:00:00,72887,252
2022-10-22 06:15:00,72887,292
2022-10-22 06:30:00,72887,232
2022-10-22 06:45:00,72887,245
2022-10-22 07:00:00,72887,240
2022-10-22 07:15:00,72887,275
2022-10-22 07:30:00,72887,277
2022-10-22 07:45:00,72887,306
2022-10-22 08:00:00,72887,363
2022-10-22 08:15:00,72887,359
2022-10-22 08:30:00,72887,437
2022-10-22 08:45:00,72887,409
2022-10-22 09:00:00,72887,444
2022-10-22 09:15:00,72887,484
2022-10-22 09:30:00,72887,458
2022-10-22 09:45:00,72887,473
2022-10-22 10:00:00,72887,425
2022-10-22 10:15:00,72887,523
2022-10-22 10:30:00,72887,517
2022-10-22 10:45:00,72887,493
2022-10-22 11:00:00,72887,498
2022-10-22 11:15:00,72887,508
2022-10-22 11:30:00,72887,562
2022-10-22 11:45:00,72887,513
2022-10-22 12:00:00,72887,571
2022-10-22 12:15:00,72887,517
2022-10-22 12:30:00,72887,517
2022-10-22 12:45:00,72887,484
2022-10-22 13:00:00,72887,514
2022-10-22 13:15:00,72887,576
2022-10-22 13:30:00,72887,609
2022-10-22 13:45:00,72887,597
2022-10-22 14:00:00,72887,613
2022-10-22 14:15:00,72887,605
2022-10-22 14:30:00,72887,645
2022-10-22 14:45:00,72887,662
2022-10-22 15:00:00,72887,633
2022-10-22 15:15:00,72887,641
2022-10-22 15:30:00,72887,639
2022-10-22 15:45:00,72887,651
2022-10-22 16:00:00,72887,597
2022-10-22 16:15:00,72887,655
2022-10-22 16:30:00,72887,599
2022-10-22 16:45:00,72887,636
2022-10-22 17:00:00,72887,608
2022-10-22 17:15:00,72887,590
2022-10-22 17:30:00,72887,601
2022-10-22 17:45:00,72887,611
2022-10-22 18:00:00,72887,658
2022-10-22 18:15:00,72887,608
2022-10-22 18:30:00,72887,573
2022-10-22 18:45:00,72887,671
2022-10-22 19:00:00,72887,585
2022-10-22 19:15:00,72887,607
2022-10-22 19:30:00,72887,622
2022-10-22 19:45:00,72887,669
2022-10-22 20:00:00,72887,606
2022-10-22 20:15:00,72887,628
2022-10-22 20:30:00,72887,645
2022-10-22 20:45:00,72887,566
2022-10-22 21:00:00,72887,453
2022-10-22 21:15:00,72887,435
2022-10-22 21:30:00,72887,560
2022-10-22 21:45:00,72887,497
2022-10-22 22:00:00,72887,449
2022-10-22 22:15:00,72887,518
2022-10-22 22:30:00,72887,512
2022-10-22 22:45:00,72887,431
2022-10-22 23:00:00,72887,480
2022-10-22 23:15:00,72887,424
2022-10-22 23:30:00,72887,451
2022-10-22 23:45:00,72887,439
2022-10-23 00:00:00,72887,439
2022-10-23 00:15:00,72887,434
2022-10-23 00:30:00,72887,449
2022-10-23 00:45:00,72887,429
2022-10-23 01:00:00,72887,381
2022-10-23 01:15:00,72887,390
2022-10-23 01:30:00,72887,351
2022-10-23 01:45:00,72887,355
2022-10-23 02:00:00,72887,342
2022-10-23 02:15:00,72887,326
2022-10-23 02:30:00,72887,351
2022-10-23 02:45:00,72887,336
2022-10-23 03:00:00,72887,293
2022-10-23 03:15:00,72887,296
2022-10-23 03:30:00,72887,269
2022-10-23 03:45:00,72887,265
2022-10-23 04:00:00,72887,309
2022-10-23 04:15:00,72887,286
2022-10-23 04:30:00,72887,320
2022-10-23 04:45:00,72887,313
2022-10-23 05:00:00,72887,239
2022-10-23 05:15:00,72887,245
2022-10-23 05:30:00,72887,203
2022-10-23 05:45:00,72887,260
2022-10-23 06:00:00,72887,222
2022-10-23 06:15:00,72887,236
2022-10-23 06:30:00,72887,243
2022-10-23 06:45:00,72887,227
2022-10-23 07:00:00,72887,232
2022-10-23 07:15:00,72887,268
2022-10-23 07:30:00,72887,232
2022-10-23 07:45:00,72887,235
2022-10-23 08:00:00,72887,204
2022-10-23 08:15:00,72887,241
2022-10-23 08:30:00,72887,216
2022-10-23 08:45:00,72887,221
2022-10-23 09:00:00,72887,253
2022-10-23 09:15:00,72887,280
2022-10-23 09:30:00,72887,364
2022-10-23 09:45:00,72887,302
2022-10-23 10:00:00,72887,446
2022-10-23 10:15:00,72887,412
2022-10-23 10:30:00,72887,453
2022-10-23 10:45:00,72887,497
2022-10-23 11:00:00,72887,590
2022-10-23 11:15:00,72887,508
2022-10-23 11:30:00,72887,529
2022-10-23 11:45:00,72887,529
2022-10-23 12:00:00,72887,551
2022-10-23 12:15:00,72887,604
2022-10-23 12:30:00,72887,644
2022-10-23 12:45:00,72887,604
2022-10-23 13:00:00,72887,620
2022-10-23 13:15:00,72887,546
2022-10-23 13:30:00,72887,582
2022-10-23 13:45:00,72887,606
2022-10-23 14:00:00,72887,687
2022-10-23 14:15:00,72887,650
2022-10-23 14:30:00,72887,633
2022-10-23 14:45:00,72887,615
2022-10-23 15:00:00,72887,617
2022-10-23 15:15:00,72887,610
2022-10-23 15:30:00,72887,625
2022-10-23 15:45:00,72887,600
2022-10-23 16:00:00,72887,630
2022-10-23 16:15:00,72887,635
2022-10-23 16:30:00,72887,604
2022-10-23 16:45:00,72887,603
2022-10-23 17:00:00,72887,655
2022-10-23 17:15:00,72887,627
2022-10-23 17:30:00,72887,642
2022-10-23 17:45:00,72887,647
2022-10-23 18:00:00,72887,620
2022-10-23 18:15:00,72887,594
2022-10-23 18:30:00,72887,594
2022-10-23 18:45:00,72887,544
2022-10-23 19:00:00,72887,603
2022-10-23 19:15:00,72887,647
2022-10-23 19:30:00,72887,603
2022-10-23 19:45:00,72887,589
2022-10-23 20:00:00,72887,589
2022-10-23 20:15:00,72887,533
2022-10-23 20:30:00,72887,527
2022-10-23 20:45:00,72887,528
2022-10-23 21:00:00,72887,489
2022-10-23 21:15:00,72887,525
2022-10-23 21:30:00,72887,431
2022-10-23 21:45:00,72887,460
2022-10-23 22:00:00,72887,419
2022-10-23 22:15:00,72887,408
2022-10-23 22:30:00,72887,400
2022-10-23 22:45:00,72887,408
2022-10-23 23:00:00,72887,356
2022-10-23 23:15:00,72887,338
2022-10-23 23:30:00,72887,330
2022-10-23 23:45:00,72887,309
2022-10-24 00:00:00,72887,293
2022-10-24 00:15:00,72887,319
2022-10-24 00:30:00,72887,343
2022-10-24 00:45:00,72887,296
2022-10-24 01:00:00,72887,287
2022-10-24 01:15:00,72887,264
2022-10-24 01:30:00,72887,244
2022-10-24 01:45:00,72887,224
2022-10-24 02:00:00,72887,219
2022-10-24 02:15:00,72887,207
2022-10-24 02:30:00,72887,201
2022-10-24 02:45:00,72887,207
2022-10-24 03:00:00,72887,162
2022-10-24 03:15:00,72887,168
2022-10-24 03:30:00,72887,160
2022-10-24 03:45:00,72887,181
2022-10-24 04:00:00,72887,231
2022-10-24 04:15:00,72887,227
2022-10-24 04:30:00,72887,237
2022-10-24 04:45:00,72887,277
2022-10-24 05:00:00,72887,247
2022-10-24 05:15:00,72887,304
2022-10-24 05:30:00,72887,359
2022-10-24 05:45:00,72887,383
2022-10-24 06:00:00,72887,482
2022-10-24 06:15:00,72887,488
2022-10-24 06:30:00,72887,521
2022-10-24 06:45:00,72887,494
2022-10-24 07:00:00,72887,550
2022-10-24 07:15:00,72887,603
2022-10-24 07:30:00,72887,432
2022-10-24 07:45:00,72887,455
2022-10-24 08:00:00,72887,524
2022-10-24 08:15:00,72887,449
2022-10-24 08:30:00,72887,472
2022-10-24 08:45:00,72887,490
2022-10-24 09:00:00,72887,467
2022-10-24 09:15:00,72887,548
2022-10-24 09:30:00,72887,539
2022-10-24 09:45:00,72887,576
2022-10-24 10:00:00,72887,593
2022-10-24 10:15:00,72887,571
2022-10-24 10:30:00,72887,538
2022-10-24 10:45:00,72887,576
2022-10-24 11:00:00,72887,566
2022-10-24 11:15:00,72887,581
2022-10-24 11:30:00,72887,538
2022-10-24 11:45:00,72887,625
2022-10-24 12:00:00,72887,613
2022-10-24 12:15:00,72887,541
2022-10-24 12:30:00,72887,550
2022-10-24 12:45:00,72887,555
2022-10-24 13:00:00,72887,555
2022-10-24 13:15:00,72887,605
2022-10-24 13:30:00,72887,583
2022-10-24 13:45:00,72887,593
2022-10-24 14:00:00,72887,709
2022-10-24 14:15:00,72887,680
2022-10-24 14:30:00,72887,667
2022-10-24 14:45:00,72887,677
2022-10-24 15:00:00,72887,654
2022-10-24 15:15:00,72887,664
2022-10-24 15:30:00,72887,664
2022-10-24 15:45:00,72887,595
2022-10-24 16:00:00,72887,592
2022-10-24 16:15:00,72887,584
2022-10-24 16:30:00,72887,660
2022-10-24 16:45:00,72887,672
2022-10-24 17:00:00,72887,618
2022-10-24 17:15:00,72887,706
2022-10-24 17:30:00,72887,706
2022-10-24 17:45:00,72887,735
2022-10-24 18:00:00,72887,712
2022-10-24 18:15:00,72887,668
2022-10-24 18:30:00,72887,605
2022-10-24 18:45:00,72887,569
2022-10-24 19:00:00,72887,644
2022-10-24 19:15:00,72887,559
2022-10-24 19:30:00,72887,545
2022-10-24 19:45:00,72887,519
2022-10-24 20:00:00,72887,523
2022-10-24 20:15:00,72887,432
2022-10-24 20:30:00,72887,469
2022-10-24 20:45:00,72887,466
2022-10-24 21:00:00,72887,382
2022-10-24 21:15:00,72887,356
2022-10-24 21:30:00,72887,343
2022-10-24 21:45:00,72887,343
2022-10-24 22:00:00,72887,343
2022-10-24 22:15:00,72887,331
2022-10-24 22:30:00,72887,336
2022-10-24 22:45:00,72887,279
2022-10-24 23:00:00,72887,267
2022-10-24 23:15:00,72887,285
2022-10-24 23:30:00,72887,275
2022-10-24 23:45:00,72887,263
2022-10-28 00:00:00,72887,246
2022-10-28 00:15:00,72887,258
2022-10-28 00:30:00,72887,246
2022-10-28 00:45:00,72887,251
2022-10-28 01:00:00,72887,235
2022-10-28 01:15:00,72887,222
2022-10-28 01:30:00,72887,185
2022-10-28 01:45:00,72887,199
2022-10-28 02:00:00,72887,202
2022-10-28 02:15:00,72887,170
2022-10-28 02:30:00,72887,162
2022-10-28 02:45:00,72887,155
2022-10-28 03:00:00,72887,116
2022-10-28 03:15:00,72887,142
2022-10-28 03:30:00,72887,113
2022-10-28 03:45:00,72887,161
2022-10-28 04:00:00,72887,139
2022-10-28 04:15:00,72887,171
2022-10-28 04:30:00,72887,203
2022-10-28 04:45:00,72887,185
2022-10-28 05:00:00,72887,223
2022-10-28 05:15:00,72887,267
2022-10-28 05:30:00,72887,332
2022-10-28 05:45:00,72887,336
2022-10-28 06:00:00,72887,402
2022-10-28 06:15:00,72887,382
2022-10-28 06:30:00,72887,445
2022-10-28 06:45:00,72887,412
2022-10-28 07:00:00,72887,547
2022-10-28 07:15:00,72887,567
2022-10-28 07:30:00,72887,564
2022-10-28 07:45:00,72887,555
2022-10-28 08:00:00,72887,597
2022-10-28 08:15:00,72887,528
2022-10-28 08:30:00,72887,543
2022-10-28 08:45:00,72887,535
2022-10-28 09:00:00,72887,541
2022-10-28 09:15:00,72887,576
2022-10-28 09:30:00,72887,574
2022-10-28 09:45:00,72887,503
2022-10-28 10:00:00,72887,440
2022-10-28 10:15:00,72887,510
2022-10-28 10:30:00,72887,545
2022-10-28 10:45:00,72887,491
2022-10-28 11:00:00,72887,572
2022-10-28 11:15:00,72887,538
2022-10-28 11:30:00,72887,563
2022-10-28 11:45:00,72887,576
2022-10-28 12:00:00,72887,518
2022-10-28 12:15:00,72887,556
2022-10-28 12:30:00,72887,537
2022-10-28 12:45:00,72887,533
2022-10-28 13:00:00,72887,579
2022-10-28 13:15:00,72887,584
2022-10-28 13:30:00,72887,584
2022-10-28 13:45:00,72887,572
2022-10-28 14:00:00,72887,620
2022-10-28 14:15:00,72887,593
2022-10-28 14:30:00,72887,587
2022-10-28 14:45:00,72887,578
2022-10-28 15:00:00,72887,624
2022-10-28 15:15:00,72887,706
2022-10-28 15:30:00,72887,693
2022-10-28 15:45:00,72887,549
2022-10-28 16:00:00,72887,562
2022-10-28 16:15:00,72887,571
2022-10-28 16:30:00,72887,610
2022-10-28 16:45:00,72887,593
2022-10-28 17:00:00,72887,670
2022-10-28 17:15:00,72887,664
2022-10-28 17:30:00,72887,734
2022-10-28 17:45:00,72887,667
2022-10-28 18:00:00,72887,539
2022-10-28 18:15:00,72887,583
2022-10-28 18:30:00,72887,569
2022-10-28 18:45:00,72887,593
2022-10-28 19:00:00,72887,582
2022-10-28 19:15:00,72887,586
2022-10-28 19:30:00,72887,602
2022-10-28 19:45:00,72887,556
2022-10-28 20:00:00,72887,613
2022-10-28 20:15:00,72887,571
2022-10-28 20:30:00,72887,567
2022-10-28 20:45:00,72887,583
2022-10-28 21:00:00,72887,569
2022-10-28 21:15:00,72887,534
2022-10-28 21:30:00,72887,532
2022-10-28 21:45:00,72887,508
2022-10-28 22:00:00,72887,473
2022-10-28 22:15:00,72887,476
2022-10-28 22:30:00,72887,467
2022-10-28 22:45:00,72887,445
2022-10-28 23:00:00,72887,455
2022-10-28 23:15:00,72887,409
2022-10-28 23:30:00,72887,449
2022-10-28 23:45:00,72887,419
2022-10-29 00:00:00,72887,394
2022-10-29 00:15:00,72887,363
2022-10-29 00:30:00,72887,354
2022-10-29 00:45:00,72887,340
2022-10-29 01:00:00,72887,308
2022-10-29 01:15:00,72887,324
2022-10-29 01:30:00,72887,335
2022-10-29 01:45:00,72887,335
2022-10-29 02:00:00,72887,303
2022-10-29 02:15:00,72887,292
2022-10-29 02:30:00,72887,285
2022-10-29 02:45:00,72887,279
2022-10-29 03:00:00,72887,226
2022-10-29 03:15:00,72887,235
2022-10-29 03:30:00,72887,230
2022-10-29 03:45:00,72887,268
2022-10-29 04:00:00,72887,276
2022-10-29 04:15:00,72887,262
2022-10-29 04:30:00,72887,259
2022-10-29 04:45:00,72887,249
2022-10-29 05:00:00,72887,214
2022-10-29 05:15:00,72887,246
2022-10-29 05:30:00,72887,204
2022-10-29 05:45:00,72887,236
2022-10-29 06:00:00,72887,244
2022-10-29 06:15:00,72887,284
2022-10-29 06:30:00,72887,244
2022-10-29 06:45:00,72887,256
2022-10-29 07:00:00,72887,265
2022-10-29 07:15:00,72887,268
2022-10-29 07:30:00,72887,323
2022-10-29 07:45:00,72887,303
2022-10-29 08:00:00,72887,321
2022-10-29 08:15:00,72887,355
2022-10-29 08:30:00,72887,377
2022-10-29 08:45:00,72887,382
2022-10-29 09:00:00,72887,388
2022-10-29 09:15:00,72887,435
2022-10-29 09:30:00,72887,442
2022-10-29 09:45:00,72887,460
2022-10-29 10:00:00,72887,436
2022-10-29 10:15:00,72887,443
2022-10-29 10:30:00,72887,498
2022-10-29 10:45:00,72887,483
2022-10-29 11:00:00,72887,529
2022-10-29 11:15:00,72887,560
2022-10-29 11:30:00,72887,509
2022-10-29 11:45:00,72887,512
2022-10-29 12:00:00,72887,545
2022-10-29 12:15:00,72887,550
2022-10-29 12:30:00,72887,537
2022-10-29 12:45:00,72887,595
2022-10-29 13:00:00,72887,552
2022-10-29 13:15:00,72887,567
2022-10-29 13:30:00,72887,584
2022-10-29 13:45:00,72887,577
2022-10-29 14:00:00,72887,546
2022-10-29 14:15:00,72887,579
2022-10-29 14:30:00,72887,585
2022-10-29 14:45:00,72887,582
2022-10-29 15:00:00,72887,581
2022-10-29 15:15:00,72887,592
2022-10-29 15:30:00,72887,558
2022-10-29 15:45:00,72887,587
2022-10-29 16:00:00,72887,590
2022-10-29 16:15:00,72887,552
2022-10-29 16:30:00,72887,567
2022-10-29 16:45:00,72887,602
2022-10-29 17:00:00,72887,525
2022-10-29 17:15:00,72887,504
2022-10-29 17:30:00,72887,545
2022-10-29 17:45:00,72887,546
2022-10-29 18:00:00,72887,561
2022-10-29 18:15:00,72887,592
2022-10-29 18:30:00,72887,600
2022-10-29 18:45:00,72887,568
2022-10-29 19:00:00,72887,538
2022-10-29 19:15:00,72887,533
2022-10-29 19:30:00,72887,556
2022-10-29 19:45:00,72887,527
2022-10-29 20:00:00,72887,498
2022-10-29 20:15:00,72887,523
2022-10-29 20:30:00,72887,527
2022-10-29 20:45:00,72887,494
2022-10-29 21:00:00,72887,468
2022-10-29 21:15:00,72887,465
2022-10-29 21:30:00,72887,471
2022-10-29 21:45:00,72887,448
2022-10-29 22:00:00,72887,462
2022-10-29 22:15:00,72887,418
2022-10-29 22:30:00,72887,454
2022-10-29 22:45:00,72887,431
2022-10-29 23:00:00,72887,380
2022-10-29 23:15:00,72887,422
2022-10-29 23:30:00,72887,435
2022-10-29 23:45:00,72887,393
2022-10-30 00:00:00,72887,389
2022-10-30 00:15:00,72887,319
2022-10-30 00:30:00,72887,310
2022-10-30 00:45:00,72887,266
2022-10-30 01:00:00,72887,272
2022-10-30 01:15:00,72887,258
2022-10-30 01:30:00,72887,257
2022-10-30 01:45:00,72887,261
2022-10-30 02:00:00,72887,253
2022-10-30 02:15:00,72887,261
2022-10-30 02:30:00,72887,265
2022-10-30 02:45:00,72887,266
2022-10-30 03:00:00,72887,260
2022-10-30 03:15:00,72887,273
2022-10-30 03:30:00,72887,251
2022-10-30 03:45:00,72887,264
2022-10-30 04:00:00,72887,278
2022-10-30 04:15:00,72887,294
2022-10-30 04:30:00,72887,276
2022-10-30 04:45:00,72887,257
2022-10-30 05:00:00,72887,225
2022-10-30 05:15:00,72887,196
2022-10-30 05:30:00,72887,211
2022-10-30 05:45:00,72887,174
2022-10-30 06:00:00,72887,175
2022-10-30 06:15:00,72887,202
2022-10-30 06:30:00,72887,191
2022-10-30 06:45:00,72887,186
2022-10-30 07:00:00,72887,206
2022-10-30 07:15:00,72887,230
2022-10-30 07:30:00,72887,233
2022-10-30 07:45:00,72887,221
2022-10-30 08:00:00,72887,196
2022-10-30 08:15:00,72887,211
2022-10-30 08:30:00,72887,196
2022-10-30 08:45:00,72887,217
2022-10-30 09:00:00,72887,227
2022-10-30 09:15:00,72887,268
2022-10-30 09:30:00,72887,277
2022-10-30 09:45:00,72887,284
2022-10-30 10:00:00,72887,357
2022-10-30 10:15:00,72887,397
2022-10-30 10:30:00,72887,387
2022-10-30 10:45:00,72887,408
2022-10-30 11:00:00,72887,479
2022-10-30 11:15:00,72887,450
2022-10-30 11:30:00,72887,441
2022-10-30 11:45:00,72887,484
2022-10-30 12:00:00,72887,516
2022-10-30 12:15:00,72887,526
2022-10-30 12:30:00,72887,546
2022-10-30 12:45:00,72887,530
2022-10-30 13:00:00,72887,543
2022-10-30 13:15:00,72887,553
2022-10-30 13:30:00,72887,541
2022-10-30 13:45:00,72887,527
2022-10-30 14:00:00,72887,602
2022-10-30 14:15:00,72887,601
2022-10-30 14:30:00,72887,591
2022-10-30 14:45:00,72887,579
2022-10-30 15:00:00,72887,591
2022-10-30 15:15:00,72887,593
2022-10-30 15:30:00,72887,571
2022-10-30 15:45:00,72887,604
2022-10-30 16:00:00,72887,606
2022-10-30 16:15:00,72887,592
2022-10-30 16:30:00,72887,556
2022-10-30 16:45:00,72887,578
2022-10-30 17:00:00,72887,612
2022-10-30 17:15:00,72887,560
2022-10-30 17:30:00,72887,539
2022-10-30 17:45:00,72887,560
2022-10-30 18:00:00,72887,538
2022-10-30 18:15:00,72887,459
2022-10-30 18:30:00,72887,516
2022-10-30 18:45:00,72887,509
2022-10-30 19:00:00,72887,500
2022-10-30 19:15:00,72887,480
2022-10-30 19:30:00,72887,520
2022-10-30 19:45:00,72887,510
2022-10-30 20:00:00,72887,512
2022-10-30 20:15:00,72887,487
2022-10-30 20:30:00,72887,524
2022-10-30 20:45:00,72887,499
2022-10-30 21:00:00,72887,457
2022-10-30 21:15:00,72887,447
2022-10-30 21:30:00,72887,480
2022-10-30 21:45:00,72887,453
2022-10-30 22:00:00,72887,392
2022-10-30 22:15:00,72887,409
2022-10-30 22:30:00,72887,385
2022-10-30 22:45:00,72887,388
2022-10-30 23:00:00,72887,349
2022-10-30 23:15:00,72887,336
2022-10-30 23:30:00,72887,325
2022-10-30 23:45:00,72887,315
2022-10-31 00:00:00,72887,225
2022-10-31 00:15:00,72887,228
2022-10-31 00:30:00,72887,289
2022-10-31 00:45:00,72887,302
2022-10-31 01:00:00,72887,226
2022-10-31 01:15:00,72887,238
2022-10-31 01:30:00,72887,176
2022-10-31 01:45:00,72887,189
2022-10-31 02:00:00,72887,181
2022-10-31 02:15:00,72887,143
2022-10-31 02:30:00,72887,167
2022-10-31 02:45:00,72887,150
2022-10-31 03:00:00,72887,131
2022-10-31 03:15:00,72887,156
2022-10-31 03:30:00,72887,130
2022-10-31 03:45:00,72887,146
2022-10-31 04:00:00,72887,182
2022-10-31 04:15:00,72887,182
2022-10-31 04:30:00,72887,236
2022-10-31 04:45:00,72887,187
2022-10-31 05:00:00,72887,240
2022-10-31 05:15:00,72887,288
2022-10-31 05:30:00,72887,276
2022-10-31 05:45:00,72887,317
2022-10-31 06:00:00,72887,445
2022-10-31 06:15:00,72887,466
2022-10-31 06:30:00,72887,527
2022-10-31 06:45:00,72887,472
2022-10-31 07:00:00,72887,517
2022-10-31 07:15:00,72887,584
2022-10-31 07:30:00,72887,508
2022-10-31 07:45:00,72887,469
2022-10-31 08:00:00,72887,561
2022-10-31 08:15:00,72887,486
2022-10-31 08:30:00,72887,509
2022-10-31 08:45:00,72887,500
2022-10-31 09:00:00,72887,490
2022-10-31 09:15:00,72887,509
2022-10-31 09:30:00,72887,508
2022-10-31 09:45:00,72887,546
2022-10-31 10:00:00,72887,551
2022-10-31 10:15:00,72887,517
2022-10-31 10:30:00,72887,530
2022-10-31 10:45:00,72887,568
2022-10-31 11:00:00,72887,474
2022-10-31 11:15:00,72887,509
2022-10-31 11:30:00,72887,504
2022-10-31 11:45:00,72887,575
2022-10-31 12:00:00,72887,571
2022-10-31 12:15:00,72887,580
2022-10-31 12:30:00,72887,514
2022-10-31 12:45:00,72887,497
2022-10-31 13:00:00,72887,559
2022-10-31 13:15:00,72887,594
2022-10-31 13:30:00,72887,551
2022-10-31 13:45:00,72887,573
2022-10-31 14:00:00,72887,654
2022-10-31 14:15:00,72887,633
2022-10-31 14:30:00,72887,592
2022-10-31 14:45:00,72887,607
2022-10-31 15:00:00,72887,666
2022-10-31 15:15:00,72887,652
2022-10-31 15:30:00,72887,689
2022-10-31 15:45:00,72887,574
2022-10-31 16:00:00,72887,597
2022-10-31 16:15:00,72887,617
2022-10-31 16:30:00,72887,639
2022-10-31 16:45:00,72887,641
2022-10-31 17:00:00,72887,613
2022-10-31 17:15:00,72887,682
2022-10-31 17:30:00,72887,650
2022-10-31 17:45:00,72887,676
2022-10-31 18:00:00,72887,650
2022-10-31 18:15:00,72887,643
2022-10-31 18:30:00,72887,612
2022-10-31 18:45:00,72887,555
2022-10-31 19:00:00,72887,572
2022-10-31 19:15:00,72887,592
2022-10-31 19:30:00,72887,413
2022-10-31 19:45:00,72887,437
2022-10-31 20:00:00,72887,492
2022-10-31 20:15:00,72887,422
2022-10-31 20:30:00,72887,398
2022-10-31 20:45:00,72887,498
2022-10-31 21:00:00,72887,339
2022-10-31 21:15:00,72887,371
2022-10-31 21:30:00,72887,355
2022-10-31 21:45:00,72887,351
2022-10-31 22:00:00,72887,335
2022-10-31 22:15:00,72887,334
2022-10-31 22:30:00,72887,340
2022-10-31 22:45:00,72887,314
2022-10-31 23:00:00,72887,272
2022-10-31 23:15:00,72887,290
2022-10-31 23:30:00,72887,270
2022-10-31 23:45:00,72887,202
2022-11-04 00:00:00,72887,262
2022-11-04 00:15:00,72887,238
2022-11-04 00:30:00,72887,224
2022-11-04 00:45:00,72887,245
2022-11-04 01:00:00,72887,234
2022-11-04 01:15:00,72887,195
2022-11-04 01:30:00,72887,157
2022-11-04 01:45:00,72887,201
2022-11-04 02:00:00,72887,169
2022-11-04 02:15:00,72887,151
2022-11-04 02:30:00,72887,150
2022-11-04 02:45:00,72887,135
2022-11-04 03:00:00,72887,105
2022-11-04 03:15:00,72887,124
2022-11-04 03:30:00,72887,101
2022-11-04 03:45:00,72887,134
2022-11-04 04:00:00,72887,137
2022-11-04 04:15:00,72887,184
2022-11-04 04:30:00,72887,214
2022-11-04 04:45:00,72887,158
2022-11-04 05:00:00,72887,171
2022-11-04 05:15:00,72887,204
2022-11-04 05:30:00,72887,293
2022-11-04 05:45:00,72887,290
2022-11-04 06:00:00,72887,423
2022-11-04 06:15:00,72887,481
2022-11-04 06:30:00,72887,509
2022-11-04 06:45:00,72887,462
2022-11-04 07:00:00,72887,591
2022-11-04 07:15:00,72887,611
2022-11-04 07:30:00,72887,599
2022-11-04 07:45:00,72887,577
2022-11-04 08:00:00,72887,638
2022-11-04 08:15:00,72887,629
2022-11-04 08:30:00,72887,583
2022-11-04 08:45:00,72887,611
2022-11-04 09:00:00,72887,503
2022-11-04 09:15:00,72887,544
2022-11-04 09:30:00,72887,538
2022-11-04 09:45:00,72887,521
2022-11-04 10:00:00,72887,525
2022-11-04 10:15:00,72887,518
2022-11-04 10:30:00,72887,500
2022-11-04 10:45:00,72887,492
2022-11-04 11:00:00,72887,559
2022-11-04 11:15:00,72887,580
2022-11-04 11:30:00,72887,590
2022-11-04 11:45:00,72887,521
2022-11-04 12:00:00,72887,483
2022-11-04 12:15:00,72887,520
2022-11-04 12:30:00,72887,573
2022-11-04 12:45:00,72887,512
2022-11-04 13:00:00,72887,537
2022-11-04 13:15:00,72887,547
2022-11-04 13:30:00,72887,556
2022-11-04 13:45:00,72887,518
2022-11-04 14:00:00,72887,612
2022-11-04 14:15:00,72887,570
2022-11-04 14:30:00,72887,611
2022-11-04 14:45:00,72887,590
2022-11-04 15:00:00,72887,609
2022-11-04 15:15:00,72887,664
2022-11-04 15:30:00,72887,666
2022-11-04 15:45:00,72887,545
2022-11-04 16:00:00,72887,577
2022-11-04 16:15:00,72887,573
2022-11-04 16:30:00,72887,596
2022-11-04 16:45:00,72887,604
2022-11-04 17:00:00,72887,600
2022-11-04 17:15:00,72887,589
2022-11-04 17:30:00,72887,631
2022-11-04 17:45:00,72887,643
2022-11-04 18:00:00,72887,526
2022-11-04 18:15:00,72887,553
2022-11-04 18:30:00,72887,534
2022-11-04 18:45:00,72887,510
2022-11-04 19:00:00,72887,520
2022-11-04 19:15:00,72887,591
2022-11-04 19:30:00,72887,486
2022-11-04 19:45:00,72887,553
2022-11-04 20:00:00,72887,624
2022-11-04 20:15:00,72887,457
2022-11-04 20:30:00,72887,561
2022-11-04 20:45:00,72887,478
2022-11-04 21:00:00,72887,467
2022-11-04 21:15:00,72887,363
2022-11-04 21:30:00,72887,408
2022-11-04 21:45:00,72887,408
2022-11-04 22:00:00,72887,477
2022-11-04 22:15:00,72887,416
2022-11-04 22:30:00,72887,438
2022-11-04 22:45:00,72887,415
2022-11-04 23:00:00,72887,370
2022-11-04 23:15:00,72887,351
2022-11-04 23:30:00,72887,333
2022-11-04 23:45:00,72887,437
2023-10-20 00:00:00,72887,139
2023-10-20 00:15:00,72887,120
2023-10-20 00:30:00,72887,121
2023-10-20 00:45:00,72887,124
2023-10-20 01:00:00,72887,128
2023-10-20 01:15:00,72887,103
2023-10-20 01:30:00,72887,111
2023-10-20 01:45:00,72887,101
2023-10-20 02:00:00,72887,88
2023-10-20 02:15:00,72887,92
2023-10-20 02:30:00,72887,75
2023-10-20 02:45:00,72887,75
2023-10-20 03:00:00,72887,72
2023-10-20 03:15:00,72887,74
2023-10-20 03:30:00,72887,71
2023-10-20 03:45:00,72887,66
2023-10-20 04:00:00,72887,64
2023-10-20 04:15:00,72887,84
2023-10-20 04:30:00,72887,74
2023-10-20 04:45:00,72887,90
2023-10-20 05:00:00,72887,84
2023-10-20 05:15:00,72887,64
2023-10-20 05:30:00,72887,93
2023-10-20 05:45:00,72887,81
2023-10-20 06:00:00,72887,107
2023-10-20 06:15:00,72887,99
2023-10-20 06:30:00,72887,102
2023-10-20 06:45:00,72887,138
2023-10-20 07:00:00,72887,163
2023-10-20 07:15:00,72887,184
2023-10-20 07:30:00,72887,174
2023-10-20 07:45:00,72887,212
2023-10-20 08:00:00,72887,190
2023-10-20 08:15:00,72887,226
2023-10-20 08:30:00,72887,225
2023-10-20 08:45:00,72887,190
2023-10-20 09:00:00,72887,182
2023-10-20 09:15:00,72887,157
2023-10-20 09:30:00,72887,168
2023-10-20 09:45:00,72887,153
2023-10-20 10:00:00,72887,172
2023-10-20 10:15:00,72887,162
2023-10-20 10:30:00,72887,153
2023-10-20 10:45:00,72887,144
2023-10-20 11:00:00,72887,144
2023-10-20 11:15:00,72887,164
2023-10-20 11:30:00,72887,179
2023-10-20 11:45:00,72887,176
2023-10-20 12:00:00,72887,207
2023-10-20 12:15:00,72887,180
2023-10-20 12:30:00,72887,178
2023-10-20 12:45:00,72887,183
2023-10-20 13:00:00,72887,194
2023-10-20 13:15:00,72887,187
2023-10-20 13:30:00,72887,170
2023-10-20 13:45:00,72887,170
2023-10-20 14:00:00,72887,198
2023-10-20 14:15:00,72887,209
2023-10-20 14:30:00,72887,226
2023-10-20 14:45:00,72887,227
2023-10-20 15:00:00,72887,229
2023-10-20 15:15:00,72887,272
2023-10-20 15:30:00,72887,250
2023-10-20 15:45:00,72887,292
2023-10-20 16:00:00,72887,245
2023-10-20 16:15:00,72887,252
2023-10-20 16:30:00,72887,281
2023-10-20 16:45:00,72887,285
2023-10-20 17:00:00,72887,264
2023-10-20 17:15:00,72887,267
2023-10-20 17:30:00,72887,285
2023-10-20 17:45:00,72887,257
2023-10-20 18:00:00,72887,266
2023-10-20 18:15:00,72887,269
2023-10-20 18:30:00,72887,259
2023-10-20 18:45:00,72887,242
2023-10-20 19:00:00,72887,220
2023-10-20 19:15:00,72887,260
2023-10-20 19:30:00,72887,225
2023-10-20 19:45:00,72887,236
2023-10-20 20:00:00,72887,236
2023-10-20 20:15:00,72887,241
2023-10-20 20:30:00,72887,224
2023-10-20 20:45:00,72887,201
2023-10-20 21:00:00,72887,200
2023-10-20 21:15:00,72887,175
2023-10-20 21:30:00,72887,157
2023-10-20 21:45:00,72887,166
2023-10-20 22:00:00,72887,145
2023-10-20 22:15:00,72887,167
2023-10-20 22:30:00,72887,147
2023-10-20 22:45:00,72887,161
2023-10-20 23:00:00,72887,167
2023-10-20 23:15:00,72887,161
2023-10-20 23:30:00,72887,189
2023-10-20 23:45:00,72887,171
2023-10-21 00:00:00,72887,190
2023-10-21 00:15:00,72887,173
2023-10-21 00:30:00,72887,200
2023-10-21 00:45:00,72887,185
2023-10-21 01:00:00,72887,181
2023-10-21 01:15:00,72887,184
2023-10-21 01:30:00,72887,207
2023-10-21 01:45:00,72887,208
2023-10-21 02:00:00,72887,198
2023-10-21 02:15:00,72887,167
2023-10-21 02:30:00,72887,161
2023-10-21 02:45:00,72887,167
2023-10-21 03:00:00,72887,144
2023-10-21 03:15:00,72887,157
2023-10-21 03:30:00,72887,171
2023-10-21 03:45:00,72887,178
2023-10-21 04:00:00,72887,197
2023-10-21 04:15:00,72887,195
2023-10-21 04:30:00,72887,206
2023-10-21 04:45:00,72887,210
2023-10-21 05:00:00,72887,174
2023-10-21 05:15:00,72887,145
2023-10-21 05:30:00,72887,120
2023-10-21 05:45:00,72887,107
2023-10-21 06:00:00,72887,91
2023-10-21 06:15:00,72887,84
2023-10-21 06:30:00,72887,81
2023-10-21 06:45:00,72887,93
2023-10-21 07:00:00,72887,97
2023-10-21 07:15:00,72887,86
2023-10-21 07:30:00,72887,93
2023-10-21 07:45:00,72887,88
2023-10-21 08:00:00,72887,85
2023-10-21 08:15:00,72887,85
2023-10-21 08:30:00,72887,87
2023-10-21 08:45:00,72887,115
2023-10-21 09:00:00,72887,117
2023-10-21 09:15:00,72887,126
2023-10-21 09:30:00,72887,109
2023-10-21 09:45:00,72887,137
2023-10-21 10:00:00,72887,126
2023-10-21 10:15:00,72887,121
2023-10-21 10:30:00,72887,150
2023-10-21 10:45:00,72887,152
2023-10-21 11:00:00,72887,173
2023-10-21 11:15:00,72887,180
2023-10-21 11:30:00,72887,153
2023-10-21 11:45:00,72887,170
2023-10-21 12:00:00,72887,198
2023-10-21 12:15:00,72887,172
2023-10-21 12:30:00,72887,182
2023-10-21 12:45:00,72887,188
2023-10-21 13:00:00,72887,184
2023-10-21 13:15:00,72887,187
2023-10-21 13:30:00,72887,189
2023-10-21 13:45:00,72887,233
2023-10-21 14:00:00,72887,202
2023-10-21 14:15:00,72887,196
2023-10-21 14:30:00,72887,200
2023-10-21 14:45:00,72887,201
2023-10-21 15:00:00,72887,205
2023-10-21 15:15:00,72887,188
2023-10-21 15:30:00,72887,208
2023-10-21 15:45:00,72887,202
2023-10-21 16:00:00,72887,197
2023-10-21 16:15:00,72887,186
2023-10-21 16:30:00,72887,174
2023-10-21 16:45:00,72887,189
2023-10-21 17:00:00,72887,168
2023-10-21 17:15:00,72887,198
2023-10-21 17:30:00,72887,187
2023-10-21 17:45:00,72887,202
2023-10-21 18:00:00,72887,214
2023-10-21 18:15:00,72887,194
2023-10-21 18:30:00,72887,175
2023-10-21 18:45:00,72887,191
2023-10-21 19:00:00,72887,222
2023-10-21 19:15:00,72887,228
2023-10-21 19:30:00,72887,224
2023-10-21 19:45:00,72887,231
2023-10-21 20:00:00,72887,194
2023-10-21 20:15:00,72887,218
2023-10-21 20:30:00,72887,206
2023-10-21 20:45:00,72887,189
2023-10-21 21:00:00,72887,188
2023-10-21 21:15:00,72887,207
2023-10-21 21:30:00,72887,209
2023-10-21 21:45:00,72887,198
2023-10-21 22:00:00,72887,188
2023-10-21 22:15:00,72887,189
2023-10-21 22:30:00,72887,166
2023-10-21 22:45:00,72887,159
2023-10-21 23:00:00,72887,179
2023-10-21 23:15:00,72887,170
2023-10-21 23:30:00,72887,156
2023-10-21 23:45:00,72887,161
2023-10-22 00:00:00,72887,191
2023-10-22 00:15:00,72887,199
2023-10-22 00:30:00,72887,196
2023-10-22 00:45:00,72887,184
2023-10-22 01:00:00,72887,200
2023-10-22 01:15:00,72887,197
2023-10-22 01:30:00,72887,172
2023-10-22 01:45:00,72887,195
2023-10-22 02:00:00,72887,179
2023-10-22 02:15:00,72887,188
2023-10-22 02:30:00,72887,156
2023-10-22 02:45:00,72887,142
2023-10-22 03:00:00,72887,135
2023-10-22 03:15:00,72887,150
2023-10-22 03:30:00,72887,158
2023-10-22 03:45:00,72887,170
2023-10-22 04:00:00,72887,186
2023-10-22 04:15:00,72887,204
2023-10-22 04:30:00,72887,197
2023-10-22 04:45:00,72887,182
2023-10-22 05:00:00,72887,200
2023-10-22 05:15:00,72887,133
2023-10-22 05:30:00,72887,114
2023-10-22 05:45:00,72887,92
2023-10-22 06:00:00,72887,63
2023-10-22 06:15:00,72887,82
2023-10-22 06:30:00,72887,74
2023-10-22 06:45:00,72887,77
2023-10-22 07:00:00,72887,85
2023-10-22 07:15:00,72887,89
2023-10-22 07:30:00,72887,97
2023-10-22 07:45:00,72887,73
2023-10-22 08:00:00,72887,84
2023-10-22 08:15:00,72887,86
2023-10-22 08:30:00,72887,90
2023-10-22 08:45:00,72887,111
2023-10-22 09:00:00,72887,107
2023-10-22 09:15:00,72887,127
2023-10-22 09:30:00,72887,152
2023-10-22 09:45:00,72887,90
2023-10-22 10:00:00,72887,130
2023-10-22 10:15:00,72887,150
2023-10-22 10:30:00,72887,157
2023-10-22 10:45:00,72887,147
2023-10-22 11:00:00,72887,166
2023-10-22 11:15:00,72887,156
2023-10-22 11:30:00,72887,165
2023-10-22 11:45:00,72887,167
2023-10-22 12:00:00,72887,179
2023-10-22 12:15:00,72887,184
2023-10-22 12:30:00,72887,183
2023-10-22 12:45:00,72887,182
2023-10-22 13:00:00,72887,178
2023-10-22 13:15:00,72887,209
2023-10-22 13:30:00,72887,193
2023-10-22 13:45:00,72887,193
2023-10-22 14:00:00,72887,199
2023-10-22 14:15:00,72887,243
2023-10-22 14:30:00,72887,203
2023-10-22 14:45:00,72887,182
2023-10-22 15:00:00,72887,190
2023-10-22 15:15:00,72887,211
2023-10-22 15:30:00,72887,198
2023-10-22 15:45:00,72887,196
2023-10-22 16:00:00,72887,198
2023-10-22 16:15:00,72887,211
2023-10-22 16:30:00,72887,190
2023-10-22 16:45:00,72887,216
2023-10-22 17:00:00,72887,167
2023-10-22 17:15:00,72887,173
2023-10-22 17:30:00,72887,203
2023-10-22 17:45:00,72887,201
2023-10-22 18:00:00,72887,210
2023-10-22 18:15:00,72887,184
2023-10-22 18:30:00,72887,188
2023-10-22 18:45:00,72887,177
2023-10-22 19:00:00,72887,210
2023-10-22 19:15:00,72887,230
2023-10-22 19:30:00,72887,253
2023-10-22 19:45:00,72887,198
2023-10-22 20:00:00,72887,188
2023-10-22 20:15:00,72887,190
2023-10-22 20:30:00,72887,194
2023-10-22 20:45:00,72887,216
2023-10-22 21:00:00,72887,201
2023-10-22 21:15:00,72887,206
2023-10-22 21:30:00,72887,181
2023-10-22 21:45:00,72887,192
2023-10-22 22:00:00,72887,212
2023-10-22 22:15:00,72887,172
2023-10-22 22:30:00,72887,195
2023-10-22 22:45:00,72887,195
2023-10-22 23:00:00,72887,163
2023-10-22 23:15:00,72887,174
2023-10-22 23:30:00,72887,155
2023-10-22 23:45:00,72887,160
2023-10-23 00:00:00,72887,144
2023-10-23 00:15:00,72887,160
2023-10-23 00:30:00,72887,135
2023-10-23 00:45:00,72887,127
2023-10-23 01:00:00,72887,120
2023-10-23 01:15:00,72887,113
2023-10-23 01:30:00,72887,93
2023-10-23 01:45:00,72887,108
2023-10-23 02:00:00,72887,84
2023-10-23 02:15:00,72887,91
2023-10-23 02:30:00,72887,73
2023-10-23 02:45:00,72887,74
2023-10-23 03:00:00,72887,74
2023-10-23 03:15:00,72887,65
2023-10-23 03:30:00,72887,88
2023-10-23 03:45:00,72887,87
2023-10-23 04:00:00,72887,100
2023-10-23 04:15:00,72887,180
2023-10-23 04:30:00,72887,112
2023-10-23 04:45:00,72887,109
2023-10-23 05:00:00,72887,77
2023-10-23 05:15:00,72887,86
2023-10-23 05:30:00,72887,81
2023-10-23 05:45:00,72887,86
2023-10-23 06:00:00,72887,104
2023-10-23 06:15:00,72887,124
2023-10-23 06:30:00,72887,143
2023-10-23 06:45:00,72887,139
2023-10-23 07:00:00,72887,154
2023-10-23 07:15:00,72887,188
2023-10-23 07:30:00,72887,220
2023-10-23 07:45:00,72887,233
2023-10-23 08:00:00,72887,201
2023-10-23 08:15:00,72887,232
2023-10-23 08:30:00,72887,232
2023-10-23 08:45:00,72887,189
2023-10-23 09:00:00,72887,185
2023-10-23 09:15:00,72887,157
2023-10-23 09:30:00,72887,159
2023-10-23 09:45:00,72887,207
2023-10-23 10:00:00,72887,217
2023-10-23 10:15:00,72887,178
2023-10-23 10:30:00,72887,159
2023-10-23 10:45:00,72887,157
2023-10-23 11:00:00,72887,212
2023-10-23 11:15:00,72887,192
2023-10-23 11:30:00,72887,231
2023-10-23 11:45:00,72887,209
2023-10-23 12:00:00,72887,207
2023-10-23 12:15:00,72887,201
2023-10-23 12:30:00,72887,168
2023-10-23 12:45:00,72887,228
2023-10-23 13:00:00,72887,238
2023-10-23 13:15:00,72887,202
2023-10-23 13:30:00,72887,198
2023-10-23 13:45:00,72887,178
2023-10-23 14:00:00,72887,250
2023-10-23 14:15:00,72887,221
2023-10-23 14:30:00,72887,202
2023-10-23 14:45:00,72887,227
2023-10-23 15:00:00,72887,268
2023-10-23 15:15:00,72887,222
2023-10-23 15:30:00,72887,271
2023-10-23 15:45:00,72887,231
2023-10-23 16:00:00,72887,296
2023-10-23 16:15:00,72887,275
2023-10-23 16:30:00,72887,255
2023-10-23 16:45:00,72887,241
2023-10-23 17:00:00,72887,261
2023-10-23 17:15:00,72887,247
2023-10-23 17:30:00,72887,242
2023-10-23 17:45:00,72887,248
2023-10-23 18:00:00,72887,232
2023-10-23 18:15:00,72887,217
2023-10-23 18:30:00,72887,240
2023-10-23 18:45:00,72887,257
2023-10-23 19:00:00,72887,268
2023-10-23 19:15:00,72887,231
2023-10-23 19:30:00,72887,260
2023-10-23 19:45:00,72887,169
2023-10-23 20:00:00,72887,181
2023-10-23 20:15:00,72887,179
2023-10-23 20:30:00,72887,151
2023-10-23 20:45:00,72887,179
2023-10-23 21:00:00,72887,168
2023-10-23 21:15:00,72887,141
2023-10-23 21:30:00,72887,139
2023-10-23 21:45:00,72887,87
2023-10-23 22:00:00,72887,174
2023-10-23 22:15:00,72887,121
2023-10-23 22:30:00,72887,121
2023-10-23 22:45:00,72887,135
2023-10-23 23:00:00,72887,153
2023-10-23 23:15:00,72887,123
2023-10-23 23:30:00,72887,132
2023-10-23 23:45:00,72887,105
2023-10-24 00:00:00,72887,130
2023-10-24 00:15:00,72887,111
2023-10-24 00:30:00,72887,99
2023-10-24 00:45:00,72887,103
2023-10-24 01:00:00,72887,98
2023-10-24 01:15:00,72887,75
2023-10-24 01:30:00,72887,63
2023-10-24 01:45:00,72887,76
2023-10-24 02:00:00,72887,60
2023-10-24 02:15:00,72887,58
2023-10-24 02:30:00,72887,55
2023-10-24 02:45:00,72887,54
2023-10-24 03:00:00,72887,52
2023-10-24 03:15:00,72887,46
2023-10-24 03:30:00,72887,50
2023-10-24 03:45:00,72887,62
2023-10-24 04:00:00,72887,64
2023-10-24 04:15:00,72887,74
2023-10-24 04:30:00,72887,73
2023-10-24 04:45:00,72887,52
2023-10-24 05:00:00,72887,63
2023-10-24 05:15:00,72887,73
2023-10-24 05:30:00,72887,78
2023-10-24 05:45:00,72887,80
2023-10-24 06:00:00,72887,107
2023-10-24 06:15:00,72887,105
2023-10-24 06:30:00,72887,134
2023-10-24 06:45:00,72887,127
2023-10-24 07:00:00,72887,139
2023-10-24 07:15:00,72887,200
2023-10-24 07:30:00,72887,227
2023-10-24 07:45:00,72887,254
2023-10-24 08:00:00,72887,213
2023-10-24 08:15:00,72887,235
2023-10-24 08:30:00,72887,208
2023-10-24 08:45:00,72887,202
2023-10-24 09:00:00,72887,178
2023-10-24 09:15:00,72887,177
2023-10-24 09:30:00,72887,191
2023-10-24 09:45:00,72887,174
2023-10-24 10:00:00,72887,142
2023-10-24 10:15:00,72887,129
2023-10-24 10:30:00,72887,161
2023-10-24 10:45:00,72887,145
2023-10-24 11:00:00,72887,160
2023-10-24 11:15:00,72887,134
2023-10-24 11:30:00,72887,173
2023-10-24 11:45:00,72887,178
2023-10-24 12:00:00,72887,188
2023-10-24 12:15:00,72887,176
2023-10-24 12:30:00,72887,163
2023-10-24 12:45:00,72887,171
2023-10-24 13:00:00,72887,202
2023-10-24 13:15:00,72887,165
2023-10-24 13:30:00,72887,162
2023-10-24 13:45:00,72887,194
2023-10-24 14:00:00,72887,200
2023-10-24 14:15:00,72887,189
2023-10-24 14:30:00,72887,188
2023-10-24 14:45:00,72887,210
2023-10-24 15:00:00,72887,249
2023-10-24 15:15:00,72887,235
2023-10-24 15:30:00,72887,291
2023-10-24 15:45:00,72887,256
2023-10-24 16:00:00,72887,237
2023-10-24 16:15:00,72887,230
2023-10-24 16:30:00,72887,267
2023-10-24 16:45:00,72887,231
2023-10-24 17:00:00,72887,273
2023-10-24 17:15:00,72887,248
2023-10-24 17:30:00,72887,229
2023-10-24 17:45:00,72887,231
2023-10-24 18:00:00,72887,239
2023-10-24 18:15:00,72887,224
2023-10-24 18:30:00,72887,230
2023-10-24 18:45:00,72887,228
2023-10-24 19:00:00,72887,202
2023-10-24 19:15:00,72887,252
2023-10-24 19:30:00,72887,185
2023-10-24 19:45:00,72887,210
2023-10-24 20:00:00,72887,191
2023-10-24 20:15:00,72887,200
2023-10-24 20:30:00,72887,178
2023-10-24 20:45:00,72887,165
2023-10-24 21:00:00,72887,171
2023-10-24 21:15:00,72887,174
2023-10-24 21:30:00,72887,157
2023-10-24 21:45:00,72887,154
2023-10-24 22:00:00,72887,167
2023-10-24 22:15:00,72887,138
2023-10-24 22:30:00,72887,132
2023-10-24 22:45:00,72887,151
2023-10-24 23:00:00,72887,163
2023-10-24 23:15:00,72887,146
2023-10-24 23:30:00,72887,166
2023-10-24 23:45:00,72887,141
2023-10-25 00:00:00,72887,157
2023-10-25 00:15:00,72887,130
2023-10-25 00:30:00,72887,122
2023-10-25 00:45:00,72887,165
2023-10-25 01:00:00,72887,97
2023-10-25 01:15:00,72887,92
2023-10-25 01:30:00,72887,85
2023-10-25 01:45:00,72887,83
2023-10-25 02:00:00,72887,64
2023-10-25 02:15:00,72887,71
2023-10-25 02:30:00,72887,58
2023-10-25 02:45:00,72887,69
2023-10-25 03:00:00,72887,66
2023-10-25 03:15:00,72887,69
2023-10-25 03:30:00,72887,62
2023-10-25 03:45:00,72887,60
2023-10-25 04:00:00,72887,80
2023-10-25 04:15:00,72887,84
2023-10-25 04:30:00,72887,70
2023-10-25 04:45:00,72887,75
2023-10-25 05:00:00,72887,71
2023-10-25 05:15:00,72887,74
2023-10-25 05:30:00,72887,82
2023-10-25 05:45:00,72887,79
2023-10-25 06:00:00,72887,89
2023-10-25 06:15:00,72887,112
2023-10-25 06:30:00,72887,126
2023-10-25 06:45:00,72887,140
2023-10-25 07:00:00,72887,151
2023-10-25 07:15:00,72887,171
2023-10-25 07:30:00,72887,228
2023-10-25 07:45:00,72887,206
2023-10-25 08:00:00,72887,166
2023-10-25 08:15:00,72887,208
2023-10-25 08:30:00,72887,230
2023-10-25 08:45:00,72887,229
2023-10-25 09:00:00,72887,200
2023-10-25 09:15:00,72887,158
2023-10-25 09:30:00,72887,167
2023-10-25 09:45:00,72887,161
2023-10-25 10:00:00,72887,159
2023-10-25 10:15:00,72887,174
2023-10-25 10:30:00,72887,164
2023-10-25 10:45:00,72887,160
2023-10-25 11:00:00,72887,161
2023-10-25 11:15:00,72887,164
2023-10-25 11:30:00,72887,148
2023-10-25 11:45:00,72887,177
2023-10-25 12:00:00,72887,135
2023-10-25 12:15:00,72887,211
2023-10-25 12:30:00,72887,194
2023-10-25 12:45:00,72887,157
2023-10-25 13:00:00,72887,247
2023-10-25 13:15:00,72887,187
2023-10-25 13:30:00,72887,170
2023-10-25 13:45:00,72887,208
2023-10-25 14:00:00,72887,210
2023-10-25 14:15:00,72887,205
2023-10-25 14:30:00,72887,190
2023-10-25 14:45:00,72887,227
2023-10-25 15:00:00,72887,276
2023-10-25 15:15:00,72887,243
2023-10-25 15:30:00,72887,265
2023-10-25 15:45:00,72887,250
2023-10-25 16:00:00,72887,268
2023-10-25 16:15:00,72887,241
2023-10-25 16:30:00,72887,256
2023-10-25 16:45:00,72887,263
2023-10-25 17:00:00,72887,237
2023-10-25 17:15:00,72887,243
2023-10-25 17:30:00,72887,278
2023-10-25 17:45:00,72887,237
2023-10-25 18:00:00,72887,241
2023-10-25 18:15:00,72887,216
2023-10-25 18:30:00,72887,237
2023-10-25 18:45:00,72887,201
2023-10-25 19:00:00,72887,210
2023-10-25 19:15:00,72887,209
2023-10-25 19:30:00,72887,233
2023-10-25 19:45:00,72887,190
2023-10-25 20:00:00,72887,204
2023-10-25 20:15:00,72887,222
2023-10-25 20:30:00,72887,180
2023-10-25 20:45:00,72887,205
2023-10-25 21:00:00,72887,187
2023-10-25 21:15:00,72887,161
2023-10-25 21:30:00,72887,159
2023-10-25 21:45:00,72887,148
2023-10-25 22:00:00,72887,197
2023-10-25 22:15:00,72887,193
2023-10-25 22:30:00,72887,169
2023-10-25 22:45:00,72887,148
2023-10-25 23:00:00,72887,155
2023-10-25 23:15:00,72887,187
2023-10-25 23:30:00,72887,152
2023-10-25 23:45:00,72887,171
2023-10-26 00:00:00,72887,148
2023-10-26 00:15:00,72887,131
2023-10-26 00:30:00,72887,127
2023-10-26 00:45:00,72887,95
2023-10-26 01:00:00,72887,98
2023-10-26 01:15:00,72887,67
2023-10-26 01:30:00,72887,69
2023-10-26 01:45:00,72887,82
2023-10-26 02:00:00,72887,77
2023-10-26 02:15:00,72887,57
2023-10-26 02:30:00,72887,43
2023-10-26 02:45:00,72887,50
2023-10-26 03:00:00,72887,54
2023-10-26 03:15:00,72887,40
2023-10-26 03:30:00,72887,65
2023-10-26 03:45:00,72887,56
2023-10-26 04:00:00,72887,77
2023-10-26 04:15:00,72887,76
2023-10-26 04:30:00,72887,60
2023-10-26 04:45:00,72887,63
2023-10-26 05:00:00,72887,76
2023-10-26 05:15:00,72887,63
2023-10-26 05:30:00,72887,68
2023-10-26 05:45:00,72887,97
2023-10-26 06:00:00,72887,115
2023-10-26 06:15:00,72887,111
2023-10-26 06:30:00,72887,117
2023-10-26 06:45:00,72887,119
2023-10-26 07:00:00,72887,138
2023-10-26 07:15:00,72887,170
2023-10-26 07:30:00,72887,255
2023-10-26 07:45:00,72887,262
2023-10-26 08:00:00,72887,205
2023-10-26 08:15:00,72887,208
2023-10-26 08:30:00,72887,210
2023-10-26 08:45:00,72887,189
2023-10-26 09:00:00,72887,172
2023-10-26 09:15:00,72887,171
2023-10-26 09:30:00,72887,187
2023-10-26 09:45:00,72887,178
2023-10-26 10:00:00,72887,178
2023-10-26 10:15:00,72887,201
2023-10-26 10:30:00,72887,207
2023-10-26 10:45:00,72887,156
2023-10-26 11:00:00,72887,152
2023-10-26 11:15:00,72887,172
2023-10-26 11:30:00,72887,179
2023-10-26 11:45:00,72887,187
2023-10-26 12:00:00,72887,207
2023-10-26 12:15:00,72887,191
2023-10-26 12:30:00,72887,176
2023-10-26 12:45:00,72887,181
2023-10-26 13:00:00,72887,205
2023-10-26 13:15:00,72887,198
2023-10-26 13:30:00,72887,176
2023-10-26 13:45:00,72887,216
2023-10-26 14:00:00,72887,219
2023-10-26 14:15:00,72887,220
2023-10-26 14:30:00,72887,261
2023-10-26 14:45:00,72887,246
2023-10-26 15:00:00,72887,265
2023-10-26 15:15:00,72887,262
2023-10-26 15:30:00,72887,252
2023-10-26 15:45:00,72887,281
2023-10-26 16:00:00,72887,223
2023-10-26 16:15:00,72887,257
2023-10-26 16:30:00,72887,212
2023-10-26 16:45:00,72887,240
2023-10-26 17:00:00,72887,258
2023-10-26 17:15:00,72887,236
2023-10-26 17:30:00,72887,258
2023-10-26 17:45:00,72887,218
2023-10-26 18:00:00,72887,255
2023-10-26 18:15:00,72887,223
2023-10-26 18:30:00,72887,276
2023-10-26 18:45:00,72887,224
2023-10-26 19:00:00,72887,240
2023-10-26 19:15:00,72887,204
2023-10-26 19:30:00,72887,203
2023-10-26 19:45:00,72887,210
2023-10-26 20:00:00,72887,165
2023-10-26 20:15:00,72887,230
2023-10-26 20:30:00,72887,222
2023-10-26 20:45:00,72887,176
2023-10-26 21:00:00,72887,216
2023-10-26 21:15:00,72887,180
2023-10-26 21:30:00,72887,173
2023-10-26 21:45:00,72887,167
2023-10-26 22:00:00,72887,167
2023-10-26 22:15:00,72887,158
2023-10-26 22:30:00,72887,163
2023-10-26 22:45:00,72887,160
2023-10-26 23:00:00,72887,179
2023-10-26 23:15:00,72887,178
2023-10-26 23:30:00,72887,172
2023-10-26 23:45:00,72887,138
2023-10-27 00:00:00,72887,141
2023-10-27 00:15:00,72887,139
2023-10-27 00:30:00,72887,132
2023-10-27 00:45:00,72887,122
2023-10-27 01:00:00,72887,118
2023-10-27 01:15:00,72887,123
2023-10-27 01:30:00,72887,97
2023-10-27 01:45:00,72887,99
2023-10-27 02:00:00,72887,95
2023-10-27 02:15:00,72887,79
2023-10-27 02:30:00,72887,79
2023-10-27 02:45:00,72887,82
2023-10-27 03:00:00,72887,67
2023-10-27 03:15:00,72887,67
2023-10-27 03:30:00,72887,64
2023-10-27 03:45:00,72887,86
2023-10-27 04:00:00,72887,72
2023-10-27 04:15:00,72887,82
2023-10-27 04:30:00,72887,76
2023-10-27 04:45:00,72887,83
2023-10-27 05:00:00,72887,71
2023-10-27 05:15:00,72887,74
2023-10-27 05:30:00,72887,89
2023-10-27 05:45:00,72887,79
2023-10-27 06:00:00,72887,93
2023-10-27 06:15:00,72887,92
2023-10-27 06:30:00,72887,131
2023-10-27 06:45:00,72887,127
2023-10-27 07:00:00,72887,145
2023-10-27 07:15:00,72887,192
2023-10-27 07:30:00,72887,218
2023-10-27 07:45:00,72887,185
2023-10-27 08:00:00,72887,212
2023-10-27 08:15:00,72887,216
2023-10-27 08:30:00,72887,227
2023-10-27 08:45:00,72887,178
2023-10-27 09:00:00,72887,178
2023-10-27 09:15:00,72887,153
2023-10-27 09:30:00,72887,164
2023-10-27 09:45:00,72887,166
2023-10-27 10:00:00,72887,144
2023-10-27 10:15:00,72887,168
2023-10-27 10:30:00,72887,158
2023-10-27 10:45:00,72887,135
2023-10-27 11:00:00,72887,162
2023-10-27 11:15:00,72887,158
2023-10-27 11:30:00,72887,172
2023-10-27 11:45:00,72887,170
2023-10-27 12:00:00,72887,186
2023-10-27 12:15:00,72887,186
2023-10-27 12:30:00,72887,195
2023-10-27 12:45:00,72887,162
2023-10-27 13:00:00,72887,188
2023-10-27 13:15:00,72887,189
2023-10-27 13:30:00,72887,164
2023-10-27 13:45:00,72887,177
2023-10-27 14:00:00,72887,190
2023-10-27 14:15:00,72887,237
2023-10-27 14:30:00,72887,234
2023-10-27 14:45:00,72887,236
2023-10-27 15:00:00,72887,242
2023-10-27 15:15:00,72887,256
2023-10-27 15:30:00,72887,253
2023-10-27 15:45:00,72887,279
2023-10-27 16:00:00,72887,270
2023-10-27 16:15:00,72887,239
2023-10-27 16:30:00,72887,240
2023-10-27 16:45:00,72887,281
2023-10-27 17:00:00,72887,263
2023-10-27 17:15:00,72887,283
2023-10-27 17:30:00,72887,234
2023-10-27 17:45:00,72887,258
2023-10-27 18:00:00,72887,290
2023-10-27 18:15:00,72887,285
2023-10-27 18:30:00,72887,249
2023-10-27 18:45:00,72887,238
2023-10-27 19:00:00,72887,230
2023-10-27 19:15:00,72887,216
2023-10-27 19:30:00,72887,236
2023-10-27 19:45:00,72887,233
2023-10-27 20:00:00,72887,225
2023-10-27 20:15:00,72887,217
2023-10-27 20:30:00,72887,235
2023-10-27 20:45:00,72887,203
2023-10-27 21:00:00,72887,159
2023-10-27 21:15:00,72887,195
2023-10-27 21:30:00,72887,193
2023-10-27 21:45:00,72887,157
2023-10-27 22:00:00,72887,161
2023-10-27 22:15:00,72887,156
2023-10-27 22:30:00,72887,145
2023-10-27 22:45:00,72887,153
2023-10-27 23:00:00,72887,162
2023-10-27 23:15:00,72887,165
2023-10-27 23:30:00,72887,173
2023-10-27 23:45:00,72887,179
2023-10-28 00:00:00,72887,194
2023-10-28 00:15:00,72887,180
2023-10-28 00:30:00,72887,187
2023-10-28 00:45:00,72887,166
2023-10-28 01:00:00,72887,184
2023-10-28 01:15:00,72887,187
2023-10-28 01:30:00,72887,198
2023-10-28 01:45:00,72887,205
2023-10-28 02:00:00,72887,161
2023-10-28 02:15:00,72887,193
2023-10-28 02:30:00,72887,171
2023-10-28 02:45:00,72887,145
2023-10-28 03:00:00,72887,178
2023-10-28 03:15:00,72887,174
2023-10-28 03:30:00,72887,169
2023-10-28 03:45:00,72887,183
2023-10-28 04:00:00,72887,174
2023-10-28 04:15:00,72887,210
2023-10-28 04:30:00,72887,210
2023-10-28 04:45:00,72887,193
2023-10-28 05:00:00,72887,156
2023-10-28 05:15:00,72887,148
2023-10-28 05:30:00,72887,124
2023-10-28 05:45:00,72887,108
2023-10-28 06:00:00,72887,99
2023-10-28 06:15:00,72887,87
2023-10-28 06:30:00,72887,79
2023-10-28 06:45:00,72887,90
2023-10-28 07:00:00,72887,101
2023-10-28 07:15:00,72887,98
2023-10-28 07:30:00,72887,81
2023-10-28 07:45:00,72887,75
2023-10-28 08:00:00,72887,93
2023-10-28 08:15:00,72887,87
2023-10-28 08:30:00,72887,105
2023-10-28 08:45:00,72887,94
2023-10-28 09:00:00,72887,114
2023-10-28 09:15:00,72887,123
2023-10-28 09:30:00,72887,123
2023-10-28 09:45:00,72887,131
2023-10-28 10:00:00,72887,132
2023-10-28 10:15:00,72887,144
2023-10-28 10:30:00,72887,139
2023-10-28 10:45:00,72887,147
2023-10-28 11:00:00,72887,145
2023-10-28 11:15:00,72887,176
2023-10-28 11:30:00,72887,159
2023-10-28 11:45:00,72887,167
2023-10-28 12:00:00,72887,196
2023-10-28 12:15:00,72887,188
2023-10-28 12:30:00,72887,178
2023-10-28 12:45:00,72887,173
2023-10-28 13:00:00,72887,193
2023-10-28 13:15:00,72887,206
2023-10-28 13:30:00,72887,207
2023-10-28 13:45:00,72887,200
2023-10-28 14:00:00,72887,193
2023-10-28 14:15:00,72887,192
2023-10-28 14:30:00,72887,182
2023-10-28 14:45:00,72887,188
2023-10-28 15:00:00,72887,199
2023-10-28 15:15:00,72887,179
2023-10-28 15:30:00,72887,187
2023-10-28 15:45:00,72887,203
2023-10-28 16:00:00,72887,177
2023-10-28 16:15:00,72887,191
2023-10-28 16:30:00,72887,182
2023-10-28 16:45:00,72887,203
2023-10-28 17:00:00,72887,176
2023-10-28 17:15:00,72887,191
2023-10-28 17:30:00,72887,186
2023-10-28 17:45:00,72887,204
2023-10-28 18:00:00,72887,207
2023-10-28 18:15:00,72887,195
2023-10-28 18:30:00,72887,211
2023-10-28 18:45:00,72887,217
2023-10-28 19:00:00,72887,229
2023-10-28 19:15:00,72887,210
2023-10-28 19:30:00,72887,242
2023-10-28 19:45:00,72887,211
2023-10-28 20:00:00,72887,216
2023-10-28 20:15:00,72887,215
2023-10-28 20:30:00,72887,182
2023-10-28 20:45:00,72887,191
2023-10-28 21:00:00,72887,200
2023-10-28 21:15:00,72887,179
2023-10-28 21:30:00,72887,210
2023-10-28 21:45:00,72887,200
2023-10-28 22:00:00,72887,187
2023-10-28 22:15:00,72887,176
2023-10-28 22:30:00,72887,185
2023-10-28 22:45:00,72887,183
2023-10-28 23:00:00,72887,175
2023-10-28 23:15:00,72887,151
2023-10-28 23:30:00,72887,158
2023-10-28 23:45:00,72887,172
2023-10-29 00:00:00,72887,186
2023-10-29 00:15:00,72887,186
2023-10-29 00:30:00,72887,190
2023-10-29 00:45:00,72887,176
2023-10-29 01:00:00,72887,178
2023-10-29 01:15:00,72887,179
2023-10-29 01:30:00,72887,183
2023-10-29 01:45:00,72887,198
2023-10-29 02:00:00,72887,173
2023-10-29 02:15:00,72887,158
2023-10-29 02:30:00,72887,175
2023-10-29 02:45:00,72887,167
2023-10-29 03:00:00,72887,146
2023-10-29 03:15:00,72887,141
2023-10-29 03:30:00,72887,150
2023-10-29 03:45:00,72887,178
2023-10-29 04:00:00,72887,167
2023-10-29 04:15:00,72887,192
2023-10-29 04:30:00,72887,212
2023-10-29 04:45:00,72887,187
2023-10-29 05:00:00,72887,148
2023-10-29 05:15:00,72887,162
2023-10-29 05:30:00,72887,110
2023-10-29 05:45:00,72887,107
2023-10-29 06:00:00,72887,98
2023-10-29 06:15:00,72887,77
2023-10-29 06:30:00,72887,78
2023-10-29 06:45:00,72887,84
2023-10-29 07:00:00,72887,76
2023-10-29 07:15:00,72887,91
2023-10-29 07:30:00,72887,91
2023-10-29 07:45:00,72887,92
2023-10-29 08:00:00,72887,95
2023-10-29 08:15:00,72887,100
2023-10-29 08:30:00,72887,84
2023-10-29 08:45:00,72887,109
2023-10-29 09:00:00,72887,121
2023-10-29 09:15:00,72887,122
2023-10-29 09:30:00,72887,124
2023-10-29 09:45:00,72887,142
2023-10-29 10:00:00,72887,127
2023-10-29 10:15:00,72887,139
2023-10-29 10:30:00,72887,158
2023-10-29 10:45:00,72887,149
2023-10-29 11:00:00,72887,163
2023-10-29 11:15:00,72887,177
2023-10-29 11:30:00,72887,171
2023-10-29 11:45:00,72887,187
2023-10-29 12:00:00,72887,159
2023-10-29 12:15:00,72887,180
2023-10-29 12:30:00,72887,169
2023-10-29 12:45:00,72887,184
2023-10-29 13:00:00,72887,186
2023-10-29 13:15:00,72887,204
2023-10-29 13:30:00,72887,212
2023-10-29 13:45:00,72887,204
2023-10-29 14:00:00,72887,197
2023-10-29 14:15:00,72887,178
2023-10-29 14:30:00,72887,186
2023-10-29 14:45:00,72887,206
2023-10-29 15:00:00,72887,213
2023-10-29 15:15:00,72887,181
2023-10-29 15:30:00,72887,194
2023-10-29 15:45:00,72887,203
2023-10-29 16:00:00,72887,206
2023-10-29 16:15:00,72887,198
2023-10-29 16:30:00,72887,202
2023-10-29 16:45:00,72887,186
2023-10-29 17:00:00,72887,204
2023-10-29 17:15:00,72887,216
2023-10-29 17:30:00,72887,193
2023-10-29 17:45:00,72887,170
2023-10-29 18:00:00,72887,192
2023-10-29 18:15:00,72887,178
2023-10-29 18:30:00,72887,206
2023-10-29 18:45:00,72887,186
2023-10-29 19:00:00,72887,217
2023-10-29 19:15:00,72887,239
2023-10-29 19:30:00,72887,227
2023-10-29 19:45:00,72887,233
2023-10-29 20:00:00,72887,213
2023-10-29 20:15:00,72887,178
2023-10-29 20:30:00,72887,209
2023-10-29 20:45:00,72887,185
2023-10-29 21:00:00,72887,213
2023-10-29 21:15:00,72887,203
2023-10-29 21:30:00,72887,196
2023-10-29 21:45:00,72887,200
2023-10-29 22:00:00,72887,188
2023-10-29 22:15:00,72887,184
2023-10-29 22:30:00,72887,210
2023-10-29 22:45:00,72887,172
2023-10-29 23:00:00,72887,175
2023-10-29 23:15:00,72887,173
2023-10-29 23:30:00,72887,147
2023-10-29 23:45:00,72887,159
2023-10-30 00:00:00,72887,151
2023-10-30 00:15:00,72887,145
2023-10-30 00:30:00,72887,144
2023-10-30 00:45:00,72887,143
2023-10-30 01:00:00,72887,105
2023-10-30 01:15:00,72887,116
2023-10-30 01:30:00,72887,99
2023-10-30 01:45:00,72887,107
2023-10-30 02:00:00,72887,86
2023-10-30 02:15:00,72887,81
2023-10-30 02:30:00,72887,82
2023-10-30 02:45:00,72887,81
2023-10-30 03:00:00,72887,73
2023-10-30 03:15:00,72887,77
2023-10-30 03:30:00,72887,78
2023-10-30 03:45:00,72887,89
2023-10-30 04:00:00,72887,116
2023-10-30 04:15:00,72887,113
2023-10-30 04:30:00,72887,125
2023-10-30 04:45:00,72887,119
2023-10-30 05:00:00,72887,95
2023-10-30 05:15:00,72887,78
2023-10-30 05:30:00,72887,90
2023-10-30 05:45:00,72887,106
2023-10-30 06:00:00,72887,112
2023-10-30 06:15:00,72887,126
2023-10-30 06:30:00,72887,136
2023-10-30 06:45:00,72887,144
2023-10-30 07:00:00,72887,160
2023-10-30 07:15:00,72887,190
2023-10-30 07:30:00,72887,188
2023-10-30 07:45:00,72887,218
2023-10-30 08:00:00,72887,228
2023-10-30 08:15:00,72887,200
2023-10-30 08:30:00,72887,214
2023-10-30 08:45:00,72887,200
2023-10-30 09:00:00,72887,175
2023-10-30 09:15:00,72887,164
2023-10-30 09:30:00,72887,203
2023-10-30 09:45:00,72887,204
2023-10-30 10:00:00,72887,170
2023-10-30 10:15:00,72887,184
2023-10-30 10:30:00,72887,166
2023-10-30 10:45:00,72887,174
2023-10-30 11:00:00,72887,204
2023-10-30 11:15:00,72887,209
2023-10-30 11:30:00,72887,200
2023-10-30 11:45:00,72887,225
2023-10-30 12:00:00,72887,191
2023-10-30 12:15:00,72887,206
2023-10-30 12:30:00,72887,205
2023-10-30 12:45:00,72887,209
2023-10-30 13:00:00,72887,221
2023-10-30 13:15:00,72887,187
2023-10-30 13:30:00,72887,205
2023-10-30 13:45:00,72887,205
2023-10-30 14:00:00,72887,214
2023-10-30 14:15:00,72887,200
2023-10-30 14:30:00,72887,256
2023-10-30 14:45:00,72887,223
2023-10-30 15:00:00,72887,233
2023-10-30 15:15:00,72887,249
2023-10-30 15:30:00,72887,274
2023-10-30 15:45:00,72887,273
2023-10-30 16:00:00,72887,234
2023-10-30 16:15:00,72887,245
2023-10-30 16:30:00,72887,258
2023-10-30 16:45:00,72887,275
2023-10-30 17:00:00,72887,247
2023-10-30 17:15:00,72887,233
2023-10-30 17:30:00,72887,246
2023-10-30 17:45:00,72887,259
2023-10-30 18:00:00,72887,228
2023-10-30 18:15:00,72887,243
2023-10-30 18:30:00,72887,252
2023-10-30 18:45:00,72887,270
2023-10-30 19:00:00,72887,240
2023-10-30 19:15:00,72887,245
2023-10-30 19:30:00,72887,212
2023-10-30 19:45:00,72887,199
2023-10-30 20:00:00,72887,179
2023-10-30 20:15:00,72887,185
2023-10-30 20:30:00,72887,168
2023-10-30 20:45:00,72887,151
2023-10-30 21:00:00,72887,154
2023-10-30 21:15:00,72887,149
2023-10-30 21:30:00,72887,136
2023-10-30 21:45:00,72887,127
2023-10-30 22:00:00,72887,122
2023-10-30 22:15:00,72887,122
2023-10-30 22:30:00,72887,140
2023-10-30 22:45:00,72887,129
2023-10-30 23:00:00,72887,149
2023-10-30 23:15:00,72887,114
2023-10-30 23:30:00,72887,140
2023-10-30 23:45:00,72887,124
2023-10-31 00:00:00,72887,122
2023-10-31 00:15:00,72887,94
2023-10-31 00:30:00,72887,119
2023-10-31 00:45:00,72887,102
2023-10-31 01:00:00,72887,88
2023-10-31 01:15:00,72887,87
2023-10-31 01:30:00,72887,70
2023-10-31 01:45:00,72887,62
2023-10-31 02:00:00,72887,62
2023-10-31 02:15:00,72887,56
2023-10-31 02:30:00,72887,51
2023-10-31 02:45:00,72887,49
2023-10-31 03:00:00,72887,55
2023-10-31 03:15:00,72887,49
2023-10-31 03:30:00,72887,51
2023-10-31 03:45:00,72887,56
2023-10-31 04:00:00,72887,66
2023-10-31 04:15:00,72887,58
2023-10-31 04:30:00,72887,67
2023-10-31 04:45:00,72887,72
2023-10-31 05:00:00,72887,77
2023-10-31 05:15:00,72887,63
2023-10-31 05:30:00,72887,81
2023-10-31 05:45:00,72887,102
2023-10-31 06:00:00,72887,99
2023-10-31 06:15:00,72887,98
2023-10-31 06:30:00,72887,118
2023-10-31 06:45:00,72887,137
2023-10-31 07:00:00,72887,164
2023-10-31 07:15:00,72887,185
2023-10-31 07:30:00,72887,230
2023-10-31 07:45:00,72887,227
2023-10-31 08:00:00,72887,242
2023-10-31 08:15:00,72887,233
2023-10-31 08:30:00,72887,197
2023-10-31 08:45:00,72887,205
2023-10-31 09:00:00,72887,203
2023-10-31 09:15:00,72887,186
2023-10-31 09:30:00,72887,172
2023-10-31 09:45:00,72887,155
2023-10-31 10:00:00,72887,151
2023-10-31 10:15:00,72887,158
2023-10-31 10:30:00,72887,143
2023-10-31 10:45:00,72887,127
2023-10-31 11:00:00,72887,168
2023-10-31 11:15:00,72887,156
2023-10-31 11:30:00,72887,157
2023-10-31 11:45:00,72887,162
2023-10-31 12:00:00,72887,164
2023-10-31 12:15:00,72887,193
2023-10-31 12:30:00,72887,185
2023-10-31 12:45:00,72887,183
2023-10-31 13:00:00,72887,180
2023-10-31 13:15:00,72887,187
2023-10-31 13:30:00,72887,160
2023-10-31 13:45:00,72887,182
2023-10-31 14:00:00,72887,176
2023-10-31 14:15:00,72887,170
2023-10-31 14:30:00,72887,193
2023-10-31 14:45:00,72887,200
2023-10-31 15:00:00,72887,225
2023-10-31 15:15:00,72887,266
2023-10-31 15:30:00,72887,249
2023-10-31 15:45:00,72887,265
2023-10-31 16:00:00,72887,257
2023-10-31 16:15:00,72887,244
2023-10-31 16:30:00,72887,270
2023-10-31 16:45:00,72887,242
2023-10-31 17:00:00,72887,242
2023-10-31 17:15:00,72887,256
2023-10-31 17:30:00,72887,228
2023-10-31 17:45:00,72887,227
2023-10-31 18:00:00,72887,227
2023-10-31 18:15:00,72887,248
2023-10-31 18:30:00,72887,221
2023-10-31 18:45:00,72887,226
2023-10-31 19:00:00,72887,226
2023-10-31 19:15:00,72887,218
2023-10-31 19:30:00,72887,198
2023-10-31 19:45:00,72887,185
2023-10-31 20:00:00,72887,206
2023-10-31 20:15:00,72887,202
2023-10-31 20:30:00,72887,168
2023-10-31 20:45:00,72887,158
2023-10-31 21:00:00,72887,175
2023-10-31 21:15:00,72887,167
2023-10-31 21:30:00,72887,164
2023-10-31 21:45:00,72887,163
2023-10-31 22:00:00,72887,145
2023-10-31 22:15:00,72887,146
2023-10-31 22:30:00,72887,160
2023-10-31 22:45:00,72887,160
2023-10-31 23:00:00,72887,147
2023-10-31 23:15:00,72887,168
2023-10-31 23:30:00,72887,165
2023-10-31 23:45:00,72887,159
2024-10-08 00:00:00,72887,210
2024-10-08 00:15:00,72887,202
2024-10-08 00:30:00,72887,199
2024-10-08 00:45:00,72887,198
2024-10-08 01:00:00,72887,183
2024-10-08 01:15:00,72887,130
2024-10-08 01:30:00,72887,138
2024-10-08 01:45:00,72887,144
2024-10-08 02:00:00,72887,105
2024-10-08 02:15:00,72887,106
2024-10-08 02:30:00,72887,121
2024-10-08 02:45:00,72887,89
2024-10-08 03:00:00,72887,89
2024-10-08 03:15:00,72887,90
2024-10-08 03:30:00,72887,80
2024-10-08 03:45:00,72887,117
2024-10-08 04:00:00,72887,128
2024-10-08 04:15:00,72887,143
2024-10-08 04:30:00,72887,141
2024-10-08 04:45:00,72887,165
2024-10-08 05:00:00,72887,194
2024-10-08 05:15:00,72887,264
2024-10-08 05:30:00,72887,296
2024-10-08 05:45:00,72887,323
2024-10-08 06:00:00,72887,351
2024-10-08 06:15:00,72887,400
2024-10-08 06:30:00,72887,447
2024-10-08 06:45:00,72887,431
2024-10-08 07:00:00,72887,461
2024-10-08 07:15:00,72887,476
2024-10-08 07:30:00,72887,536
2024-10-08 07:45:00,72887,542
2024-10-08 08:00:00,72887,530
2024-10-08 08:15:00,72887,479
2024-10-08 08:30:00,72887,497
2024-10-08 08:45:00,72887,498
2024-10-08 09:00:00,72887,424
2024-10-08 09:15:00,72887,463
2024-10-08 09:30:00,72887,451
2024-10-08 09:45:00,72887,475
2024-10-08 10:00:00,72887,422
2024-10-08 10:15:00,72887,442
2024-10-08 10:30:00,72887,479
2024-10-08 10:45:00,72887,488
2024-10-08 11:00:00,72887,454
2024-10-08 11:15:00,72887,436
2024-10-08 11:30:00,72887,480
2024-10-08 11:45:00,72887,472
2024-10-08 12:00:00,72887,466
2024-10-08 12:15:00,72887,494
2024-10-08 12:30:00,72887,488
2024-10-08 12:45:00,72887,461
2024-10-08 13:00:00,72887,471
2024-10-08 13:15:00,72887,489
2024-10-08 13:30:00,72887,462
2024-10-08 13:45:00,72887,477
2024-10-08 14:00:00,72887,459
2024-10-08 14:15:00,72887,474
2024-10-08 14:30:00,72887,503
2024-10-08 14:45:00,72887,489
2024-10-08 15:00:00,72887,533
2024-10-08 15:15:00,72887,538
2024-10-08 15:30:00,72887,507
2024-10-08 15:45:00,72887,520
2024-10-08 16:00:00,72887,519
2024-10-08 16:15:00,72887,568
2024-10-08 16:30:00,72887,553
2024-10-08 16:45:00,72887,546
2024-10-08 17:00:00,72887,521
2024-10-08 17:15:00,72887,521
2024-10-08 17:30:00,72887,538
2024-10-08 17:45:00,72887,475
2024-10-08 18:00:00,72887,529
2024-10-08 18:15:00,72887,562
2024-10-08 18:30:00,72887,512
2024-10-08 18:45:00,72887,504
2024-10-08 19:00:00,72887,477
2024-10-08 19:15:00,72887,471
2024-10-08 19:30:00,72887,442
2024-10-08 19:45:00,72887,459
2024-10-08 20:00:00,72887,420
2024-10-08 20:15:00,72887,403
2024-10-08 20:30:00,72887,337
2024-10-08 20:45:00,72887,353
2024-10-08 21:00:00,72887,354
2024-10-08 21:15:00,72887,367
2024-10-08 21:30:00,72887,334
2024-10-08 21:45:00,72887,370
2024-10-08 22:00:00,72887,346
2024-10-08 22:15:00,72887,348
2024-10-08 22:30:00,72887,343
2024-10-08 22:45:00,72887,294
2024-10-08 23:00:00,72887,284
2024-10-08 23:15:00,72887,256
2024-10-08 23:30:00,72887,244
2024-10-08 23:45:00,72887,209
2024-10-09 00:00:00,72887,186
2024-10-09 00:15:00,72887,196
2024-10-09 00:30:00,72887,190
2024-10-09 00:45:00,72887,161
2024-10-09 01:00:00,72887,146
2024-10-09 01:15:00,72887,153
2024-10-09 01:30:00,72887,159
2024-10-09 01:45:00,72887,139
2024-10-09 02:00:00,72887,128
2024-10-09 02:15:00,72887,99
2024-10-09 02:30:00,72887,118
2024-10-09 02:45:00,72887,89
2024-10-09 03:00:00,72887,86
2024-10-09 03:15:00,72887,81
2024-10-09 03:30:00,72887,86
2024-10-09 03:45:00,72887,99
2024-10-09 04:00:00,72887,106
2024-10-09 04:15:00,72887,133
2024-10-09 04:30:00,72887,150
2024-10-09 04:45:00,72887,171
2024-10-09 05:00:00,72887,171
2024-10-09 05:15:00,72887,268
2024-10-09 05:30:00,72887,274
2024-10-09 05:45:00,72887,307
2024-10-09 06:00:00,72887,363
2024-10-09 06:15:00,72887,335
2024-10-09 06:30:00,72887,392
2024-10-09 06:45:00,72887,404
2024-10-09 07:00:00,72887,473
2024-10-09 07:15:00,72887,474
2024-10-09 07:30:00,72887,527
2024-10-09 07:45:00,72887,519
2024-10-09 08:00:00,72887,496
2024-10-09 08:15:00,72887,474
2024-10-09 08:30:00,72887,467
2024-10-09 08:45:00,72887,458
2024-10-09 09:00:00,72887,434
2024-10-09 09:15:00,72887,442
2024-10-09 09:30:00,72887,439
2024-10-09 09:45:00,72887,414
2024-10-09 10:00:00,72887,437
2024-10-09 10:15:00,72887,411
2024-10-09 10:30:00,72887,434
2024-10-09 10:45:00,72887,363
2024-10-09 11:00:00,72887,411
2024-10-09 11:15:00,72887,389
2024-10-09 11:30:00,72887,444
2024-10-09 11:45:00,72887,445
2024-10-09 12:00:00,72887,423
2024-10-09 12:15:00,72887,459
2024-10-09 12:30:00,72887,452
2024-10-09 12:45:00,72887,427
2024-10-09 13:00:00,72887,460
2024-10-09 13:15:00,72887,461
2024-10-09 13:30:00,72887,459
2024-10-09 13:45:00,72887,444
2024-10-09 14:00:00,72887,471
2024-10-09 14:15:00,72887,458
2024-10-09 14:30:00,72887,449
2024-10-09 14:45:00,72887,510
2024-10-09 15:00:00,72887,514
2024-10-09 15:15:00,72887,539
2024-10-09 15:30:00,72887,519
2024-10-09 15:45:00,72887,563
2024-10-09 16:00:00,72887,541
2024-10-09 16:15:00,72887,571
2024-10-09 16:30:00,72887,509
2024-10-09 16:45:00,72887,467
2024-10-09 17:00:00,72887,467
2024-10-09 17:15:00,72887,473
2024-10-09 17:30:00,72887,548
2024-10-09 17:45:00,72887,509
2024-10-09 18:00:00,72887,552
2024-10-09 18:15:00,72887,437
2024-10-09 18:30:00,72887,503
2024-10-09 18:45:00,72887,510
2024-10-09 19:00:00,72887,461
2024-10-09 19:15:00,72887,521
2024-10-09 19:30:00,72887,454
2024-10-09 19:45:00,72887,477
2024-10-09 20:00:00,72887,422
2024-10-09 20:15:00,72887,434
2024-10-09 20:30:00,72887,393
2024-10-09 20:45:00,72887,387
2024-10-09 21:00:00,72887,376
2024-10-09 21:15:00,72887,360
2024-10-09 21:30:00,72887,344
2024-10-09 21:45:00,72887,354
2024-10-09 22:00:00,72887,330
2024-10-09 22:15:00,72887,329
2024-10-09 22:30:00,72887,301
2024-10-09 22:45:00,72887,274
2024-10-09 23:00:00,72887,294
2024-10-09 23:15:00,72887,283
2024-10-09 23:30:00,72887,282
2024-10-09 23:45:00,72887,264
2024-10-10 00:00:00,72887,277
2024-10-10 00:15:00,72887,226
2024-10-10 00:30:00,72887,196
2024-10-10 00:45:00,72887,214
2024-10-10 01:00:00,72887,171
2024-10-10 01:15:00,72887,162
2024-10-10 01:30:00,72887,142
2024-10-10 01:45:00,72887,148
2024-10-10 02:00:00,72887,136
2024-10-10 02:15:00,72887,122
2024-10-10 02:30:00,72887,101
2024-10-10 02:45:00,72887,92
2024-10-10 03:00:00,72887,103
2024-10-10 03:15:00,72887,119
2024-10-10 03:30:00,72887,102
2024-10-10 03:45:00,72887,103
2024-10-10 04:00:00,72887,125
2024-10-10 04:15:00,72887,181
2024-10-10 04:30:00,72887,177
2024-10-10 04:45:00,72887,176
2024-10-10 05:00:00,72887,178
2024-10-10 05:15:00,72887,267
2024-10-10 05:30:00,72887,288
2024-10-10 05:45:00,72887,358
2024-10-10 06:00:00,72887,335
2024-10-10 06:15:00,72887,337
2024-10-10 06:30:00,72887,433
2024-10-10 06:45:00,72887,393
2024-10-10 07:00:00,72887,410
2024-10-10 07:15:00,72887,482
2024-10-10 07:30:00,72887,526
2024-10-10 07:45:00,72887,504
2024-10-10 08:00:00,72887,533
2024-10-10 08:15:00,72887,519
2024-10-10 08:30:00,72887,472
2024-10-10 08:45:00,72887,455
2024-10-10 09:00:00,72887,410
2024-10-10 09:15:00,72887,395
2024-10-10 09:30:00,72887,459
2024-10-10 09:45:00,72887,423
2024-10-10 10:00:00,72887,428
2024-10-10 10:15:00,72887,382
2024-10-10 10:30:00,72887,388
2024-10-10 10:45:00,72887,380
2024-10-10 11:00:00,72887,442
2024-10-10 11:15:00,72887,454
2024-10-10 11:30:00,72887,395
2024-10-10 11:45:00,72887,420
2024-10-10 12:00:00,72887,412
2024-10-10 12:15:00,72887,470
2024-10-10 12:30:00,72887,444
2024-10-10 12:45:00,72887,450
2024-10-10 13:00:00,72887,505
2024-10-10 13:15:00,72887,411
2024-10-10 13:30:00,72887,491
2024-10-10 13:45:00,72887,474
2024-10-10 14:00:00,72887,541
2024-10-10 14:15:00,72887,520
2024-10-10 14:30:00,72887,482
2024-10-10 14:45:00,72887,528
2024-10-10 15:00:00,72887,534
2024-10-10 15:15:00,72887,524
2024-10-10 15:30:00,72887,509
2024-10-10 15:45:00,72887,549
2024-10-10 16:00:00,72887,520
2024-10-10 16:15:00,72887,506
2024-10-10 16:30:00,72887,509
2024-10-10 16:45:00,72887,512
2024-10-10 17:00:00,72887,540
2024-10-10 17:15:00,72887,529
2024-10-10 17:30:00,72887,511
2024-10-10 17:45:00,72887,469
2024-10-10 18:00:00,72887,480
2024-10-10 18:15:00,72887,537
2024-10-10 18:30:00,72887,480
2024-10-10 18:45:00,72887,519
2024-10-10 19:00:00,72887,525
2024-10-10 19:15:00,72887,481
2024-10-10 19:30:00,72887,474
2024-10-10 19:45:00,72887,470
2024-10-10 20:00:00,72887,466
2024-10-10 20:15:00,72887,427
2024-10-10 20:30:00,72887,390
2024-10-10 20:45:00,72887,388
2024-10-10 21:00:00,72887,424
2024-10-10 21:15:00,72887,393
2024-10-10 21:30:00,72887,371
2024-10-10 21:45:00,72887,401
2024-10-10 22:00:00,72887,354
2024-10-10 22:15:00,72887,343
2024-10-10 22:30:00,72887,358
2024-10-10 22:45:00,72887,381
2024-10-10 23:00:00,72887,350
2024-10-10 23:15:00,72887,327
2024-10-10 23:30:00,72887,324
2024-10-10 23:45:00,72887,288
2024-10-11 00:00:00,72887,292
2024-10-11 00:15:00,72887,275
2024-10-11 00:30:00,72887,250
2024-10-11 00:45:00,72887,220
2024-10-11 01:00:00,72887,197
2024-10-11 01:15:00,72887,194
2024-10-11 01:30:00,72887,148
2024-10-11 01:45:00,72887,162
2024-10-11 02:00:00,72887,146
2024-10-11 02:15:00,72887,142
2024-10-11 02:30:00,72887,135
2024-10-11 02:45:00,72887,122
2024-10-11 03:00:00,72887,112
2024-10-11 03:15:00,72887,100
2024-10-11 03:30:00,72887,102
2024-10-11 03:45:00,72887,114
2024-10-11 04:00:00,72887,151
2024-10-11 04:15:00,72887,178
2024-10-11 04:30:00,72887,156
2024-10-11 04:45:00,72887,195
2024-10-11 05:00:00,72887,176
2024-10-11 05:15:00,72887,248
2024-10-11 05:30:00,72887,297
2024-10-11 05:45:00,72887,342
2024-10-11 06:00:00,72887,368
2024-10-11 06:15:00,72887,386
2024-10-11 06:30:00,72887,412
2024-10-11 06:45:00,72887,400
2024-10-11 07:00:00,72887,423
2024-10-11 07:15:00,72887,477
2024-10-11 07:30:00,72887,485
2024-10-11 07:45:00,72887,489
2024-10-11 08:00:00,72887,487
2024-10-11 08:15:00,72887,479
2024-10-11 08:30:00,72887,459
2024-10-11 08:45:00,72887,485
2024-10-11 09:00:00,72887,463
2024-10-11 09:15:00,72887,457
2024-10-11 09:30:00,72887,401
2024-10-11 09:45:00,72887,437
2024-10-11 10:00:00,72887,414
2024-10-11 10:15:00,72887,381
2024-10-11 10:30:00,72887,430
2024-10-11 10:45:00,72887,397
2024-10-11 11:00:00,72887,413
2024-10-11 11:15:00,72887,429
2024-10-11 11:30:00,72887,446
2024-10-11 11:45:00,72887,468
2024-10-11 12:00:00,72887,468
2024-10-11 12:15:00,72887,505
2024-10-11 12:30:00,72887,455
2024-10-11 12:45:00,72887,453
2024-10-11 13:00:00,72887,463
2024-10-11 13:15:00,72887,478
2024-10-11 13:30:00,72887,480
2024-10-11 13:45:00,72887,406
2024-10-11 14:00:00,72887,388
2024-10-11 14:15:00,72887,510
2024-10-11 14:30:00,72887,459
2024-10-11 14:45:00,72887,476
2024-10-11 15:00:00,72887,448
2024-10-11 15:15:00,72887,566
2024-10-11 15:30:00,72887,509
2024-10-11 15:45:00,72887,495
2024-10-11 16:00:00,72887,533
2024-10-11 16:15:00,72887,562
2024-10-11 16:30:00,72887,554
2024-10-11 16:45:00,72887,535
2024-10-11 17:00:00,72887,576
2024-10-11 17:15:00,72887,518
2024-10-11 17:30:00,72887,541
2024-10-11 17:45:00,72887,553
2024-10-11 18:00:00,72887,501
2024-10-11 18:15:00,72887,581
2024-10-11 18:30:00,72887,540
2024-10-11 18:45:00,72887,516
2024-10-11 19:00:00,72887,488
2024-10-11 19:15:00,72887,518
2024-10-11 19:30:00,72887,471
2024-10-11 19:45:00,72887,505
2024-10-11 20:00:00,72887,482
2024-10-11 20:15:00,72887,498
2024-10-11 20:30:00,72887,480
2024-10-11 20:45:00,72887,445
2024-10-11 21:00:00,72887,469
2024-10-11 21:15:00,72887,473
2024-10-11 21:30:00,72887,473
2024-10-11 21:45:00,72887,448
2024-10-11 22:00:00,72887,446
2024-10-11 22:15:00,72887,478
2024-10-11 22:30:00,72887,432
2024-10-11 22:45:00,72887,433
2024-10-11 23:00:00,72887,425
2024-10-11 23:15:00,72887,426
2024-10-11 23:30:00,72887,411
2024-10-11 23:45:00,72887,384
2024-10-12 00:00:00,72887,394
2024-10-12 00:15:00,72887,402
2024-10-12 00:30:00,72887,433
2024-10-12 00:45:00,72887,378
2024-10-12 01:00:00,72887,349
2024-10-12 01:15:00,72887,327
2024-10-12 01:30:00,72887,306
2024-10-12 01:45:00,72887,285
2024-10-12 02:00:00,72887,273
2024-10-12 02:15:00,72887,273
2024-10-12 02:30:00,72887,252
2024-10-12 02:45:00,72887,249
2024-10-12 03:00:00,72887,244
2024-10-12 03:15:00,72887,215
2024-10-12 03:30:00,72887,248
2024-10-12 03:45:00,72887,259
2024-10-12 04:00:00,72887,266
2024-10-12 04:15:00,72887,278
2024-10-12 04:30:00,72887,263
2024-10-12 04:45:00,72887,244
2024-10-12 05:00:00,72887,237
2024-10-12 05:15:00,72887,211
2024-10-12 05:30:00,72887,228
2024-10-12 05:45:00,72887,224
2024-10-12 06:00:00,72887,216
2024-10-12 06:15:00,72887,211
2024-10-12 06:30:00,72887,209
2024-10-12 06:45:00,72887,216
2024-10-12 07:00:00,72887,209
2024-10-12 07:15:00,72887,227
2024-10-12 07:30:00,72887,256
2024-10-12 07:45:00,72887,270
2024-10-12 08:00:00,72887,274
2024-10-12 08:15:00,72887,301
2024-10-12 08:30:00,72887,335
2024-10-12 08:45:00,72887,332
2024-10-12 09:00:00,72887,319
2024-10-12 09:15:00,72887,343
2024-10-12 09:30:00,72887,369
2024-10-12 09:45:00,72887,354
2024-10-12 10:00:00,72887,433
2024-10-12 10:15:00,72887,457
2024-10-12 10:30:00,72887,428
2024-10-12 10:45:00,72887,464
2024-10-12 11:00:00,72887,458
2024-10-12 11:15:00,72887,474
2024-10-12 11:30:00,72887,470
2024-10-12 11:45:00,72887,476
2024-10-12 12:00:00,72887,481
2024-10-12 12:15:00,72887,465
2024-10-12 12:30:00,72887,505
2024-10-12 12:45:00,72887,499
2024-10-12 13:00:00,72887,469
2024-10-12 13:15:00,72887,434
2024-10-12 13:30:00,72887,497
2024-10-12 13:45:00,72887,511
2024-10-12 14:00:00,72887,475
2024-10-12 14:15:00,72887,507
2024-10-12 14:30:00,72887,517
2024-10-12 14:45:00,72887,489
2024-10-12 15:00:00,72887,487
2024-10-12 15:15:00,72887,523
2024-10-12 15:30:00,72887,538
2024-10-12 15:45:00,72887,464
2024-10-12 16:00:00,72887,485
2024-10-12 16:15:00,72887,486
2024-10-12 16:30:00,72887,492
2024-10-12 16:45:00,72887,481
2024-10-12 17:00:00,72887,485
2024-10-12 17:15:00,72887,482
2024-10-12 17:30:00,72887,462
2024-10-12 17:45:00,72887,469
2024-10-12 18:00:00,72887,505
2024-10-12 18:15:00,72887,499
2024-10-12 18:30:00,72887,464
2024-10-12 18:45:00,72887,494
2024-10-12 19:00:00,72887,487
2024-10-12 19:15:00,72887,440
2024-10-12 19:30:00,72887,500
2024-10-12 19:45:00,72887,500
2024-10-12 20:00:00,72887,468
2024-10-12 20:15:00,72887,466
2024-10-12 20:30:00,72887,506
2024-10-12 20:45:00,72887,506
2024-10-12 21:00:00,72887,512
2024-10-12 21:15:00,72887,468
2024-10-12 21:30:00,72887,430
2024-10-12 21:45:00,72887,450
2024-10-12 22:00:00,72887,456
2024-10-12 22:15:00,72887,496
2024-10-12 22:30:00,72887,457
2024-10-12 22:45:00,72887,464
2024-10-12 23:00:00,72887,432
2024-10-12 23:15:00,72887,445
2024-10-12 23:30:00,72887,432
2024-10-12 23:45:00,72887,415
2024-10-13 00:00:00,72887,422
2024-10-13 00:15:00,72887,430
2024-10-13 00:30:00,72887,391
2024-10-13 00:45:00,72887,401
2024-10-13 01:00:00,72887,363
2024-10-13 01:15:00,72887,373
2024-10-13 01:30:00,72887,362
2024-10-13 01:45:00,72887,372
2024-10-13 02:00:00,72887,313
2024-10-13 02:15:00,72887,307
2024-10-13 02:30:00,72887,318
2024-10-13 02:45:00,72887,285
2024-10-13 03:00:00,72887,288
2024-10-13 03:15:00,72887,274
2024-10-13 03:30:00,72887,257
2024-10-13 03:45:00,72887,302
2024-10-13 04:00:00,72887,362
2024-10-13 04:15:00,72887,347
2024-10-13 04:30:00,72887,371
2024-10-13 04:45:00,72887,284
2024-10-13 05:00:00,72887,291
2024-10-13 05:15:00,72887,233
2024-10-13 05:30:00,72887,196
2024-10-13 05:45:00,72887,196
2024-10-13 06:00:00,72887,167
2024-10-13 06:15:00,72887,168
2024-10-13 06:30:00,72887,154
2024-10-13 06:45:00,72887,171
2024-10-13 07:00:00,72887,187
2024-10-13 07:15:00,72887,203
2024-10-13 07:30:00,72887,188
2024-10-13 07:45:00,72887,211
2024-10-13 08:00:00,72887,213
2024-10-13 08:15:00,72887,245
2024-10-13 08:30:00,72887,233
2024-10-13 08:45:00,72887,224
2024-10-13 09:00:00,72887,253
2024-10-13 09:15:00,72887,268
2024-10-13 09:30:00,72887,307
2024-10-13 09:45:00,72887,305
2024-10-13 10:00:00,72887,343
2024-10-13 10:15:00,72887,323
2024-10-13 10:30:00,72887,345
2024-10-13 10:45:00,72887,372
2024-10-13 11:00:00,72887,364
2024-10-13 11:15:00,72887,405
2024-10-13 11:30:00,72887,428
2024-10-13 11:45:00,72887,425
2024-10-13 12:00:00,72887,452
2024-10-13 12:15:00,72887,432
2024-10-13 12:30:00,72887,455
2024-10-13 12:45:00,72887,457
2024-10-13 13:00:00,72887,490
2024-10-13 13:15:00,72887,461
2024-10-13 13:30:00,72887,513
2024-10-13 13:45:00,72887,500
2024-10-13 14:00:00,72887,502
2024-10-13 14:15:00,72887,512
2024-10-13 14:30:00,72887,507
2024-10-13 14:45:00,72887,528
2024-10-13 15:00:00,72887,513
2024-10-13 15:15:00,72887,544
2024-10-13 15:30:00,72887,513
2024-10-13 15:45:00,72887,510
2024-10-13 16:00:00,72887,513
2024-10-13 16:15:00,72887,504
2024-10-13 16:30:00,72887,526
2024-10-13 16:45:00,72887,498
2024-10-13 17:00:00,72887,497
2024-10-13 17:15:00,72887,488
2024-10-13 17:30:00,72887,499
2024-10-13 17:45:00,72887,496
2024-10-13 18:00:00,72887,487
2024-10-13 18:15:00,72887,509
2024-10-13 18:30:00,72887,432
2024-10-13 18:45:00,72887,443
2024-10-13 19:00:00,72887,470
2024-10-13 19:15:00,72887,491
2024-10-13 19:30:00,72887,461
2024-10-13 19:45:00,72887,449
2024-10-13 20:00:00,72887,502
2024-10-13 20:15:00,72887,478
2024-10-13 20:30:00,72887,470
2024-10-13 20:45:00,72887,425
2024-10-13 21:00:00,72887,421
2024-10-13 21:15:00,72887,446
2024-10-13 21:30:00,72887,417
2024-10-13 21:45:00,72887,420
2024-10-13 22:00:00,72887,407
2024-10-13 22:15:00,72887,445
2024-10-13 22:30:00,72887,360
2024-10-13 22:45:00,72887,390
2024-10-13 23:00:00,72887,340
2024-10-13 23:15:00,72887,365
2024-10-13 23:30:00,72887,400
2024-10-13 23:45:00,72887,352
2024-10-14 00:00:00,72887,333
2024-10-14 00:15:00,72887,313
2024-10-14 00:30:00,72887,323
2024-10-14 00:45:00,72887,288
2024-10-14 01:00:00,72887,244
2024-10-14 01:15:00,72887,280
2024-10-14 01:30:00,72887,254
2024-10-14 01:45:00,72887,283
2024-10-14 02:00:00,72887,226
2024-10-14 02:15:00,72887,198
2024-10-14 02:30:00,72887,209
2024-10-14 02:45:00,72887,159
2024-10-14 03:00:00,72887,199
2024-10-14 03:15:00,72887,180
2024-10-14 03:30:00,72887,164
2024-10-14 03:45:00,72887,168
2024-10-14 04:00:00,72887,246
2024-10-14 04:15:00,72887,282
2024-10-14 04:30:00,72887,291
2024-10-14 04:45:00,72887,241
2024-10-14 05:00:00,72887,257
2024-10-14 05:15:00,72887,269
2024-10-14 05:30:00,72887,252
2024-10-14 05:45:00,72887,256
2024-10-14 06:00:00,72887,250
2024-10-14 06:15:00,72887,291
2024-10-14 06:30:00,72887,282
2024-10-14 06:45:00,72887,255
2024-10-14 07:00:00,72887,293
2024-10-14 07:15:00,72887,296
2024-10-14 07:30:00,72887,312
2024-10-14 07:45:00,72887,302
2024-10-14 08:00:00,72887,296
2024-10-14 08:15:00,72887,303
2024-10-14 08:30:00,72887,339
2024-10-14 08:45:00,72887,337
2024-10-14 09:00:00,72887,336
2024-10-14 09:15:00,72887,348
2024-10-14 09:30:00,72887,329
2024-10-14 09:45:00,72887,349
2024-10-14 10:00:00,72887,394
2024-10-14 10:15:00,72887,349
2024-10-14 10:30:00,72887,311
2024-10-14 10:45:00,72887,382
2024-10-14 11:00:00,72887,338
2024-10-14 11:15:00,72887,393
2024-10-14 11:30:00,72887,377
2024-10-14 11:45:00,72887,444
2024-10-14 12:00:00,72887,385
2024-10-14 12:15:00,72887,425
2024-10-14 12:30:00,72887,425
2024-10-14 12:45:00,72887,430
2024-10-14 13:00:00,72887,441
2024-10-14 13:15:00,72887,418
2024-10-14 13:30:00,72887,428
2024-10-14 13:45:00,72887,406
2024-10-14 14:00:00,72887,502
2024-10-14 14:15:00,72887,468
2024-10-14 14:30:00,72887,449
2024-10-14 14:45:00,72887,539
2024-10-14 15:00:00,72887,466
2024-10-14 15:15:00,72887,479
2024-10-14 15:30:00,72887,520
2024-10-14 15:45:00,72887,516
2024-10-14 16:00:00,72887,461
2024-10-14 16:15:00,72887,524
2024-10-14 16:30:00,72887,507
2024-10-14 16:45:00,72887,509
2024-10-14 17:00:00,72887,519
2024-10-14 17:15:00,72887,517
2024-10-14 17:30:00,72887,519
2024-10-14 17:45:00,72887,508
2024-10-14 18:00:00,72887,531
2024-10-14 18:15:00,72887,523
2024-10-14 18:30:00,72887,469
2024-10-14 18:45:00,72887,504
2024-10-14 19:00:00,72887,477
2024-10-14 19:15:00,72887,479
2024-10-14 19:30:00,72887,442
2024-10-14 19:45:00,72887,429
2024-10-14 20:00:00,72887,372
2024-10-14 20:15:00,72887,346
2024-10-14 20:30:00,72887,365
2024-10-14 20:45:00,72887,363
2024-10-14 21:00:00,72887,363
2024-10-14 21:15:00,72887,385
2024-10-14 21:30:00,72887,298
2024-10-14 21:45:00,72887,330
2024-10-14 22:00:00,72887,273
2024-10-14 22:15:00,72887,272
2024-10-14 22:30:00,72887,255
2024-10-14 22:45:00,72887,285
2024-10-14 23:00:00,72887,234
2024-10-14 23:15:00,72887,272
2024-10-14 23:30:00,72887,237
2024-10-14 23:45:00,72887,193
2024-10-15 00:00:00,72887,210
2024-10-15 00:15:00,72887,204
2024-10-15 00:30:00,72887,176
2024-10-15 00:45:00,72887,162
2024-10-15 01:00:00,72887,169
2024-10-15 01:15:00,72887,150
2024-10-15 01:30:00,72887,119
2024-10-15 01:45:00,72887,114
2024-10-15 02:00:00,72887,125
2024-10-15 02:15:00,72887,99
2024-10-15 02:30:00,72887,91
2024-10-15 02:45:00,72887,82
2024-10-15 03:00:00,72887,71
2024-10-15 03:15:00,72887,72
2024-10-15 03:30:00,72887,82
2024-10-15 03:45:00,72887,101
2024-10-15 04:00:00,72887,115
2024-10-15 04:15:00,72887,134
2024-10-15 04:30:00,72887,134
2024-10-15 04:45:00,72887,183
2024-10-15 05:00:00,72887,178
2024-10-15 05:15:00,72887,231
2024-10-15 05:30:00,72887,287
2024-10-15 05:45:00,72887,332
2024-10-15 06:00:00,72887,308
2024-10-15 06:15:00,72887,363
2024-10-15 06:30:00,72887,384
2024-10-15 06:45:00,72887,375
2024-10-15 07:00:00,72887,433
2024-10-15 07:15:00,72887,488
2024-10-15 07:30:00,72887,547
2024-10-15 07:45:00,72887,530
2024-10-15 08:00:00,72887,549
2024-10-15 08:15:00,72887,484
2024-10-15 08:30:00,72887,507
2024-10-15 08:45:00,72887,479
2024-10-15 09:00:00,72887,390
2024-10-15 09:15:00,72887,387
2024-10-15 09:30:00,72887,373
2024-10-15 09:45:00,72887,405
2024-10-15 10:00:00,72887,477
2024-10-15 10:15:00,72887,408
2024-10-15 10:30:00,72887,380
2024-10-15 10:45:00,72887,365
2024-10-15 11:00:00,72887,431
2024-10-15 11:15:00,72887,395
2024-10-15 11:30:00,72887,399
2024-10-15 11:45:00,72887,410
2024-10-15 12:00:00,72887,417
2024-10-15 12:15:00,72887,438
2024-10-15 12:30:00,72887,447
2024-10-15 12:45:00,72887,397
2024-10-15 13:00:00,72887,444
2024-10-15 13:15:00,72887,431
2024-10-15 13:30:00,72887,494
2024-10-15 13:45:00,72887,453
2024-10-15 14:00:00,72887,491
2024-10-15 14:15:00,72887,501
2024-10-15 14:30:00,72887,558
2024-10-15 14:45:00,72887,506
2024-10-15 15:00:00,72887,499
2024-10-15 15:15:00,72887,530
2024-10-15 15:30:00,72887,530
2024-10-15 15:45:00,72887,518
2024-10-15 16:00:00,72887,551
2024-10-15 16:15:00,72887,478
2024-10-15 16:30:00,72887,518
2024-10-15 16:45:00,72887,502
2024-10-15 17:00:00,72887,541
2024-10-15 17:15:00,72887,541
2024-10-15 17:30:00,72887,529
2024-10-15 17:45:00,72887,525
2024-10-15 18:00:00,72887,519
2024-10-15 18:15:00,72887,483
2024-10-15 18:30:00,72887,448
2024-10-15 18:45:00,72887,487
2024-10-15 19:00:00,72887,504
2024-10-15 19:15:00,72887,486
2024-10-15 19:30:00,72887,479
2024-10-15 19:45:00,72887,397
2024-10-15 20:00:00,72887,363
2024-10-15 20:15:00,72887,371
2024-10-15 20:30:00,72887,357
2024-10-15 20:45:00,72887,335
2024-10-15 21:00:00,72887,336
2024-10-15 21:15:00,72887,368
2024-10-15 21:30:00,72887,325
2024-10-15 21:45:00,72887,294
2024-10-15 22:00:00,72887,282
2024-10-15 22:15:00,72887,297
2024-10-15 22:30:00,72887,302
2024-10-15 22:45:00,72887,313
2024-10-15 23:00:00,72887,289
2024-10-15 23:15:00,72887,295
2024-10-15 23:30:00,72887,252
2024-10-15 23:45:00,72887,260
2024-10-16 00:00:00,72887,241
2024-10-16 00:15:00,72887,247
2024-10-16 00:30:00,72887,209
2024-10-16 00:45:00,72887,179
2024-10-16 01:00:00,72887,189
2024-10-16 01:15:00,72887,176
2024-10-16 01:30:00,72887,142
2024-10-16 01:45:00,72887,129
2024-10-16 02:00:00,72887,131
2024-10-16 02:15:00,72887,117
2024-10-16 02:30:00,72887,105
2024-10-16 02:45:00,72887,83
2024-10-16 03:00:00,72887,70
2024-10-16 03:15:00,72887,96
2024-10-16 03:30:00,72887,85
2024-10-16 03:45:00,72887,92
2024-10-16 04:00:00,72887,117
2024-10-16 04:15:00,72887,143
2024-10-16 04:30:00,72887,203
2024-10-16 04:45:00,72887,228
2024-10-16 05:00:00,72887,219
2024-10-16 05:15:00,72887,239
2024-10-16 05:30:00,72887,249
2024-10-16 05:45:00,72887,249
2024-10-16 06:00:00,72887,275
2024-10-16 06:15:00,72887,286
2024-10-16 06:30:00,72887,413
2024-10-16 06:45:00,72887,414
2024-10-16 07:00:00,72887,469
2024-10-16 07:15:00,72887,472
2024-10-16 07:30:00,72887,517
2024-10-16 07:45:00,72887,517
2024-10-16 08:00:00,72887,476
2024-10-16 08:15:00,72887,478
2024-10-16 08:30:00,72887,434
2024-10-16 08:45:00,72887,390
2024-10-16 09:00:00,72887,393
2024-10-16 09:15:00,72887,390
2024-10-16 09:30:00,72887,406
2024-10-16 09:45:00,72887,403
2024-10-16 10:00:00,72887,394
2024-10-16 10:15:00,72887,394
2024-10-16 10:30:00,72887,398
2024-10-16 10:45:00,72887,388
2024-10-16 11:00:00,72887,389
2024-10-16 11:15:00,72887,394
2024-10-16 11:30:00,72887,408
2024-10-16 11:45:00,72887,421
2024-10-16 12:00:00,72887,439
2024-10-16 12:15:00,72887,443
2024-10-16 12:30:00,72887,438
2024-10-16 12:45:00,72887,447
2024-10-16 13:00:00,72887,481
2024-10-16 13:15:00,72887,466
2024-10-16 13:30:00,72887,443
2024-10-16 13:45:00,72887,473
2024-10-16 14:00:00,72887,468
2024-10-16 14:15:00,72887,493
2024-10-16 14:30:00,72887,510
2024-10-16 14:45:00,72887,512
2024-10-16 15:00:00,72887,514
2024-10-16 15:15:00,72887,511
2024-10-16 15:30:00,72887,528
2024-10-16 15:45:00,72887,587
2024-10-16 16:00:00,72887,449
2024-10-16 16:15:00,72887,473
2024-10-16 16:30:00,72887,491
2024-10-16 16:45:00,72887,508
2024-10-16 17:00:00,72887,558
2024-10-16 17:15:00,72887,493
2024-10-16 17:30:00,72887,577
2024-10-16 17:45:00,72887,500
2024-10-16 18:00:00,72887,524
2024-10-16 18:15:00,72887,515
2024-10-16 18:30:00,72887,531
2024-10-16 18:45:00,72887,554
2024-10-16 19:00:00,72887,526
2024-10-16 19:15:00,72887,486
2024-10-16 19:30:00,72887,475
2024-10-16 19:45:00,72887,426
2024-10-16 20:00:00,72887,398
2024-10-16 20:15:00,72887,442
2024-10-16 20:30:00,72887,419
2024-10-16 20:45:00,72887,390
2024-10-16 21:00:00,72887,388
2024-10-16 21:15:00,72887,375
2024-10-16 21:30:00,72887,340
2024-10-16 21:45:00,72887,320
2024-10-16 22:00:00,72887,285
2024-10-16 22:15:00,72887,301
2024-10-16 22:30:00,72887,281
2024-10-16 22:45:00,72887,272
2024-10-16 23:00:00,72887,275
2024-10-16 23:15:00,72887,260
2024-10-16 23:30:00,72887,278
2024-10-16 23:45:00,72887,269
2024-10-17 00:00:00,72887,241
2024-10-17 00:15:00,72887,231
2024-10-17 00:30:00,72887,197
2024-10-17 00:45:00,72887,208
2024-10-17 01:00:00,72887,154
2024-10-17 01:15:00,72887,166
2024-10-17 01:30:00,72887,157
2024-10-17 01:45:00,72887,171
2024-10-17 02:00:00,72887,163
2024-10-17 02:15:00,72887,123
2024-10-17 02:30:00,72887,115
2024-10-17 02:45:00,72887,94
2024-10-17 03:00:00,72887,95
2024-10-17 03:15:00,72887,93
2024-10-17 03:30:00,72887,98
2024-10-17 03:45:00,72887,117
2024-10-17 04:00:00,72887,148
2024-10-17 04:15:00,72887,158
2024-10-17 04:30:00,72887,190
2024-10-17 04:45:00,72887,222
2024-10-17 05:00:00,72887,168
2024-10-17 05:15:00,72887,247
2024-10-17 05:30:00,72887,300
2024-10-17 05:45:00,72887,311
2024-10-17 06:00:00,72887,347
2024-10-17 06:15:00,72887,324
2024-10-17 06:30:00,72887,392
2024-10-17 06:45:00,72887,382
2024-10-17 07:00:00,72887,475
2024-10-17 07:15:00,72887,425
2024-10-17 07:30:00,72887,482
2024-10-17 07:45:00,72887,480
2024-10-17 08:00:00,72887,470
2024-10-17 08:15:00,72887,490
2024-10-17 08:30:00,72887,435
2024-10-17 08:45:00,72887,410
2024-10-17 09:00:00,72887,409
2024-10-17 09:15:00,72887,426
2024-10-17 09:30:00,72887,435
2024-10-17 09:45:00,72887,419
2024-10-17 10:00:00,72887,423
2024-10-17 10:15:00,72887,362
2024-10-17 10:30:00,72887,393
2024-10-17 10:45:00,72887,369
2024-10-17 11:00:00,72887,364
2024-10-17 11:15:00,72887,404
2024-10-17 11:30:00,72887,398
2024-10-17 11:45:00,72887,458
2024-10-17 12:00:00,72887,393
2024-10-17 12:15:00,72887,441
2024-10-17 12:30:00,72887,413
2024-10-17 12:45:00,72887,429
2024-10-17 13:00:00,72887,452
2024-10-17 13:15:00,72887,461
2024-10-17 13:30:00,72887,427
2024-10-17 13:45:00,72887,439
2024-10-17 14:00:00,72887,509
2024-10-17 14:15:00,72887,524
2024-10-17 14:30:00,72887,545
2024-10-17 14:45:00,72887,495
2024-10-17 15:00:00,72887,547
2024-10-17 15:15:00,72887,539
2024-10-17 15:30:00,72887,509
2024-10-17 15:45:00,72887,516
2024-10-17 16:00:00,72887,475
2024-10-17 16:15:00,72887,459
2024-10-17 16:30:00,72887,479
2024-10-17 16:45:00,72887,459
2024-10-17 17:00:00,72887,491
2024-10-17 17:15:00,72887,450
2024-10-17 17:30:00,72887,537
2024-10-17 17:45:00,72887,504
2024-10-17 18:00:00,72887,504
2024-10-17 18:15:00,72887,488
2024-10-17 18:30:00,72887,488
2024-10-17 18:45:00,72887,449
2024-10-17 19:00:00,72887,445
2024-10-17 19:15:00,72887,492
2024-10-17 19:30:00,72887,484
2024-10-17 19:45:00,72887,417
2024-10-17 20:00:00,72887,432
2024-10-17 20:15:00,72887,425
2024-10-17 20:30:00,72887,376
2024-10-17 20:45:00,72887,410
2024-10-17 21:00:00,72887,448
2024-10-17 21:15:00,72887,419
2024-10-17 21:30:00,72887,394
2024-10-17 21:45:00,72887,359
2024-10-17 22:00:00,72887,381
2024-10-17 22:15:00,72887,393
2024-10-17 22:30:00,72887,364
2024-10-17 22:45:00,72887,390
2024-10-17 23:00:00,72887,339
2024-10-17 23:15:00,72887,387
2024-10-17 23:30:00,72887,329
2024-10-17 23:45:00,72887,271
2024-10-18 00:00:00,72887,307
2024-10-18 00:15:00,72887,237
2024-10-18 00:30:00,72887,214
2024-10-18 00:45:00,72887,231
2024-10-18 01:00:00,72887,181
2024-10-18 01:15:00,72887,196
2024-10-18 01:30:00,72887,167
2024-10-18 01:45:00,72887,145
2024-10-18 02:00:00,72887,169
2024-10-18 02:15:00,72887,161
2024-10-18 02:30:00,72887,131
2024-10-18 02:45:00,72887,122
2024-10-18 03:00:00,72887,115
2024-10-18 03:15:00,72887,111
2024-10-18 03:30:00,72887,121
2024-10-18 03:45:00,72887,111
2024-10-18 04:00:00,72887,139
2024-10-18 04:15:00,72887,157
2024-10-18 04:30:00,72887,166
2024-10-18 04:45:00,72887,195
2024-10-18 05:00:00,72887,185
2024-10-18 05:15:00,72887,245
2024-10-18 05:30:00,72887,261
2024-10-18 05:45:00,72887,327
2024-10-18 06:00:00,72887,344
2024-10-18 06:15:00,72887,368
2024-10-18 06:30:00,72887,400
2024-10-18 06:45:00,72887,388
2024-10-18 07:00:00,72887,460
2024-10-18 07:15:00,72887,444
2024-10-18 07:30:00,72887,508
2024-10-18 07:45:00,72887,476
2024-10-18 08:00:00,72887,494
2024-10-18 08:15:00,72887,470
2024-10-18 08:30:00,72887,411
2024-10-18 08:45:00,72887,447
2024-10-18 09:00:00,72887,374
2024-10-18 09:15:00,72887,422
2024-10-18 09:30:00,72887,401
2024-10-18 09:45:00,72887,406
2024-10-18 10:00:00,72887,406
2024-10-18 10:15:00,72887,389
2024-10-18 10:30:00,72887,432
2024-10-18 10:45:00,72887,410
2024-10-18 11:00:00,72887,434
2024-10-18 11:15:00,72887,424
2024-10-18 11:30:00,72887,405
2024-10-18 11:45:00,72887,445
2024-10-18 12:00:00,72887,402
2024-10-18 12:15:00,72887,431
2024-10-18 12:30:00,72887,422
2024-10-18 12:45:00,72887,486
2024-10-18 13:00:00,72887,473
2024-10-18 13:15:00,72887,467
2024-10-18 13:30:00,72887,506
2024-10-18 13:45:00,72887,514
2024-10-18 14:00:00,72887,524
2024-10-18 14:15:00,72887,418
2024-10-18 14:30:00,72887,520
2024-10-18 14:45:00,72887,548
2024-10-18 15:00:00,72887,529
2024-10-18 15:15:00,72887,523
2024-10-18 15:30:00,72887,553
2024-10-18 15:45:00,72887,519
2024-10-18 16:00:00,72887,524
2024-10-18 16:15:00,72887,551
2024-10-18 16:30:00,72887,485
2024-10-18 16:45:00,72887,462
2024-10-18 17:00:00,72887,543
2024-10-18 17:15:00,72887,504
2024-10-18 17:30:00,72887,534
2024-10-18 17:45:00,72887,556
2024-10-18 18:00:00,72887,571
2024-10-18 18:15:00,72887,521
2024-10-18 18:30:00,72887,503
2024-10-18 18:45:00,72887,536
2024-10-18 19:00:00,72887,535
2024-10-18 19:15:00,72887,542
2024-10-18 19:30:00,72887,484
2024-10-18 19:45:00,72887,504
2024-10-18 20:00:00,72887,503
2024-10-18 20:15:00,72887,500
2024-10-18 20:30:00,72887,485
2024-10-18 20:45:00,72887,473
2024-10-18 21:00:00,72887,475
2024-10-18 21:15:00,72887,449
2024-10-18 21:30:00,72887,485
2024-10-18 21:45:00,72887,424
2024-10-18 22:00:00,72887,447
2024-10-18 22:15:00,72887,477
2024-10-18 22:30:00,72887,458
2024-10-18 22:45:00,72887,481
2024-10-18 23:00:00,72887,450
2024-10-18 23:15:00,72887,476
2024-10-18 23:30:00,72887,427
2024-10-18 23:45:00,72887,425
2024-10-19 00:00:00,72887,418
2024-10-19 00:15:00,72887,426
2024-10-19 00:30:00,72887,466
2024-10-19 00:45:00,72887,331
2024-10-19 01:00:00,72887,345
2024-10-19 01:15:00,72887,316
2024-10-19 01:30:00,72887,297
2024-10-19 01:45:00,72887,292
2024-10-19 02:00:00,72887,282
2024-10-19 02:15:00,72887,278
2024-10-19 02:30:00,72887,229
2024-10-19 02:45:00,72887,212
2024-10-19 03:00:00,72887,235
2024-10-19 03:15:00,72887,191
2024-10-19 03:30:00,72887,222
2024-10-19 03:45:00,72887,264
2024-10-19 04:00:00,72887,312
2024-10-19 04:15:00,72887,284
2024-10-19 04:30:00,72887,327
2024-10-19 04:45:00,72887,299
2024-10-19 05:00:00,72887,242
2024-10-19 05:15:00,72887,227
2024-10-19 05:30:00,72887,215
2024-10-19 05:45:00,72887,171
2024-10-19 06:00:00,72887,214
2024-10-19 06:15:00,72887,223
2024-10-19 06:30:00,72887,247
2024-10-19 06:45:00,72887,218
2024-10-19 07:00:00,72887,254
2024-10-19 07:15:00,72887,257
2024-10-19 07:30:00,72887,342
2024-10-19 07:45:00,72887,387
2024-10-19 08:00:00,72887,404
2024-10-19 08:15:00,72887,437
2024-10-19 08:30:00,72887,401
2024-10-19 08:45:00,72887,415
2024-10-19 09:00:00,72887,403
2024-10-19 09:15:00,72887,416
2024-10-19 09:30:00,72887,438
2024-10-19 09:45:00,72887,433
2024-10-19 10:00:00,72887,471
2024-10-19 10:15:00,72887,463
2024-10-19 10:30:00,72887,513
2024-10-19 10:45:00,72887,481
2024-10-19 11:00:00,72887,513
2024-10-19 11:15:00,72887,467
2024-10-19 11:30:00,72887,466
2024-10-19 11:45:00,72887,490
2024-10-19 12:00:00,72887,522
2024-10-19 12:15:00,72887,470
2024-10-19 12:30:00,72887,493
2024-10-19 12:45:00,72887,523
2024-10-19 13:00:00,72887,469
2024-10-19 13:15:00,72887,465
2024-10-19 13:30:00,72887,459
2024-10-19 13:45:00,72887,481
2024-10-19 14:00:00,72887,519
2024-10-19 14:15:00,72887,470
2024-10-19 14:30:00,72887,539
2024-10-19 14:45:00,72887,446
2024-10-19 15:00:00,72887,444
2024-10-19 15:15:00,72887,542
2024-10-19 15:30:00,72887,459
2024-10-19 15:45:00,72887,559
2024-10-19 16:00:00,72887,524
2024-10-19 16:15:00,72887,502
2024-10-19 16:30:00,72887,486
2024-10-19 16:45:00,72887,453
2024-10-19 17:00:00,72887,507
2024-10-19 17:15:00,72887,468
2024-10-19 17:30:00,72887,538
2024-10-19 17:45:00,72887,536
2024-10-19 18:00:00,72887,540
2024-10-19 18:15:00,72887,541
2024-10-19 18:30:00,72887,478
2024-10-19 18:45:00,72887,522
2024-10-19 19:00:00,72887,442
2024-10-19 19:15:00,72887,523
2024-10-19 19:30:00,72887,442
2024-10-19 19:45:00,72887,496
2024-10-19 20:00:00,72887,447
2024-10-19 20:15:00,72887,479
2024-10-19 20:30:00,72887,468
2024-10-19 20:45:00,72887,480
2024-10-19 21:00:00,72887,480
2024-10-19 21:15:00,72887,414
2024-10-19 21:30:00,72887,437
2024-10-19 21:45:00,72887,449
2024-10-19 22:00:00,72887,486
2024-10-19 22:15:00,72887,402
2024-10-19 22:30:00,72887,395
2024-10-19 22:45:00,72887,416
2024-10-19 23:00:00,72887,381
2024-10-19 23:15:00,72887,374
2024-10-19 23:30:00,72887,373
2024-10-19 23:45:00,72887,398
2024-10-20 00:00:00,72887,388
2024-10-20 00:15:00,72887,385
2024-10-20 00:30:00,72887,412
2024-10-20 00:45:00,72887,378
2024-10-20 01:00:00,72887,335
2024-10-20 01:15:00,72887,361
2024-10-20 01:30:00,72887,337
2024-10-20 01:45:00,72887,316
2024-10-20 02:00:00,72887,310
2024-10-20 02:15:00,72887,301
2024-10-20 02:30:00,72887,278
2024-10-20 02:45:00,72887,253
2024-10-20 03:00:00,72887,284
2024-10-20 03:15:00,72887,263
2024-10-20 03:30:00,72887,282
2024-10-20 03:45:00,72887,289
2024-10-20 04:00:00,72887,364
2024-10-20 04:15:00,72887,363
2024-10-20 04:30:00,72887,349
2024-10-20 04:45:00,72887,302
2024-10-20 05:00:00,72887,248
2024-10-20 05:15:00,72887,239
2024-10-20 05:30:00,72887,199
2024-10-20 05:45:00,72887,154
2024-10-20 06:00:00,72887,179
2024-10-20 06:15:00,72887,157
2024-10-20 06:30:00,72887,153
2024-10-20 06:45:00,72887,176
2024-10-20 07:00:00,72887,191
2024-10-20 07:15:00,72887,187
2024-10-20 07:30:00,72887,209
2024-10-20 07:45:00,72887,208
2024-10-20 08:00:00,72887,179
2024-10-20 08:15:00,72887,244
2024-10-20 08:30:00,72887,215
2024-10-20 08:45:00,72887,268
2024-10-20 09:00:00,72887,243
2024-10-20 09:15:00,72887,276
2024-10-20 09:30:00,72887,337
2024-10-20 09:45:00,72887,319
2024-10-20 10:00:00,72887,352
2024-10-20 10:15:00,72887,359
2024-10-20 10:30:00,72887,409
2024-10-20 10:45:00,72887,405
2024-10-20 11:00:00,72887,416
2024-10-20 11:15:00,72887,436
2024-10-20 11:30:00,72887,428
2024-10-20 11:45:00,72887,418
2024-10-20 12:00:00,72887,418
2024-10-20 12:15:00,72887,480
2024-10-20 12:30:00,72887,449
2024-10-20 12:45:00,72887,465
2024-10-20 13:00:00,72887,456
2024-10-20 13:15:00,72887,458
2024-10-20 13:30:00,72887,499
2024-10-20 13:45:00,72887,461
2024-10-20 14:00:00,72887,459
2024-10-20 14:15:00,72887,473
2024-10-20 14:30:00,72887,503
2024-10-20 14:45:00,72887,499
2024-10-20 15:00:00,72887,474
2024-10-20 15:15:00,72887,492
2024-10-20 15:30:00,72887,501
2024-10-20 15:45:00,72887,512
2024-10-20 16:00:00,72887,477
2024-10-20 16:15:00,72887,507
2024-10-20 16:30:00,72887,522
2024-10-20 16:45:00,72887,455
2024-10-20 17:00:00,72887,480
2024-10-20 17:15:00,72887,443
2024-10-20 17:30:00,72887,462
2024-10-20 17:45:00,72887,472
2024-10-20 18:00:00,72887,440
2024-10-20 18:15:00,72887,491
2024-10-20 18:30:00,72887,458
2024-10-20 18:45:00,72887,508
2024-10-20 19:00:00,72887,450
2024-10-20 19:15:00,72887,469
2024-10-20 19:30:00,72887,480
2024-10-20 19:45:00,72887,499
2024-10-20 20:00:00,72887,429
2024-10-20 20:15:00,72887,408
2024-10-20 20:30:00,72887,431
2024-10-20 20:45:00,72887,386
2024-10-20 21:00:00,72887,464
2024-10-20 21:15:00,72887,402
2024-10-20 21:30:00,72887,402
2024-10-20 21:45:00,72887,409
2024-10-20 22:00:00,72887,413
2024-10-20 22:15:00,72887,318
2024-10-20 22:30:00,72887,337
2024-10-20 22:45:00,72887,324
2024-10-20 23:00:00,72887,337
2024-10-20 23:15:00,72887,307
2024-10-20 23:30:00,72887,311
2024-10-20 23:45:00,72887,315
2024-10-21 00:00:00,72887,298
2024-10-21 00:15:00,72887,283
2024-10-21 00:30:00,72887,319
2024-10-21 00:45:00,72887,269
2024-10-21 01:00:00,72887,252
2024-10-21 01:15:00,72887,210
2024-10-21 01:30:00,72887,186
2024-10-21 01:45:00,72887,214
2024-10-21 02:00:00,72887,190
2024-10-21 02:15:00,72887,207
2024-10-21 02:30:00,72887,197
2024-10-21 02:45:00,72887,135
2024-10-21 03:00:00,72887,158
2024-10-21 03:15:00,72887,118
2024-10-21 03:30:00,72887,141
2024-10-21 03:45:00,72887,143
2024-10-21 04:00:00,72887,206
2024-10-21 04:15:00,72887,189
2024-10-21 04:30:00,72887,236
2024-10-21 04:45:00,72887,225
2024-10-21 05:00:00,72887,217
2024-10-21 05:15:00,72887,263
2024-10-21 05:30:00,72887,310
2024-10-21 05:45:00,72887,309
2024-10-21 06:00:00,72887,324
2024-10-21 06:15:00,72887,341
2024-10-21 06:30:00,72887,364
2024-10-21 06:45:00,72887,432
2024-10-21 07:00:00,72887,469
2024-10-21 07:15:00,72887,499
2024-10-21 07:30:00,72887,515
2024-10-21 07:45:00,72887,524
2024-10-21 08:00:00,72887,405
2024-10-21 08:15:00,72887,458
2024-10-21 08:30:00,72887,377
2024-10-21 08:45:00,72887,408
2024-10-21 09:00:00,72887,379
2024-10-21 09:15:00,72887,356
2024-10-21 09:30:00,72887,397
2024-10-21 09:45:00,72887,379
2024-10-21 10:00:00,72887,388
2024-10-21 10:15:00,72887,377
2024-10-21 10:30:00,72887,385
2024-10-21 10:45:00,72887,385
2024-10-21 11:00:00,72887,431
2024-10-21 11:15:00,72887,390
2024-10-21 11:30:00,72887,424
2024-10-21 11:45:00,72887,436
2024-10-21 12:00:00,72887,373
2024-10-21 12:15:00,72887,409
2024-10-21 12:30:00,72887,396
2024-10-21 12:45:00,72887,408
2024-10-21 13:00:00,72887,442
2024-10-21 13:15:00,72887,483
2024-10-21 13:30:00,72887,461
2024-10-21 13:45:00,72887,454
2024-10-21 14:00:00,72887,524
2024-10-21 14:15:00,72887,495
2024-10-21 14:30:00,72887,470
2024-10-21 14:45:00,72887,485
2024-10-21 15:00:00,72887,505
2024-10-21 15:15:00,72887,498
2024-10-21 15:30:00,72887,467
2024-10-21 15:45:00,72887,457
2024-10-21 16:00:00,72887,489
2024-10-21 16:15:00,72887,462
2024-10-21 16:30:00,72887,536
2024-10-21 16:45:00,72887,501
2024-10-21 17:00:00,72887,539
2024-10-21 17:15:00,72887,541
2024-10-21 17:30:00,72887,562
2024-10-21 17:45:00,72887,505
2024-10-21 18:00:00,72887,505
2024-10-21 18:15:00,72887,446
2024-10-21 18:30:00,72887,491
2024-10-21 18:45:00,72887,498
2024-10-21 19:00:00,72887,418
2024-10-21 19:15:00,72887,443
2024-10-21 19:30:00,72887,424
2024-10-21 19:45:00,72887,393
2024-10-21 20:00:00,72887,385
2024-10-21 20:15:00,72887,371
2024-10-21 20:30:00,72887,365
2024-10-21 20:45:00,72887,340
2024-10-21 21:00:00,72887,346
2024-10-21 21:15:00,72887,317
2024-10-21 21:30:00,72887,331
2024-10-21 21:45:00,72887,354
2024-10-21 22:00:00,72887,322
2024-10-21 22:15:00,72887,281
2024-10-21 22:30:00,72887,262
2024-10-21 22:45:00,72887,259
2024-10-21 23:00:00,72887,264
2024-10-21 23:15:00,72887,214
2024-10-21 23:30:00,72887,235
2024-10-21 23:45:00,72887,237
2025-10-15 00:00:00,72887,233
2025-10-15 00:15:00,72887,215
2025-10-15 00:30:00,72887,221
2025-10-15 00:45:00,72887,163
2025-10-15 01:00:00,72887,179
2025-10-15 01:15:00,72887,157
2025-10-15 01:30:00,72887,135
2025-10-15 01:45:00,72887,135
2025-10-15 02:00:00,72887,108
2025-10-15 02:15:00,72887,123
2025-10-15 02:30:00,72887,92
2025-10-15 02:45:00,72887,81
2025-10-15 03:00:00,72887,82
2025-10-15 03:15:00,72887,94
2025-10-15 03:30:00,72887,92
2025-10-15 03:45:00,72887,84
2025-10-15 04:00:00,72887,118
2025-10-15 04:15:00,72887,127
2025-10-15 04:30:00,72887,149
2025-10-15 04:45:00,72887,189
2025-10-15 05:00:00,72887,212
2025-10-15 05:15:00,72887,269
2025-10-15 05:30:00,72887,290
2025-10-15 05:45:00,72887,353
2025-10-15 06:00:00,72887,364
2025-10-15 06:15:00,72887,393
2025-10-15 06:30:00,72887,404
2025-10-15 06:45:00,72887,464
2025-10-15 07:00:00,72887,486
2025-10-15 07:15:00,72887,559
2025-10-15 07:30:00,72887,569
2025-10-15 07:45:00,72887,595
2025-10-15 08:00:00,72887,594
2025-10-15 08:15:00,72887,555
2025-10-15 08:30:00,72887,554
2025-10-15 08:45:00,72887,524
2025-10-15 09:00:00,72887,482
2025-10-15 09:15:00,72887,501
2025-10-15 09:30:00,72887,442
2025-10-15 09:45:00,72887,417
2025-10-15 10:00:00,72887,442
2025-10-15 10:15:00,72887,408
2025-10-15 10:30:00,72887,416
2025-10-15 10:45:00,72887,428
2025-10-15 11:00:00,72887,456
2025-10-15 11:15:00,72887,434
2025-10-15 11:30:00,72887,414
2025-10-15 11:45:00,72887,418
2025-10-15 12:00:00,72887,450
2025-10-15 12:15:00,72887,442
2025-10-15 12:30:00,72887,418
2025-10-15 12:45:00,72887,472
2025-10-15 13:00:00,72887,436
2025-10-15 13:15:00,72887,469
2025-10-15 13:30:00,72887,461
2025-10-15 13:45:00,72887,463
2025-10-15 14:00:00,72887,450
2025-10-15 14:15:00,72887,498
2025-10-15 14:30:00,72887,513
2025-10-15 14:45:00,72887,549
2025-10-15 15:00:00,72887,550
2025-10-15 15:15:00,72887,565
2025-10-15 15:30:00,72887,591
2025-10-15 15:45:00,72887,534
2025-10-15 16:00:00,72887,554
2025-10-15 16:15:00,72887,569
2025-10-15 16:30:00,72887,539
2025-10-15 16:45:00,72887,517
2025-10-15 17:00:00,72887,503
2025-10-15 17:15:00,72887,541
2025-10-15 17:30:00,72887,541
2025-10-15 17:45:00,72887,514
2025-10-15 18:00:00,72887,546
2025-10-15 18:15:00,72887,505
2025-10-15 18:30:00,72887,561
2025-10-15 18:45:00,72887,548
2025-10-15 19:00:00,72887,484
2025-10-15 19:15:00,72887,512
2025-10-15 19:30:00,72887,500
2025-10-15 19:45:00,72887,486
2025-10-15 20:00:00,72887,480
2025-10-15 20:15:00,72887,458
2025-10-15 20:30:00,72887,425
2025-10-15 20:45:00,72887,390
2025-10-15 21:00:00,72887,412
2025-10-15 21:15:00,72887,389
2025-10-15 21:30:00,72887,371
2025-10-15 21:45:00,72887,367
2025-10-15 22:00:00,72887,331
2025-10-15 22:15:00,72887,344
2025-10-15 22:30:00,72887,313
2025-10-15 22:45:00,72887,289
2025-10-15 23:00:00,72887,286
2025-10-15 23:15:00,72887,315
2025-10-15 23:30:00,72887,283
2025-10-15 23:45:00,72887,259
2025-10-16 00:00:00,72887,230
2025-10-16 00:15:00,72887,272
2025-10-16 00:30:00,72887,210
2025-10-16 00:45:00,72887,203
2025-10-16 01:00:00,72887,181
2025-10-16 01:15:00,72887,176
2025-10-16 01:30:00,72887,157
2025-10-16 01:45:00,72887,128
2025-10-16 02:00:00,72887,122
2025-10-16 02:15:00,72887,102
2025-10-16 02:30:00,72887,94
2025-10-16 02:45:00,72887,80
2025-10-16 03:00:00,72887,88
2025-10-16 03:15:00,72887,80
2025-10-16 03:30:00,72887,77
2025-10-16 03:45:00,72887,95
2025-10-16 04:00:00,72887,100
2025-10-16 04:15:00,72887,135
2025-10-16 04:30:00,72887,152
2025-10-16 04:45:00,72887,175
2025-10-16 05:00:00,72887,223
2025-10-16 05:15:00,72887,258
2025-10-16 05:30:00,72887,282
2025-10-16 05:45:00,72887,327
2025-10-16 06:00:00,72887,371
2025-10-16 06:15:00,72887,389
2025-10-16 06:30:00,72887,477
2025-10-16 06:45:00,72887,508
2025-10-16 07:00:00,72887,483
2025-10-16 07:15:00,72887,490
2025-10-16 07:30:00,72887,532
2025-10-16 07:45:00,72887,575
2025-10-16 08:00:00,72887,569
2025-10-16 08:15:00,72887,525
2025-10-16 08:30:00,72887,513
2025-10-16 08:45:00,72887,520
2025-10-16 09:00:00,72887,474
2025-10-16 09:15:00,72887,493
2025-10-16 09:30:00,72887,434
2025-10-16 09:45:00,72887,414
2025-10-16 10:00:00,72887,431
2025-10-16 10:15:00,72887,419
2025-10-16 10:30:00,72887,448
2025-10-16 10:45:00,72887,466
2025-10-16 11:00:00,72887,437
2025-10-16 11:15:00,72887,427
2025-10-16 11:30:00,72887,438
2025-10-16 11:45:00,72887,446
2025-10-16 12:00:00,72887,417
2025-10-16 12:15:00,72887,488
2025-10-16 12:30:00,72887,434
2025-10-16 12:45:00,72887,454
2025-10-16 13:00:00,72887,467
2025-10-16 13:15:00,72887,476
2025-10-16 13:30:00,72887,502
2025-10-16 13:45:00,72887,487
2025-10-16 14:00:00,72887,471
2025-10-16 14:15:00,72887,562
2025-10-16 14:30:00,72887,550
2025-10-16 14:45:00,72887,524
2025-10-16 15:00:00,72887,552
2025-10-16 15:15:00,72887,596
2025-10-16 15:30:00,72887,577
2025-10-16 15:45:00,72887,591
2025-10-16 16:00:00,72887,530
2025-10-16 16:15:00,72887,551
2025-10-16 16:30:00,72887,539
2025-10-16 16:45:00,72887,500
2025-10-16 17:00:00,72887,544
2025-10-16 17:15:00,72887,516
2025-10-16 17:30:00,72887,539
2025-10-16 17:45:00,72887,547
2025-10-16 18:00:00,72887,516
2025-10-16 18:15:00,72887,522
2025-10-16 18:30:00,72887,510
2025-10-16 18:45:00,72887,537
2025-10-16 19:00:00,72887,517
2025-10-16 19:15:00,72887,531
2025-10-16 19:30:00,72887,551
2025-10-16 19:45:00,72887,496
2025-10-16 20:00:00,72887,499
2025-10-16 20:15:00,72887,491
2025-10-16 20:30:00,72887,430
2025-10-16 20:45:00,72887,424
2025-10-16 21:00:00,72887,438
2025-10-16 21:15:00,72887,441
2025-10-16 21:30:00,72887,398
2025-10-16 21:45:00,72887,402
2025-10-16 22:00:00,72887,424
2025-10-16 22:15:00,72887,404
2025-10-16 22:30:00,72887,424
2025-10-16 22:45:00,72887,394
2025-10-16 23:00:00,72887,406
2025-10-16 23:15:00,72887,385
2025-10-16 23:30:00,72887,363
2025-10-16 23:45:00,72887,333
2025-10-17 00:00:00,72887,309
2025-10-17 00:15:00,72887,289
2025-10-17 00:30:00,72887,217
2025-10-17 00:45:00,72887,212
2025-10-17 01:00:00,72887,171
2025-10-17 01:15:00,72887,190
2025-10-17 01:30:00,72887,171
2025-10-17 01:45:00,72887,156
2025-10-17 02:00:00,72887,158
2025-10-17 02:15:00,72887,125
2025-10-17 02:30:00,72887,108
2025-10-17 02:45:00,72887,91
2025-10-17 03:00:00,72887,81
2025-10-17 03:15:00,72887,89
2025-10-17 03:30:00,72887,88
2025-10-17 03:45:00,72887,100
2025-10-17 04:00:00,72887,124
2025-10-17 04:15:00,72887,140
2025-10-17 04:30:00,72887,195
2025-10-17 04:45:00,72887,188
2025-10-17 05:00:00,72887,159
2025-10-17 05:15:00,72887,219
2025-10-17 05:30:00,72887,237
2025-10-17 05:45:00,72887,285
2025-10-17 06:00:00,72887,352
2025-10-17 06:15:00,72887,369
2025-10-17 06:30:00,72887,436
2025-10-17 06:45:00,72887,428
2025-10-17 07:00:00,72887,520
2025-10-17 07:15:00,72887,551
2025-10-17 07:30:00,72887,616
2025-10-17 07:45:00,72887,605
2025-10-17 08:00:00,72887,568
2025-10-17 08:15:00,72887,541
2025-10-17 08:30:00,72887,499
2025-10-17 08:45:00,72887,547
2025-10-17 09:00:00,72887,481
2025-10-17 09:15:00,72887,516
2025-10-17 09:30:00,72887,444
2025-10-17 09:45:00,72887,496
2025-10-17 10:00:00,72887,456
2025-10-17 10:15:00,72887,484
2025-10-17 10:30:00,72887,453
2025-10-17 10:45:00,72887,442
2025-10-17 11:00:00,72887,492
2025-10-17 11:15:00,72887,480
2025-10-17 11:30:00,72887,434
2025-10-17 11:45:00,72887,445
2025-10-17 12:00:00,72887,433
2025-10-17 12:15:00,72887,469
2025-10-17 12:30:00,72887,458
2025-10-17 12:45:00,72887,477
2025-10-17 13:00:00,72887,493
2025-10-17 13:15:00,72887,520
2025-10-17 13:30:00,72887,478
2025-10-17 13:45:00,72887,455
2025-10-17 14:00:00,72887,517
2025-10-17 14:15:00,72887,501
2025-10-17 14:30:00,72887,569
2025-10-17 14:45:00,72887,553
2025-10-17 15:00:00,72887,537
2025-10-17 15:15:00,72887,548
2025-10-17 15:30:00,72887,539
2025-10-17 15:45:00,72887,530
2025-10-17 16:00:00,72887,542
2025-10-17 16:15:00,72887,555
2025-10-17 16:30:00,72887,579
2025-10-17 16:45:00,72887,545
2025-10-17 17:00:00,72887,527
2025-10-17 17:15:00,72887,543
2025-10-17 17:30:00,72887,539
2025-10-17 17:45:00,72887,535
2025-10-17 18:00:00,72887,530
2025-10-17 18:15:00,72887,539
2025-10-17 18:30:00,72887,512
2025-10-17 18:45:00,72887,532
2025-10-17 19:00:00,72887,548
2025-10-17 19:15:00,72887,525
2025-10-17 19:30:00,72887,520
2025-10-17 19:45:00,72887,535
2025-10-17 20:00:00,72887,535
2025-10-17 20:15:00,72887,494
2025-10-17 20:30:00,72887,436
2025-10-17 20:45:00,72887,490
2025-10-17 21:00:00,72887,428
2025-10-17 21:15:00,72887,415
2025-10-17 21:30:00,72887,413
2025-10-17 21:45:00,72887,473
2025-10-17 22:00:00,72887,448
2025-10-17 22:15:00,72887,464
2025-10-17 22:30:00,72887,436
2025-10-17 22:45:00,72887,391
2025-10-17 23:00:00,72887,396
2025-10-17 23:15:00,72887,458
2025-10-17 23:30:00,72887,424
2025-10-17 23:45:00,72887,438
2025-10-18 00:00:00,72887,411
2025-10-18 00:15:00,72887,417
2025-10-18 00:30:00,72887,382
2025-10-18 00:45:00,72887,306
2025-10-18 01:00:00,72887,302
2025-10-18 01:15:00,72887,234
2025-10-18 01:30:00,72887,250
2025-10-18 01:45:00,72887,252
2025-10-18 02:00:00,72887,209
2025-10-18 02:15:00,72887,172
2025-10-18 02:30:00,72887,175
2025-10-18 02:45:00,72887,146
2025-10-18 03:00:00,72887,169
2025-10-18 03:15:00,72887,131
2025-10-18 03:30:00,72887,140
2025-10-18 03:45:00,72887,118
2025-10-18 04:00:00,72887,123
2025-10-18 04:15:00,72887,135
2025-10-18 04:30:00,72887,138
2025-10-18 04:45:00,72887,145
2025-10-18 05:00:00,72887,150
2025-10-18 05:15:00,72887,150
2025-10-18 05:30:00,72887,169
2025-10-18 05:45:00,72887,171
2025-10-18 06:00:00,72887,182
2025-10-18 06:15:00,72887,207
2025-10-18 06:30:00,72887,222
2025-10-18 06:45:00,72887,256
2025-10-18 07:00:00,72887,289
2025-10-18 07:15:00,72887,269
2025-10-18 07:30:00,72887,297
2025-10-18 07:45:00,72887,304
2025-10-18 08:00:00,72887,295
2025-10-18 08:15:00,72887,335
2025-10-18 08:30:00,72887,326
2025-10-18 08:45:00,72887,350
2025-10-18 09:00:00,72887,378
2025-10-18 09:15:00,72887,391
2025-10-18 09:30:00,72887,373
2025-10-18 09:45:00,72887,432
2025-10-18 10:00:00,72887,413
2025-10-18 10:15:00,72887,433
2025-10-18 10:30:00,72887,460
2025-10-18 10:45:00,72887,458
2025-10-18 11:00:00,72887,478
2025-10-18 11:15:00,72887,496
2025-10-18 11:30:00,72887,463
2025-10-18 11:45:00,72887,453
2025-10-18 12:00:00,72887,465
2025-10-18 12:15:00,72887,502
2025-10-18 12:30:00,72887,468
2025-10-18 12:45:00,72887,505
2025-10-18 13:00:00,72887,521
2025-10-18 13:15:00,72887,500
2025-10-18 13:30:00,72887,519
2025-10-18 13:45:00,72887,468
2025-10-18 14:00:00,72887,522
2025-10-18 14:15:00,72887,504
2025-10-18 14:30:00,72887,523
2025-10-18 14:45:00,72887,468
2025-10-18 15:00:00,72887,466
2025-10-18 15:15:00,72887,525
2025-10-18 15:30:00,72887,491
2025-10-18 15:45:00,72887,493
2025-10-18 16:00:00,72887,493
2025-10-18 16:15:00,72887,514
2025-10-18 16:30:00,72887,513
2025-10-18 16:45:00,72887,514
2025-10-18 17:00:00,72887,489
2025-10-18 17:15:00,72887,454
2025-10-18 17:30:00,72887,476
2025-10-18 17:45:00,72887,456
2025-10-18 18:00:00,72887,493
2025-10-18 18:15:00,72887,510
2025-10-18 18:30:00,72887,494
2025-10-18 18:45:00,72887,505
2025-10-18 19:00:00,72887,513
2025-10-18 19:15:00,72887,530
2025-10-18 19:30:00,72887,476
2025-10-18 19:45:00,72887,478
2025-10-18 20:00:00,72887,496
2025-10-18 20:15:00,72887,535
2025-10-18 20:30:00,72887,421
2025-10-18 20:45:00,72887,456
2025-10-18 21:00:00,72887,462
2025-10-18 21:15:00,72887,419
2025-10-18 21:30:00,72887,463
2025-10-18 21:45:00,72887,459
2025-10-18 22:00:00,72887,409
2025-10-18 22:15:00,72887,457
2025-10-18 22:30:00,72887,415
2025-10-18 22:45:00,72887,441
2025-10-18 23:00:00,72887,401
2025-10-18 23:15:00,72887,410
2025-10-18 23:30:00,72887,475
2025-10-18 23:45:00,72887,428
2025-10-19 00:00:00,72887,469
2025-10-19 00:15:00,72887,414
2025-10-19 00:30:00,72887,395
2025-10-19 00:45:00,72887,406
2025-10-19 01:00:00,72887,381
2025-10-19 01:15:00,72887,345
2025-10-19 01:30:00,72887,341
2025-10-19 01:45:00,72887,313
2025-10-19 02:00:00,72887,299
2025-10-19 02:15:00,72887,327
2025-10-19 02:30:00,72887,292
2025-10-19 02:45:00,72887,265
2025-10-19 03:00:00,72887,261
2025-10-19 03:15:00,72887,238
2025-10-19 03:30:00,72887,269
2025-10-19 03:45:00,72887,256
2025-10-19 04:00:00,72887,264
2025-10-19 04:15:00,72887,281
2025-10-19 04:30:00,72887,260
2025-10-19 04:45:00,72887,228
2025-10-19 05:00:00,72887,160
2025-10-19 05:15:00,72887,160
2025-10-19 05:30:00,72887,137
2025-10-19 05:45:00,72887,136
2025-10-19 06:00:00,72887,155
2025-10-19 06:15:00,72887,156
2025-10-19 06:30:00,72887,153
2025-10-19 06:45:00,72887,145
2025-10-19 07:00:00,72887,148
2025-10-19 07:15:00,72887,152
2025-10-19 07:30:00,72887,158
2025-10-19 07:45:00,72887,171
2025-10-19 08:00:00,72887,194
2025-10-19 08:15:00,72887,198
2025-10-19 08:30:00,72887,223
2025-10-19 08:45:00,72887,236
2025-10-19 09:00:00,72887,258
2025-10-19 09:15:00,72887,246
2025-10-19 09:30:00,72887,300
2025-10-19 09:45:00,72887,326
2025-10-19 10:00:00,72887,365
2025-10-19 10:15:00,72887,353
2025-10-19 10:30:00,72887,389
2025-10-19 10:45:00,72887,378
2025-10-19 11:00:00,72887,411
2025-10-19 11:15:00,72887,394
2025-10-19 11:30:00,72887,415
2025-10-19 11:45:00,72887,463
2025-10-19 12:00:00,72887,443
2025-10-19 12:15:00,72887,486
2025-10-19 12:30:00,72887,468
2025-10-19 12:45:00,72887,464
2025-10-19 13:00:00,72887,463
2025-10-19 13:15:00,72887,493
2025-10-19 13:30:00,72887,470
2025-10-19 13:45:00,72887,484
2025-10-19 14:00:00,72887,538
2025-10-19 14:15:00,72887,498
2025-10-19 14:30:00,72887,511
2025-10-19 14:45:00,72887,543
2025-10-19 15:00:00,72887,521
2025-10-19 15:15:00,72887,541
2025-10-19 15:30:00,72887,493
2025-10-19 15:45:00,72887,510
2025-10-19 16:00:00,72887,502
2025-10-19 16:15:00,72887,512
2025-10-19 16:30:00,72887,509
2025-10-19 16:45:00,72887,483
2025-10-19 17:00:00,72887,496
2025-10-19 17:15:00,72887,466
2025-10-19 17:30:00,72887,528
2025-10-19 17:45:00,72887,509
2025-10-19 18:00:00,72887,498
2025-10-19 18:15:00,72887,478
2025-10-19 18:30:00,72887,480
2025-10-19 18:45:00,72887,499
2025-10-19 19:00:00,72887,469
2025-10-19 19:15:00,72887,464
2025-10-19 19:30:00,72887,474
2025-10-19 19:45:00,72887,466
2025-10-19 20:00:00,72887,434
2025-10-19 20:15:00,72887,440
2025-10-19 20:30:00,72887,429
2025-10-19 20:45:00,72887,404
2025-10-19 21:00:00,72887,473
2025-10-19 21:15:00,72887,428
2025-10-19 21:30:00,72887,411
2025-10-19 21:45:00,72887,404
2025-10-19 22:00:00,72887,379
2025-10-19 22:15:00,72887,369
2025-10-19 22:30:00,72887,319
2025-10-19 22:45:00,72887,376
2025-10-19 23:00:00,72887,336
2025-10-19 23:15:00,72887,294
2025-10-19 23:30:00,72887,327
2025-10-19 23:45:00,72887,269
2025-10-20 00:00:00,72887,268
2025-10-20 00:15:00,72887,258
2025-10-20 00:30:00,72887,253
2025-10-20 00:45:00,72887,214
2025-10-20 01:00:00,72887,212
2025-10-20 01:15:00,72887,199
2025-10-20 01:30:00,72887,160
2025-10-20 01:45:00,72887,169
2025-10-20 02:00:00,72887,148
2025-10-20 02:15:00,72887,167
2025-10-20 02:30:00,72887,150
2025-10-20 02:45:00,72887,123
2025-10-20 03:00:00,72887,142
2025-10-20 03:15:00,72887,107
2025-10-20 03:30:00,72887,102
2025-10-20 03:45:00,72887,99
2025-10-20 04:00:00,72887,100
2025-10-20 04:15:00,72887,119
2025-10-20 04:30:00,72887,137
2025-10-20 04:45:00,72887,142
2025-10-20 05:00:00,72887,160
2025-10-20 05:15:00,72887,191
2025-10-20 05:30:00,72887,258
2025-10-20 05:45:00,72887,289
2025-10-20 06:00:00,72887,348
2025-10-20 06:15:00,72887,383
2025-10-20 06:30:00,72887,406
2025-10-20 06:45:00,72887,440
2025-10-20 07:00:00,72887,476
2025-10-20 07:15:00,72887,534
2025-10-20 07:30:00,72887,577
2025-10-20 07:45:00,72887,593
2025-10-20 08:00:00,72887,569
2025-10-20 08:15:00,72887,525
2025-10-20 08:30:00,72887,471
2025-10-20 08:45:00,72887,530
2025-10-20 09:00:00,72887,428
2025-10-20 09:15:00,72887,490
2025-10-20 09:30:00,72887,427
2025-10-20 09:45:00,72887,412
2025-10-20 10:00:00,72887,400
2025-10-20 10:15:00,72887,426
2025-10-20 10:30:00,72887,441
2025-10-20 10:45:00,72887,440
2025-10-20 11:00:00,72887,428
2025-10-20 11:15:00,72887,446
2025-10-20 11:30:00,72887,472
2025-10-20 11:45:00,72887,467
2025-10-20 12:00:00,72887,462
2025-10-20 12:15:00,72887,482
2025-10-20 12:30:00,72887,476
2025-10-20 12:45:00,72887,477
2025-10-20 13:00:00,72887,441
2025-10-20 13:15:00,72887,464
2025-10-20 13:30:00,72887,480
2025-10-20 13:45:00,72887,470
2025-10-20 14:00:00,72887,478
2025-10-20 14:15:00,72887,464
2025-10-20 14:30:00,72887,500
2025-10-20 14:45:00,72887,505
2025-10-20 15:00:00,72887,506
2025-10-20 15:15:00,72887,537
2025-10-20 15:30:00,72887,525
2025-10-20 15:45:00,72887,592
2025-10-20 16:00:00,72887,547
2025-10-20 16:15:00,72887,507
2025-10-20 16:30:00,72887,534
2025-10-20 16:45:00,72887,530
2025-10-20 17:00:00,72887,571
2025-10-20 17:15:00,72887,531
2025-10-20 17:30:00,72887,598
2025-10-20 17:45:00,72887,529
2025-10-20 18:00:00,72887,496
2025-10-20 18:15:00,72887,504
2025-10-20 18:30:00,72887,540
2025-10-20 18:45:00,72887,492
2025-10-20 19:00:00,72887,446
2025-10-20 19:15:00,72887,487
2025-10-20 19:30:00,72887,430
2025-10-20 19:45:00,72887,422
2025-10-20 20:00:00,72887,416
2025-10-20 20:15:00,72887,358
2025-10-20 20:30:00,72887,366
2025-10-20 20:45:00,72887,335
2025-10-20 21:00:00,72887,338
2025-10-20 21:15:00,72887,326
2025-10-20 21:30:00,72887,263
2025-10-20 21:45:00,72887,311
2025-10-20 22:00:00,72887,260
2025-10-20 22:15:00,72887,251
2025-10-20 22:30:00,72887,211
2025-10-20 22:45:00,72887,272
2025-10-20 23:00:00,72887,235
2025-10-20 23:15:00,72887,225
2025-10-20 23:30:00,72887,237
2025-10-20 23:45:00,72887,180
2025-10-21 00:00:00,72887,168
2025-10-21 00:15:00,72887,176
2025-10-21 00:30:00,72887,165
2025-10-21 00:45:00,72887,119
2025-10-21 01:00:00,72887,149
2025-10-21 01:15:00,72887,115
2025-10-21 01:30:00,72887,102
2025-10-21 01:45:00,72887,115
2025-10-21 02:00:00,72887,115
2025-10-21 02:15:00,72887,92
2025-10-21 02:30:00,72887,88
2025-10-21 02:45:00,72887,77
2025-10-21 03:00:00,72887,74
2025-10-21 03:15:00,72887,62
2025-10-21 03:30:00,72887,70
2025-10-21 03:45:00,72887,79
2025-10-21 04:00:00,72887,86
2025-10-21 04:15:00,72887,143
2025-10-21 04:30:00,72887,164
2025-10-21 04:45:00,72887,150
2025-10-21 05:00:00,72887,154
2025-10-21 05:15:00,72887,204
2025-10-21 05:30:00,72887,244
2025-10-21 05:45:00,72887,256
2025-10-21 06:00:00,72887,335
2025-10-21 06:15:00,72887,344
2025-10-21 06:30:00,72887,427
2025-10-21 06:45:00,72887,419
2025-10-21 07:00:00,72887,484
2025-10-21 07:15:00,72887,562
2025-10-21 07:30:00,72887,608
2025-10-21 07:45:00,72887,583
2025-10-21 08:00:00,72887,504
2025-10-21 08:15:00,72887,523
2025-10-21 08:30:00,72887,470
2025-10-21 08:45:00,72887,491
2025-10-21 09:00:00,72887,478
2025-10-21 09:15:00,72887,440
2025-10-21 09:30:00,72887,465
2025-10-21 09:45:00,72887,455
2025-10-21 10:00:00,72887,472
2025-10-21 10:15:00,72887,416
2025-10-21 10:30:00,72887,440
2025-10-21 10:45:00,72887,487
2025-10-21 11:00:00,72887,483
2025-10-21 11:15:00,72887,447
2025-10-21 11:30:00,72887,439
2025-10-21 11:45:00,72887,435
2025-10-21 12:00:00,72887,453
2025-10-21 12:15:00,72887,474
2025-10-21 12:30:00,72887,436
2025-10-21 12:45:00,72887,503
2025-10-21 13:00:00,72887,469
2025-10-21 13:15:00,72887,463
2025-10-21 13:30:00,72887,481
2025-10-21 13:45:00,72887,439
2025-10-21 14:00:00,72887,526
2025-10-21 14:15:00,72887,497
2025-10-21 14:30:00,72887,553
2025-10-21 14:45:00,72887,550
2025-10-21 15:00:00,72887,560
2025-10-21 15:15:00,72887,571
2025-10-21 15:30:00,72887,540
2025-10-21 15:45:00,72887,539
2025-10-21 16:00:00,72887,569
2025-10-21 16:15:00,72887,580
2025-10-21 16:30:00,72887,572
2025-10-21 16:45:00,72887,541
2025-10-21 17:00:00,72887,597
2025-10-21 17:15:00,72887,551
2025-10-21 17:30:00,72887,521
2025-10-21 17:45:00,72887,506
2025-10-21 18:00:00,72887,523
2025-10-21 18:15:00,72887,509
2025-10-21 18:30:00,72887,514
2025-10-21 18:45:00,72887,593
2025-10-21 19:00:00,72887,535
2025-10-21 19:15:00,72887,534
2025-10-21 19:30:00,72887,505
2025-10-21 19:45:00,72887,496
2025-10-21 20:00:00,72887,458
2025-10-21 20:15:00,72887,411
2025-10-21 20:30:00,72887,376
2025-10-21 20:45:00,72887,367
2025-10-21 21:00:00,72887,367
2025-10-21 21:15:00,72887,351
2025-10-21 21:30:00,72887,329
2025-10-21 21:45:00,72887,303
2025-10-21 22:00:00,72887,240
2025-10-21 22:15:00,72887,286
2025-10-21 22:30:00,72887,258
2025-10-21 22:45:00,72887,271
2025-10-21 23:00:00,72887,220
2025-10-21 23:15:00,72887,261
2025-10-21 23:30:00,72887,219
2025-10-21 23:45:00,72887,256
2025-10-22 00:00:00,72887,220
2025-10-22 00:15:00,72887,206
2025-10-22 00:30:00,72887,195
2025-10-22 00:45:00,72887,183
2025-10-22 01:00:00,72887,162
2025-10-22 01:15:00,72887,140
2025-10-22 01:30:00,72887,133
2025-10-22 01:45:00,72887,104
2025-10-22 02:00:00,72887,97
2025-10-22 02:15:00,72887,96
2025-10-22 02:30:00,72887,78
2025-10-22 02:45:00,72887,84
2025-10-22 03:00:00,72887,67
2025-10-22 03:15:00,72887,84
2025-10-22 03:30:00,72887,86
2025-10-22 03:45:00,72887,83
2025-10-22 04:00:00,72887,96
2025-10-22 04:15:00,72887,116
2025-10-22 04:30:00,72887,149
2025-10-22 04:45:00,72887,144
2025-10-22 05:00:00,72887,152
2025-10-22 05:15:00,72887,196
2025-10-22 05:30:00,72887,251
2025-10-22 05:45:00,72887,258
2025-10-22 06:00:00,72887,305
2025-10-22 06:15:00,72887,291
2025-10-22 06:30:00,72887,402
2025-10-22 06:45:00,72887,398
2025-10-22 07:00:00,72887,470
2025-10-22 07:15:00,72887,515
2025-10-22 07:30:00,72887,604
2025-10-22 07:45:00,72887,612
2025-10-22 08:00:00,72887,563
2025-10-22 08:15:00,72887,557
2025-10-22 08:30:00,72887,525
2025-10-22 08:45:00,72887,490
2025-10-22 09:00:00,72887,461
2025-10-22 09:15:00,72887,490
2025-10-22 09:30:00,72887,463
2025-10-22 09:45:00,72887,431
2025-10-22 10:00:00,72887,442
2025-10-22 10:15:00,72887,427
2025-10-22 10:30:00,72887,435
2025-10-22 10:45:00,72887,441
2025-10-22 11:00:00,72887,439
2025-10-22 11:15:00,72887,429
2025-10-22 11:30:00,72887,433
2025-10-22 11:45:00,72887,445
2025-10-22 12:00:00,72887,448
2025-10-22 12:15:00,72887,447
2025-10-22 12:30:00,72887,441
2025-10-22 12:45:00,72887,440
2025-10-22 13:00:00,72887,500
2025-10-22 13:15:00,72887,465
2025-10-22 13:30:00,72887,507
2025-10-22 13:45:00,72887,477
2025-10-22 14:00:00,72887,508
2025-10-22 14:15:00,72887,493
2025-10-22 14:30:00,72887,502
2025-10-22 14:45:00,72887,578
2025-10-22 15:00:00,72887,545
2025-10-22 15:15:00,72887,532
2025-10-22 15:30:00,72887,543
2025-10-22 15:45:00,72887,560
2025-10-22 16:00:00,72887,534
2025-10-22 16:15:00,72887,555
2025-10-22 16:30:00,72887,594
2025-10-22 16:45:00,72887,516
2025-10-22 17:00:00,72887,533
2025-10-22 17:15:00,72887,527
2025-10-22 17:30:00,72887,525
2025-10-22 17:45:00,72887,511
2025-10-22 18:00:00,72887,515
2025-10-22 18:15:00,72887,527
2025-10-22 18:30:00,72887,500
2025-10-22 18:45:00,72887,576
2025-10-22 19:00:00,72887,514
2025-10-22 19:15:00,72887,487
2025-10-22 19:30:00,72887,478
2025-10-22 19:45:00,72887,461
2025-10-22 20:00:00,72887,434
2025-10-22 20:15:00,72887,416
2025-10-22 20:30:00,72887,384
2025-10-22 20:45:00,72887,400
2025-10-22 21:00:00,72887,390
2025-10-22 21:15:00,72887,356
2025-10-22 21:30:00,72887,334
2025-10-22 21:45:00,72887,335
2025-10-22 22:00:00,72887,239
2025-10-22 22:15:00,72887,282
2025-10-22 22:30:00,72887,249
2025-10-22 22:45:00,72887,246
2025-10-22 23:00:00,72887,236
2025-10-22 23:15:00,72887,253
2025-10-22 23:30:00,72887,229
2025-10-22 23:45:00,72887,235
2025-10-23 00:00:00,72887,213
2025-10-23 00:15:00,72887,212
2025-10-23 00:30:00,72887,180
2025-10-23 00:45:00,72887,194
2025-10-23 01:00:00,72887,158
2025-10-23 01:15:00,72887,147
2025-10-23 01:30:00,72887,140
2025-10-23 01:45:00,72887,113
2025-10-23 02:00:00,72887,92
2025-10-23 02:15:00,72887,88
2025-10-23 02:30:00,72887,89
2025-10-23 02:45:00,72887,84
2025-10-23 03:00:00,72887,81
2025-10-23 03:15:00,72887,69
2025-10-23 03:30:00,72887,73
2025-10-23 03:45:00,72887,85
2025-10-23 04:00:00,72887,110
2025-10-23 04:15:00,72887,129
2025-10-23 04:30:00,72887,116
2025-10-23 04:45:00,72887,138
2025-10-23 05:00:00,72887,172
2025-10-23 05:15:00,72887,197
2025-10-23 05:30:00,72887,237
2025-10-23 05:45:00,72887,267
2025-10-23 06:00:00,72887,295
2025-10-23 06:15:00,72887,354
2025-10-23 06:30:00,72887,385
2025-10-23 06:45:00,72887,417
2025-10-23 07:00:00,72887,430
2025-10-23 07:15:00,72887,531
2025-10-23 07:30:00,72887,575
2025-10-23 07:45:00,72887,563
2025-10-23 08:00:00,72887,618
2025-10-23 08:15:00,72887,517
2025-10-23 08:30:00,72887,545
2025-10-23 08:45:00,72887,501
2025-10-23 09:00:00,72887,483
2025-10-23 09:15:00,72887,439
2025-10-23 09:30:00,72887,462
2025-10-23 09:45:00,72887,422
2025-10-23 10:00:00,72887,472
2025-10-23 10:15:00,72887,428
2025-10-23 10:30:00,72887,417
2025-10-23 10:45:00,72887,421
2025-10-23 11:00:00,72887,401
2025-10-23 11:15:00,72887,433
2025-10-23 11:30:00,72887,463
2025-10-23 11:45:00,72887,423
2025-10-23 12:00:00,72887,417
2025-10-23 12:15:00,72887,471
2025-10-23 12:30:00,72887,462
2025-10-23 12:45:00,72887,451
2025-10-23 13:00:00,72887,470
2025-10-23 13:15:00,72887,482
2025-10-23 13:30:00,72887,494
2025-10-23 13:45:00,72887,501
2025-10-23 14:00:00,72887,529
2025-10-23 14:15:00,72887,547
2025-10-23 14:30:00,72887,558
2025-10-23 14:45:00,72887,505
2025-10-23 15:00:00,72887,546
2025-10-23 15:15:00,72887,594
2025-10-23 15:30:00,72887,571
2025-10-23 15:45:00,72887,520
2025-10-23 16:00:00,72887,569
2025-10-23 16:15:00,72887,511
2025-10-23 16:30:00,72887,528
2025-10-23 16:45:00,72887,495
2025-10-23 17:00:00,72887,540
2025-10-23 17:15:00,72887,507
2025-10-23 17:30:00,72887,559
2025-10-23 17:45:00,72887,494
2025-10-23 18:00:00,72887,499
2025-10-23 18:15:00,72887,522
2025-10-23 18:30:00,72887,551
2025-10-23 18:45:00,72887,520
2025-10-23 19:00:00,72887,521
2025-10-23 19:15:00,72887,495
2025-10-23 19:30:00,72887,467
2025-10-23 19:45:00,72887,445
2025-10-23 20:00:00,72887,449
2025-10-23 20:15:00,72887,414
2025-10-23 20:30:00,72887,454
2025-10-23 20:45:00,72887,447
2025-10-23 21:00:00,72887,430
2025-10-23 21:15:00,72887,379
2025-10-23 21:30:00,72887,366
2025-10-23 21:45:00,72887,378
2025-10-23 22:00:00,72887,403
2025-10-23 22:15:00,72887,346
2025-10-23 22:30:00,72887,370
2025-10-23 22:45:00,72887,415
2025-10-23 23:00:00,72887,347
2025-10-23 23:15:00,72887,353
2025-10-23 23:30:00,72887,348
2025-10-23 23:45:00,72887,349
2025-10-24 00:00:00,72887,300
2025-10-24 00:15:00,72887,258
2025-10-24 00:30:00,72887,271
2025-10-24 00:45:00,72887,267
2025-10-24 01:00:00,72887,235
2025-10-24 01:15:00,72887,206
2025-10-24 01:30:00,72887,178
2025-10-24 01:45:00,72887,174
2025-10-24 02:00:00,72887,168
2025-10-24 02:15:00,72887,154
2025-10-24 02:30:00,72887,137
2025-10-24 02:45:00,72887,154
2025-10-24 03:00:00,72887,127
2025-10-24 03:15:00,72887,130
2025-10-24 03:30:00,72887,118
2025-10-24 03:45:00,72887,122
2025-10-24 04:00:00,72887,139
2025-10-24 04:15:00,72887,154
2025-10-24 04:30:00,72887,149
2025-10-24 04:45:00,72887,171
2025-10-24 05:00:00,72887,223
2025-10-24 05:15:00,72887,257
2025-10-24 05:30:00,72887,319
2025-10-24 05:45:00,72887,340
2025-10-24 06:00:00,72887,416
2025-10-24 06:15:00,72887,406
2025-10-24 06:30:00,72887,425
2025-10-24 06:45:00,72887,453
2025-10-24 07:00:00,72887,475
2025-10-24 07:15:00,72887,532
2025-10-24 07:30:00,72887,601
2025-10-24 07:45:00,72887,572
2025-10-24 08:00:00,72887,583
2025-10-24 08:15:00,72887,562
2025-10-24 08:30:00,72887,495
2025-10-24 08:45:00,72887,469
2025-10-24 09:00:00,72887,454
2025-10-24 09:15:00,72887,430
2025-10-24 09:30:00,72887,422
2025-10-24 09:45:00,72887,414
2025-10-24 10:00:00,72887,482
2025-10-24 10:15:00,72887,417
2025-10-24 10:30:00,72887,457
2025-10-24 10:45:00,72887,410
2025-10-24 11:00:00,72887,455
2025-10-24 11:15:00,72887,413
2025-10-24 11:30:00,72887,406
2025-10-24 11:45:00,72887,419
2025-10-24 12:00:00,72887,431
2025-10-24 12:15:00,72887,418
2025-10-24 12:30:00,72887,431
2025-10-24 12:45:00,72887,494
2025-10-24 13:00:00,72887,487
2025-10-24 13:15:00,72887,432
2025-10-24 13:30:00,72887,472
2025-10-24 13:45:00,72887,471
2025-10-24 14:00:00,72887,447
2025-10-24 14:15:00,72887,490
2025-10-24 14:30:00,72887,473
2025-10-24 14:45:00,72887,514
2025-10-24 15:00:00,72887,550
2025-10-24 15:15:00,72887,561
2025-10-24 15:30:00,72887,510
2025-10-24 15:45:00,72887,561
2025-10-24 16:00:00,72887,588
2025-10-24 16:15:00,72887,537
2025-10-24 16:30:00,72887,595
2025-10-24 16:45:00,72887,547
2025-10-24 17:00:00,72887,551
2025-10-24 17:15:00,72887,519
2025-10-24 17:30:00,72887,555
2025-10-24 17:45:00,72887,536
2025-10-24 18:00:00,72887,502
2025-10-24 18:15:00,72887,556
2025-10-24 18:30:00,72887,475
2025-10-24 18:45:00,72887,516
2025-10-24 19:00:00,72887,492
2025-10-24 19:15:00,72887,512
2025-10-24 19:30:00,72887,446
2025-10-24 19:45:00,72887,471
2025-10-24 20:00:00,72887,462
2025-10-24 20:15:00,72887,458
2025-10-24 20:30:00,72887,476
2025-10-24 20:45:00,72887,433
2025-10-24 21:00:00,72887,417
2025-10-24 21:15:00,72887,406
2025-10-24 21:30:00,72887,402
2025-10-24 21:45:00,72887,416
2025-10-24 22:00:00,72887,465
2025-10-24 22:15:00,72887,485
2025-10-24 22:30:00,72887,482
2025-10-24 22:45:00,72887,458
2025-10-24 23:00:00,72887,462
2025-10-24 23:15:00,72887,454
2025-10-24 23:30:00,72887,457
2025-10-24 23:45:00,72887,455
2025-10-25 00:00:00,72887,429
2025-10-25 00:15:00,72887,428
2025-10-25 00:30:00,72887,429
2025-10-25 00:45:00,72887,316
2025-10-25 01:00:00,72887,288
2025-10-25 01:15:00,72887,278
2025-10-25 01:30:00,72887,286
2025-10-25 01:45:00,72887,260
2025-10-25 02:00:00,72887,225
2025-10-25 02:15:00,72887,185
2025-10-25 02:30:00,72887,194
2025-10-25 02:45:00,72887,162
2025-10-25 03:00:00,72887,167
2025-10-25 03:15:00,72887,154
2025-10-25 03:30:00,72887,111
2025-10-25 03:45:00,72887,83
2025-10-25 04:00:00,72887,78
2025-10-25 04:15:00,72887,76
2025-10-25 04:30:00,72887,89
2025-10-25 04:45:00,72887,115
2025-10-25 05:00:00,72887,125
2025-10-25 05:15:00,72887,145
2025-10-25 05:30:00,72887,163
2025-10-25 05:45:00,72887,176
2025-10-25 06:00:00,72887,192
2025-10-25 06:15:00,72887,230
2025-10-25 06:30:00,72887,223
2025-10-25 06:45:00,72887,212
2025-10-25 07:00:00,72887,235
2025-10-25 07:15:00,72887,251
2025-10-25 07:30:00,72887,264
2025-10-25 07:45:00,72887,296
2025-10-25 08:00:00,72887,291
2025-10-25 08:15:00,72887,380
2025-10-25 08:30:00,72887,343
2025-10-25 08:45:00,72887,376
2025-10-25 09:00:00,72887,413
2025-10-25 09:15:00,72887,425
2025-10-25 09:30:00,72887,442
2025-10-25 09:45:00,72887,410
2025-10-25 10:00:00,72887,519
2025-10-25 10:15:00,72887,470
2025-10-25 10:30:00,72887,510
2025-10-25 10:45:00,72887,440
2025-10-25 11:00:00,72887,478
2025-10-25 11:15:00,72887,445
2025-10-25 11:30:00,72887,484
2025-10-25 11:45:00,72887,509
2025-10-25 12:00:00,72887,459
2025-10-25 12:15:00,72887,513
2025-10-25 12:30:00,72887,468
2025-10-25 12:45:00,72887,476
2025-10-25 13:00:00,72887,473
2025-10-25 13:15:00,72887,469
2025-10-25 13:30:00,72887,443
2025-10-25 13:45:00,72887,488
2025-10-25 14:00:00,72887,458
2025-10-25 14:15:00,72887,497
2025-10-25 14:30:00,72887,487
2025-10-25 14:45:00,72887,488
2025-10-25 15:00:00,72887,481
2025-10-25 15:15:00,72887,536
2025-10-25 15:30:00,72887,498
2025-10-25 15:45:00,72887,484
2025-10-25 16:00:00,72887,495
2025-10-25 16:15:00,72887,543
2025-10-25 16:30:00,72887,469
2025-10-25 16:45:00,72887,483
2025-10-25 17:00:00,72887,499
2025-10-25 17:15:00,72887,477
2025-10-25 17:30:00,72887,521
2025-10-25 17:45:00,72887,473
2025-10-25 18:00:00,72887,484
2025-10-25 18:15:00,72887,526
2025-10-25 18:30:00,72887,461
2025-10-25 18:45:00,72887,487
2025-10-25 19:00:00,72887,445
2025-10-25 19:15:00,72887,470
2025-10-25 19:30:00,72887,477
2025-10-25 19:45:00,72887,515
2025-10-25 20:00:00,72887,441
2025-10-25 20:15:00,72887,473
2025-10-25 20:30:00,72887,459
2025-10-25 20:45:00,72887,435
2025-10-25 21:00:00,72887,491
2025-10-25 21:15:00,72887,471
2025-10-25 21:30:00,72887,441
2025-10-25 21:45:00,72887,422
2025-10-25 22:00:00,72887,448
2025-10-25 22:15:00,72887,455
2025-10-25 22:30:00,72887,389
2025-10-25 22:45:00,72887,443
2025-10-25 23:00:00,72887,409
2025-10-25 23:15:00,72887,429
2025-10-25 23:30:00,72887,405
2025-10-25 23:45:00,72887,412
2025-10-26 00:00:00,72887,397
2025-10-26 00:15:00,72887,386
2025-10-26 00:30:00,72887,323
2025-10-26 00:45:00,72887,345
2025-10-26 01:00:00,72887,357
2025-10-26 01:15:00,72887,318
2025-10-26 01:30:00,72887,269
2025-10-26 01:45:00,72887,290
2025-10-26 02:00:00,72887,288
2025-10-26 02:15:00,72887,262
2025-10-26 02:30:00,72887,255
2025-10-26 02:45:00,72887,233
2025-10-26 03:00:00,72887,249
2025-10-26 03:15:00,72887,227
2025-10-26 03:30:00,72887,201
2025-10-26 03:45:00,72887,246
2025-10-26 04:00:00,72887,302
2025-10-26 04:15:00,72887,279
2025-10-26 04:30:00,72887,245
2025-10-26 04:45:00,72887,228
2025-10-26 05:00:00,72887,201
2025-10-26 05:15:00,72887,205
2025-10-26 05:30:00,72887,169
2025-10-26 05:45:00,72887,131
2025-10-26 06:00:00,72887,135
2025-10-26 06:15:00,72887,135
2025-10-26 06:30:00,72887,126
2025-10-26 06:45:00,72887,123
2025-10-26 07:00:00,72887,128
2025-10-26 07:15:00,72887,140
2025-10-26 07:30:00,72887,152
2025-10-26 07:45:00,72887,186
2025-10-26 08:00:00,72887,169
2025-10-26 08:15:00,72887,194
2025-10-26 08:30:00,72887,228
2025-10-26 08:45:00,72887,214
2025-10-26 09:00:00,72887,250
2025-10-26 09:15:00,72887,238
2025-10-26 09:30:00,72887,295
2025-10-26 09:45:00,72887,285
2025-10-26 10:00:00,72887,330
2025-10-26 10:15:00,72887,325
2025-10-26 10:30:00,72887,321
2025-10-26 10:45:00,72887,349
2025-10-26 11:00:00,72887,363
2025-10-26 11:15:00,72887,403
2025-10-26 11:30:00,72887,365
2025-10-26 11:45:00,72887,450
2025-10-26 12:00:00,72887,424
2025-10-26 12:15:00,72887,485
2025-10-26 12:30:00,72887,457
2025-10-26 12:45:00,72887,501
2025-10-26 13:00:00,72887,482
2025-10-26 13:15:00,72887,496
2025-10-26 13:30:00,72887,482
2025-10-26 13:45:00,72887,500
2025-10-26 14:00:00,72887,520
2025-10-26 14:15:00,72887,480
2025-10-26 14:30:00,72887,527
2025-10-26 14:45:00,72887,491
2025-10-26 15:00:00,72887,507
2025-10-26 15:15:00,72887,532
2025-10-26 15:30:00,72887,507
2025-10-26 15:45:00,72887,499
2025-10-26 16:00:00,72887,505
2025-10-26 16:15:00,72887,508
2025-10-26 16:30:00,72887,473
2025-10-26 16:45:00,72887,468
2025-10-26 17:00:00,72887,494
2025-10-26 17:15:00,72887,480
2025-10-26 17:30:00,72887,546
2025-10-26 17:45:00,72887,432
2025-10-26 18:00:00,72887,494
2025-10-26 18:15:00,72887,484
2025-10-26 18:30:00,72887,435
2025-10-26 18:45:00,72887,462
2025-10-26 19:00:00,72887,434
2025-10-26 19:15:00,72887,415
2025-10-26 19:30:00,72887,396
2025-10-26 19:45:00,72887,490
2025-10-26 20:00:00,72887,402
2025-10-26 20:15:00,72887,435
2025-10-26 20:30:00,72887,381
2025-10-26 20:45:00,72887,425
2025-10-26 21:00:00,72887,431
2025-10-26 21:15:00,72887,342
2025-10-26 21:30:00,72887,443
2025-10-26 21:45:00,72887,331
2025-10-26 22:00:00,72887,335
2025-10-26 22:15:00,72887,342
2025-10-26 22:30:00,72887,337
2025-10-26 22:45:00,72887,342
2025-10-26 23:00:00,72887,333
2025-10-26 23:15:00,72887,309
2025-10-26 23:30:00,72887,288
2025-10-26 23:45:00,72887,299
2025-10-27 00:00:00,72887,241
2025-10-27 00:15:00,72887,236
2025-10-27 00:30:00,72887,261
2025-10-27 00:45:00,72887,238
2025-10-27 01:00:00,72887,182
2025-10-27 01:15:00,72887,193
2025-10-27 01:30:00,72887,173
2025-10-27 01:45:00,72887,162
2025-10-27 02:00:00,72887,175
2025-10-27 02:15:00,72887,157
2025-10-27 02:30:00,72887,136
2025-10-27 02:45:00,72887,113
2025-10-27 03:00:00,72887,122
2025-10-27 03:15:00,72887,131
2025-10-27 03:30:00,72887,108
2025-10-27 03:45:00,72887,103
2025-10-27 04:00:00,72887,99
2025-10-27 04:15:00,72887,104
2025-10-27 04:30:00,72887,135
2025-10-27 04:45:00,72887,139
2025-10-27 05:00:00,72887,126
2025-10-27 05:15:00,72887,142
2025-10-27 05:30:00,72887,174
2025-10-27 05:45:00,72887,305
2025-10-27 06:00:00,72887,300
2025-10-27 06:15:00,72887,306
2025-10-27 06:30:00,72887,305
2025-10-27 06:45:00,72887,391
2025-10-27 07:00:00,72887,421
2025-10-27 07:15:00,72887,450
2025-10-27 07:30:00,72887,530
2025-10-27 07:45:00,72887,572
2025-10-27 08:00:00,72887,559
2025-10-27 08:15:00,72887,527
2025-10-27 08:30:00,72887,484
2025-10-27 08:45:00,72887,466
2025-10-27 09:00:00,72887,403
2025-10-27 09:15:00,72887,398
2025-10-27 09:30:00,72887,346
2025-10-27 09:45:00,72887,359
2025-10-27 10:00:00,72887,383
2025-10-27 10:15:00,72887,361
2025-10-27 10:30:00,72887,362
2025-10-27 10:45:00,72887,346
2025-10-27 11:00:00,72887,384
2025-10-27 11:15:00,72887,385
2025-10-27 11:30:00,72887,365
2025-10-27 11:45:00,72887,384
2025-10-27 12:00:00,72887,408
2025-10-27 12:15:00,72887,398
2025-10-27 12:30:00,72887,395
2025-10-27 12:45:00,72887,442
2025-10-27 13:00:00,72887,437
2025-10-27 13:15:00,72887,443
2025-10-27 13:30:00,72887,445
2025-10-27 13:45:00,72887,422
2025-10-27 14:00:00,72887,460
2025-10-27 14:15:00,72887,459
2025-10-27 14:30:00,72887,487
2025-10-27 14:45:00,72887,480
2025-10-27 15:00:00,72887,504
2025-10-27 15:15:00,72887,459
2025-10-27 15:30:00,72887,476
2025-10-27 15:45:00,72887,475
2025-10-27 16:00:00,72887,513
2025-10-27 16:15:00,72887,504
2025-10-27 16:30:00,72887,533
2025-10-27 16:45:00,72887,540
2025-10-27 17:00:00,72887,504
2025-10-27 17:15:00,72887,549
2025-10-27 17:30:00,72887,505
2025-10-27 17:45:00,72887,503
2025-10-27 18:00:00,72887,475
2025-10-27 18:15:00,72887,436
2025-10-27 18:30:00,72887,420
2025-10-27 18:45:00,72887,426
2025-10-27 19:00:00,72887,386
2025-10-27 19:15:00,72887,431
2025-10-27 19:30:00,72887,382
2025-10-27 19:45:00,72887,368
2025-10-27 20:00:00,72887,332
2025-10-27 20:15:00,72887,330
2025-10-27 20:30:00,72887,351
2025-10-27 20:45:00,72887,289
2025-10-27 21:00:00,72887,325
2025-10-27 21:15:00,72887,290
2025-10-27 21:30:00,72887,273
2025-10-27 21:45:00,72887,308
2025-10-27 22:00:00,72887,264
2025-10-27 22:15:00,72887,260
2025-10-27 22:30:00,72887,249
2025-10-27 22:45:00,72887,287
2025-10-27 23:00:00,72887,272
2025-10-27 23:15:00,72887,259
2025-10-27 23:30:00,72887,240
2025-10-27 23:45:00,72887,227
